precinct,gen_con_CASTLE,gen_dem_CLINTON,gen_grn_STEIN,gen_ind_FOX,gen_ind_FUENTE,gen_ind_HOEFLING,gen_ind_KENISTON,gen_ind_KOTLIKOFF,gen_ind_MALDONADO,gen_ind_MATUREN,gen_ind_MCMULLIN,gen_ind_MOOREHEAD,gen_ind_SCHOENKE,gen_ind_SOLTYSIK,gen_lib_JOHNSON,gen_rep_TRUMP
BROWNCITY OF DE PERE WARDS 1-4,9,1645,30,0,0,2,0,0,0,1,4,2,0,0,136,1698
BROWNCITY OF DE PERE WARDS 16-17,0,2,0,0,0,0,0,0,0,0,0,0,0,0,0,5
"BROWNCITY OF DE PERE WARDS 9,18",1,285,9,0,0,0,0,0,0,0,5,0,0,0,25,312
"BROWNTOWN OF LEDGEVIEW WARDS 1-3,8-10",6,851,14,0,1,0,0,0,0,0,7,2,0,0,100,1315
BROWNVILLAGE OF HOBART WARD 9,0,0,0,0,0,0,0,0,0,0,0,0,0,0,0,0
BROWNVILLAGE OF HOBART WARDS 1-8,16,1701,46,0,1,0,0,0,0,0,1,3,0,0,166,2623
BROWNVILLAGE OF HOWARD WARD 5,0,129,2,0,0,0,0,0,0,0,0,0,0,0,15,229
BROWNVILLAGE OF HOWARD WARD 7,4,239,3,0,0,0,0,0,0,0,0,0,0,0,22,406
BROWNVILLAGE OF HOWARD WARDS 13-14,7,382,6,0,0,0,0,0,0,0,1,0,0,0,37,678
BROWNVILLAGE OF HOWARD WARDS 15-16,5,490,12,0,0,0,0,0,0,0,0,0,0,0,49,908
"BROWNVILLAGE OF HOWARD WARDS 2,8,11",7,944,16,0,0,0,0,0,0,0,8,1,0,0,80,1408
"BROWNVILLAGE OF HOWARD WARDS 3-4,6",1,556,22,0,0,0,0,0,0,0,0,2,0,0,54,691
COLUMBIACITY OF COLUMBUS WARDS 1-8,12,1380,47,0,0,0,0,0,0,1,18,3,0,0,130,1089
COLUMBIACITY OF WISCONSIN DELLS WARD 11,0,0,0,0,0,0,0,0,0,0,0,0,0,0,0,0
"COLUMBIACITY OF WISCONSIN DELLS WARDS 1-3,6",1,507,22,0,0,0,0,0,0,0,2,1,0,0,31,536
DANECITY OF FITCHBURG WARDS 1-4,9,1826,35,0,2,0,0,0,0,0,15,1,0,0,82,372
DANECITY OF FITCHBURG WARDS 10-13,4,1914,30,0,1,0,0,0,0,1,14,1,0,0,86,382
"DANECITY OF FITCHBURG WARDS 15,18-19",6,1877,17,0,3,0,0,0,0,0,14,0,0,0,89,636
DANECITY OF FITCHBURG WARDS 16-17,2,758,18,0,1,0,0,0,0,0,0,3,0,0,43,361
DANECITY OF MADISON WARD 137,0,0,0,0,0,0,0,0,0,0,0,0,0,0,0,0
DANECITY OF MADISON WARD 138,0,1,0,0,0,0,0,0,0,0,0,0,0,0,0,0
DANECITY OF MIDDLETON WARDS 19-20,0,0,0,0,0,0,0,0,0,0,0,0,0,0,0,0
DANECITY OF STOUGHTON WARD 9,0,0,0,0,0,0,0,0,0,0,0,0,0,0,0,0
DANECITY OF STOUGHTON WARDS 10-11,0,0,0,0,0,0,0,0,0,0,0,0,0,0,0,0
DANECITY OF STOUGHTON WARDS 7-8,3,1153,24,0,1,0,0,0,0,0,6,2,0,0,47,612
DANECITY OF SUN PRAIRIE WARDS 20-21,0,0,0,0,0,0,0,0,0,0,0,0,0,0,0,0
DANECITY OF VERONA WARDS 2-4,6,1455,33,0,0,1,0,0,0,2,9,0,0,0,76,563
"DANETOWN OF COTTAGE GROVE WARDS 1-2,4-5,7",3,849,10,0,0,0,0,0,0,0,0,1,0,0,62,596
DANETOWN OF CROSS PLAINS WARD 1-2,9,498,15,0,0,0,0,0,0,0,3,0,0,0,34,394
DANETOWN OF CROSS PLAINS WARD 3,0,0,0,0,0,0,0,0,0,0,0,0,0,0,0,0
"DANETOWN OF DUNKIRK WARD 2,4,6",3,244,3,0,1,0,0,0,0,0,3,0,0,0,12,171
DANETOWN OF VERONA WARD 1,1,225,5,0,0,0,0,0,0,0,2,0,0,0,13,172
DANETOWN OF VERONA WARDS 2-4,1,532,5,0,1,0,0,0,0,0,2,0,0,1,26,289
DANEVILLAGE OF BROOKLYN WARD 1,2,331,9,0,0,0,0,0,0,0,1,0,0,0,20,157
DANEVILLAGE OF BROOKLYN WARD 3,0,0,0,0,0,0,0,0,0,0,0,0,0,0,0,0
DANEVILLAGE OF CROSS PLAINS WARD 5,0,0,0,0,0,0,0,0,0,0,0,0,0,0,0,0
DANEVILLAGE OF DEFOREST WARD 11,3,279,4,0,0,0,0,0,0,0,1,0,0,0,18,158
DANEVILLAGE OF DEFOREST WARD 13,0,0,0,0,0,0,0,0,0,0,0,0,0,0,0,0
DANEVILLAGE OF DEFOREST WARD 2,0,214,4,0,1,0,1,0,0,0,0,0,0,0,19,105
"DANEVILLAGE OF DEFOREST WARD 7-10,12",12,1098,15,0,0,0,0,0,0,0,12,3,0,0,84,624
"DANEVILLAGE OF DEFOREST WARDS 14,16-17",0,0,0,0,0,0,0,0,0,0,0,0,0,0,0,0
DANEVILLAGE OF WINDSOR WARDS 1-2,0,229,3,0,0,0,0,0,0,0,1,0,0,0,19,177
DANEVILLAGE OF WINDSOR WARDS 3-5,8,669,8,0,0,0,0,0,0,0,2,1,0,0,47,579
DANEVILLAGE OF WINDSOR WARDS 6-10,12,1420,25,0,3,0,0,0,0,0,4,2,0,0,105,921
DODGETOWN OF LOWELL WARDS 1-2,0,70,0,0,0,0,0,0,0,0,2,0,0,0,7,202
DODGETOWN OF LOWELL WARDS 3-4,0,82,2,0,0,0,0,0,0,0,1,0,0,0,8,201
DODGETOWN OF WESTFORD WARD 4,0,0,0,0,0,0,0,0,0,0,0,0,0,0,0,0
DODGETOWN OF WESTFORD WARDS 1-2,4,250,4,0,0,0,0,0,0,0,0,1,0,0,20,436
FOND DU LACCITY OF WAUPUN WARD 9B,0,0,0,0,0,0,0,0,0,0,0,0,0,0,0,0
FOND DU LACTOWN OF CALUMET WARD 1,1,148,0,0,1,0,0,0,0,0,3,1,0,0,17,339
FOND DU LACTOWN OF CALUMET WARD 2,0,81,2,0,0,0,0,0,0,0,1,1,0,0,23,225
FOND DU LACTOWN OF FOND DU LAC WARD 1A,0,0,0,0,0,0,0,0,0,0,0,0,0,0,0,0
FOND DU LACTOWN OF ROSENDALE WARD 1,2,99,4,0,0,0,0,0,0,0,2,0,0,0,12,284
GREENTOWN OF MOUNT PLEASANT WARD 1,2,64,2,0,0,0,0,0,0,0,0,0,0,0,3,61
GREENTOWN OF MOUNT PLEASANT WARDS 2-3,0,87,4,0,0,0,0,0,0,0,0,0,0,0,7,97
IRONCITY OF HURLEY WARD 2,1,79,0,0,0,0,0,0,0,0,0,0,0,0,3,117
IRONCITY OF HURLEY WARD 3,0,43,1,0,0,0,0,0,0,0,0,0,0,0,6,76
IRONCITY OF HURLEY WARD 4,1,70,2,0,0,0,0,0,0,0,0,0,0,0,4,100
JEFFERSONCITY OF WATERTOWN WARD 19,0,0,0,0,0,0,0,0,0,0,0,0,0,0,0,0
JEFFERSONCITY OF WATERTOWN WARD 8,1,144,4,0,0,0,0,0,0,0,4,0,0,0,12,210
JEFFERSONTOWN OF KOSHKONONG WARDS 2-5,5,677,13,0,2,0,0,0,0,0,0,2,0,0,51,1079
KENOSHATOWN OF SOMERS WARD 1,0,13,0,0,0,0,0,0,0,0,0,0,0,0,0,14
KENOSHATOWN OF SOMERS WARD 2,0,217,0,0,0,0,0,0,0,0,8,0,0,0,0,282
KENOSHAVILLAGE OF SOMERS WARD 12,3,142,1,0,0,0,0,0,0,0,1,0,0,0,13,288
LA CROSSETOWN OF SHELBY WARD 1-4,12,880,25,0,3,0,0,0,0,0,4,0,0,0,64,828
LA CROSSETOWN OF SHELBY WARD 5-6,2,647,6,0,0,0,0,0,0,0,0,0,0,0,33,471
"MANITOWOCCITY OF MANITOWOC WARDS 17-18,21,23-26",11,615,13,0,1,0,0,0,0,0,3,3,0,0,59,729
"MANITOWOCCITY OF MANITOWOC WARDS 19-20,27",14,730,10,0,4,0,0,0,0,0,9,1,0,0,73,1177
"MANITOWOCCITY OF MANITOWOC WARDS 3-4,22",9,643,16,0,0,0,0,0,0,0,12,1,0,0,57,778
MANITOWOCTOWN OF MEEME WARDS 2-3,2,99,0,0,0,0,0,0,0,0,0,0,0,0,12,231
MARATHONCITY OF ABBOTSFORD WARD 1,0,54,0,0,0,0,0,0,0,0,0,0,0,0,4,82
MARATHONCITY OF ABBOTSFORD WARD 6,0,4,0,0,0,0,0,0,0,0,0,0,0,0,0,3
MARATHONVILLAGE OF DORCHESTER WARD 3,0,0,0,0,0,0,0,0,0,0,0,0,0,0,0,0
MILWAUKEECITY OF GLENDALE WARD 11S,0,213,4,0,0,0,0,0,0,0,0,0,0,0,13,45
MILWAUKEECITY OF GLENDALE WARD 8,2,305,2,0,0,0,0,0,0,0,0,0,0,0,5,164
"MILWAUKEEVILLAGE OF BAYSIDE WARDS 1,3",2,610,2,0,0,0,0,0,0,0,6,0,0,0,24,316
MONROECITY OF SPARTA WARD 19,0,0,0,0,0,0,0,0,0,0,0,0,0,0,0,0
MONROECITY OF TOMAH WARD 5B,0,0,0,0,0,0,0,0,0,0,0,0,0,0,0,0
"MONROECITY OF TOMAH WARDS 17,19-20",0,1,0,0,0,0,0,0,0,0,0,0,0,0,0,0
MONROECITY OF TOMAH WARDS 7-11,10,517,24,0,0,0,0,0,0,0,8,1,0,0,70,759
OCONTOCITY OF OCONTO FALLS WARD 6,0,0,0,0,0,0,0,0,0,0,0,0,0,0,0,0
OCONTOCITY OF OCONTO FALLS WARDS 1-5,7,375,9,0,0,0,0,0,0,1,1,0,0,0,53,783
"OUTAGAMIETOWN OF GRAND CHUTE WARDS 4-6,9-10",20,1240,36,0,3,0,0,0,0,1,8,3,0,0,119,1467
OUTAGAMIETOWN OF GRAND CHUTE WARDS 7-8,4,394,19,0,0,0,0,0,0,0,2,0,0,1,49,448
OUTAGAMIETOWN OF GREENVILLE WARD 6,1,56,1,0,0,0,0,0,0,0,1,0,0,0,12,158
"OUTAGAMIETOWN OF GREENVILLE WARDS 1-3,5,7-8",26,1522,32,0,4,0,0,0,0,0,11,2,0,0,214,3325
"OUTAGAMIETOWN OF GREENVILLE WARDS 4,9",3,381,4,0,0,0,0,0,0,0,4,1,0,0,39,743
"OUTAGAMIEVILLAGE OF LITTLE CHUTE WARDS 1,4-5,14",9,574,5,0,0,0,0,0,0,0,7,0,0,0,66,824
"OUTAGAMIEVILLAGE OF LITTLE CHUTE WARDS 2,6,8,12-13",11,424,6,0,1,0,0,0,0,0,4,2,0,0,52,519
"OUTAGAMIEVILLAGE OF LITTLE CHUTE WARDS 3,9-11",9,752,20,0,2,0,0,0,0,0,8,0,0,0,85,1056
OUTAGAMIEVILLAGE OF WRIGHTSTOWN WARD 4,1,34,1,0,0,0,0,0,0,0,1,0,0,0,5,75
OUTAGAMIEVILLAGE OF WRIGHTSTOWN WARD 5,0,0,0,0,0,0,0,0,0,0,0,0,0,0,0,0
OZAUKEECITY OF MEQUON WARD 1,3,620,8,0,2,0,0,0,0,0,10,0,0,0,51,692
OZAUKEECITY OF MEQUON WARD 2,1,157,1,0,0,0,0,0,0,0,3,0,0,0,20,320
OZAUKEECITY OF MEQUON WARDS 6-7A,1,451,5,0,2,0,0,0,0,1,13,0,0,0,54,749
POLKVILLAGE OF TURTLE LAKE WARD 2B,0,0,0,0,0,0,0,0,0,0,0,0,0,0,0,0
PORTAGECITY OF STEVENS POINT WARDS 22-24,2,749,18,0,1,0,0,0,0,0,4,0,0,0,60,555
PORTAGECITY OF STEVENS POINT WARDS 31-33,2,645,34,0,2,0,0,0,0,0,2,0,0,0,86,410
"PORTAGECITY OF STEVENS POINT WARDS 34,42",0,0,0,0,0,0,0,0,0,0,0,0,0,0,0,0
"PORTAGECITY OF STEVENS POINT WARDS 37,39",0,2,0,0,0,0,0,0,0,0,0,0,0,0,0,0
PORTAGETOWN OF GRANT WARD 3,0,65,2,0,0,0,0,0,0,0,0,0,0,0,3,157
PORTAGETOWN OF HULL WARDS 4-5,3,429,11,0,0,0,0,0,0,0,4,0,0,0,41,532
RACINETOWN OF BURLINGTON WARD 11,0,125,2,0,0,0,0,0,0,0,1,0,0,0,14,249
RACINETOWN OF BURLINGTON WARDS 8-10,6,325,6,0,0,0,0,0,0,0,6,1,0,0,33,610
RACINEVILLAGE OF CALEDONIA WARD 20,1,211,4,0,0,0,0,0,0,0,5,0,0,0,9,310
RACINEVILLAGE OF CALEDONIA WARD 3S,0,0,0,0,0,0,0,0,0,0,0,0,0,0,0,0
RACINEVILLAGE OF CALEDONIA WARDS 6-8,10,902,26,0,1,0,0,0,0,0,16,0,0,0,65,1084
RACINEVILLAGE OF MOUNT PLEASANT WARD 5,2,377,7,0,0,0,0,0,0,0,9,2,0,0,36,366
"RACINEVILLAGE OF MOUNT PLEASANT WARDS 18,23",3,488,1,0,1,0,0,0,0,0,0,0,0,0,14,261
RACINEVILLAGE OF MOUNT PLEASANT WARDS 6-8,9,914,12,0,0,0,0,0,0,0,11,0,0,0,75,930
RICHLANDTOWN OF BUENA VISTA WARD 4,0,1,0,0,0,0,0,0,0,0,0,0,0,0,0,4
ROCKTOWN OF BELOIT WARD 11,0,99,2,0,0,0,0,0,0,0,0,0,0,0,11,116
ROCKTOWN OF BELOIT WARDS 7-10,7,675,20,0,1,0,0,0,0,0,2,1,0,0,70,807
ROCKTOWN OF HARMONY WARD 6,1,1,0,0,0,0,0,0,0,0,0,0,0,0,0,0
ROCKTOWN OF HARMONY WARDS 2-5,10,479,10,0,0,0,0,0,0,0,0,0,0,0,25,528
ROCKTOWN OF ROCK WARD 8,0,0,0,0,0,0,0,0,0,0,0,0,0,0,0,0
SAUKCITY OF WISCONSIN DELLS WARD 4,0,38,3,0,0,0,0,0,0,0,0,0,0,0,4,41
"SAUKCITY OF WISCONSIN DELLS WARDS 8,10",0,0,0,0,0,0,0,0,0,0,0,0,0,0,2,1
ST. CROIXCITY OF NEW RICHMOND WARDS 7-12,15,856,19,0,8,0,0,0,0,0,5,2,0,0,111,1128
ST. CROIXTOWN OF RICHMOND WARDS 1-2,4,300,11,0,0,0,0,0,0,0,4,0,0,0,52,606
ST. CROIXTOWN OF RICHMOND WARDS 3-5,6,275,18,0,1,0,0,0,0,0,2,0,0,0,65,544
WALWORTHCITY OF DELAVAN WARD 15,0,0,0,0,0,0,0,0,0,0,0,0,0,0,0,0
WALWORTHCITY OF ELKHORN WARD 8,0,0,0,0,0,0,0,0,0,0,0,0,0,0,0,0
WALWORTHCITY OF WHITEWATER WARD 7,3,486,16,0,3,0,0,0,0,0,5,0,0,0,81,343
WALWORTHCITY OF WHITEWATER WARDS 8-9,0,471,17,0,0,0,0,0,0,0,3,1,0,0,77,336
WALWORTHTOWN OF EAST TROY WARD 1,1,116,2,0,0,0,0,0,0,0,4,0,0,0,12,359
WALWORTHTOWN OF EAST TROY WARDS 2-3,3,225,9,0,1,0,0,0,0,0,6,1,0,0,21,573
WALWORTHTOWN OF EAST TROY WARDS 4-6,6,289,6,0,0,0,0,0,0,0,1,1,0,0,39,745
WASHINGTONCITY OF HARTFORD WARDS 1-2,3,300,6,0,1,0,0,0,0,0,14,1,0,0,48,702
WASHINGTONCITY OF HARTFORD WARDS 3-5,6,378,11,0,0,0,0,0,0,0,10,0,0,0,50,844
WASHINGTONCITY OF HARTFORD WARDS 7-8,3,85,1,0,0,0,0,0,0,0,2,0,0,0,10,199
WASHINGTONCITY OF WEST BEND WARD 29,0,0,0,0,0,0,0,0,0,0,0,0,0,0,0,0
"WASHINGTONCITY OF WEST BEND WARDS 11-14,28",8,604,15,0,2,0,0,0,0,0,16,1,0,0,71,1062
"WASHINGTONCITY OF WEST BEND WARDS 25,27",0,0,0,0,0,0,0,0,0,0,0,0,0,0,0,2
WASHINGTONCITY OF WEST BEND WARDS 30-31,0,0,0,0,0,0,0,0,0,0,0,0,0,0,0,0
"WASHINGTONCITY OF WEST BEND WARDS 9-10,32",14,614,18,0,0,0,0,0,0,0,15,2,0,0,84,1166
WASHINGTONTOWN OF TRENTON WARDS 3-7,8,525,7,0,0,0,0,0,0,0,5,0,0,0,72,1646
WASHINGTONVILLAGE OF JACKSON WARDS 1-9,18,1028,26,0,0,0,0,0,0,0,7,0,0,0,161,2632
WASHINGTONVILLAGE OF RICHFIELD WARD 4,4,168,2,0,0,0,0,0,0,0,11,0,0,0,25,634
WAUKESHACITY OF DELAFIELD WARDS 1-14,15,1495,16,0,1,0,0,0,0,4,43,0,0,0,165,2624
WAUKESHATOWN OF LISBON WARD 3,1,193,5,0,2,0,0,0,0,0,5,0,0,0,16,492
"WAUKESHATOWN OF LISBON WARDS 1,6",5,540,16,0,2,0,0,0,0,0,0,1,0,0,73,1482
"WAUKESHATOWN OF MUKWONAGO WARDS 1,7-8",5,313,14,0,0,0,0,0,0,0,2,2,0,0,38,854
"WAUKESHATOWN OF OCONOMOWOC WARDS 5,8-9",1,439,5,0,0,0,0,0,0,0,8,1,0,0,56,1257
WAUKESHAVILLAGE OF MERTON WARDS 1-4,6,429,11,0,0,0,0,0,0,0,8,0,0,0,65,1402
WAUKESHAVILLAGE OF SUMMIT WARD 2-5,6,627,11,0,0,0,0,0,0,0,14,0,0,0,77,1246
WAUKESHAVILLAGE OF SUSSEX WARD 9,0,2,0,0,0,0,0,0,0,0,0,0,0,0,2,8
WAUPACACITY OF CLINTONVILLE WARD 8,0,0,0,0,0,0,0,0,0,0,0,0,0,0,0,1
WINNEBAGOCITY OF MENASHA WARD 1B,0,0,0,0,0,0,0,0,0,0,0,0,0,0,0,0
WINNEBAGOCITY OF MENASHA WARD 5B,0,0,0,0,0,0,0,0,0,0,0,0,0,0,0,0
"WINNEBAGOVILLAGE OF FOX CROSSING WARDS 1-2,4,7",21,1282,35,0,1,0,0,0,0,0,14,1,0,0,168,1765
"WINNEBAGOVILLAGE OF FOX CROSSING WARDS 3,5-6",19,1019,28,0,1,0,0,0,0,0,18,0,0,0,157,1461
"WOODCITY OF MARSHFIELD WARDS 9,18",7,342,21,0,0,0,1,0,0,0,1,1,0,0,45,403
