precinct,pri_rep_BUSH,pri_rep_CARSON,pri_rep_CHRISTIE,pri_rep_CRUZ,pri_rep_FIORINA,pri_rep_GRAHAM,pri_rep_HUCKABEE,pri_rep_KASICH,pri_rep_MESSINA,pri_rep_PAUL,pri_rep_RUBIO,pri_rep_SANTORUM,pri_rep_TRUMP,gen_con_COPELAND,gen_dem_CLINTON,gen_ind_CASTLE,gen_ind_FUENTE,gen_ind_MCMULLIN,gen_ind_STEIN,gen_lib_JOHNSON,gen_rep_TRUMP,dem_primary_total,general_total
ADA1401,0,5,1,219,0,0,0,35,0,0,66,1,139,0,206,4,0,63,10,35,857,0,1175
ADA1402,0,6,0,192,0,0,0,53,0,3,73,0,160,2,292,3,1,86,8,49,796,0,1237
ADA1403,1,3,0,75,1,0,0,26,0,0,18,0,53,2,121,2,1,41,5,18,289,0,479
ADA1404,1,12,2,310,0,0,1,44,0,4,78,0,239,2,317,13,7,148,13,79,1290,0,1869
ADA1405,1,5,0,211,1,0,1,32,0,3,71,0,224,3,331,8,3,90,9,54,994,0,1492
ADA1406,2,7,1,357,3,0,0,80,0,2,159,1,265,5,549,7,8,136,9,74,1691,0,2479
ADA1407,2,3,1,126,0,0,2,48,0,2,66,0,134,3,305,9,3,59,6,31,656,0,1072
ADA1408,3,4,1,172,1,0,1,56,0,1,79,0,119,1,474,4,1,99,6,57,726,0,1368
ADA1409,2,6,1,187,2,0,0,69,0,0,96,1,133,2,394,3,1,73,18,47,713,0,1251
ADA1410,0,5,2,120,0,0,2,50,0,0,48,0,123,2,470,10,1,59,30,61,648,0,1281
ADA1411,0,8,0,163,0,0,0,54,0,2,66,0,129,1,451,6,0,67,17,69,801,0,1412
ADA1412,1,4,0,91,0,0,1,12,0,0,44,0,72,3,139,3,0,40,10,17,400,0,612
ADA1413,1,10,0,340,2,0,1,91,0,3,145,0,252,5,728,5,0,264,13,92,1683,0,2790
ADA1414,2,9,1,314,1,0,0,38,0,2,118,0,186,4,456,4,1,209,25,95,1280,0,2074
ADA1415,0,8,1,197,0,0,0,79,0,2,91,0,200,4,277,3,2,93,7,47,870,0,1303
ADA1416,0,1,3,166,0,0,0,85,0,0,90,0,195,3,446,2,0,89,4,58,1009,0,1611
ADA1417,1,11,1,229,0,0,2,29,0,2,54,0,137,1,293,11,2,91,10,73,903,0,1384
ADA1418,4,7,4,300,0,0,3,64,0,1,123,0,205,9,464,8,4,96,11,64,1213,0,1869
ADA1419,2,11,0,164,0,0,0,18,0,0,44,1,102,3,320,3,4,69,9,66,677,0,1151
ADA1501,0,10,1,250,0,0,1,71,0,0,129,1,138,1,641,10,5,180,21,82,888,0,1828
ADA1502,4,14,2,228,0,0,0,59,0,1,88,0,122,1,559,3,3,122,12,72,789,0,1561
ADA1503,2,12,1,172,2,0,0,41,0,1,58,0,129,5,477,8,1,69,15,42,631,0,1248
ADA1504,1,14,1,290,1,0,0,40,0,3,99,1,146,6,733,11,0,162,27,95,1006,0,2040
ADA1505,0,11,0,144,1,0,0,28,0,1,45,2,85,7,393,3,1,82,17,55,581,0,1139
ADA1506,0,4,0,172,2,0,1,34,0,0,79,0,81,5,486,12,2,80,29,62,597,0,1273
ADA1507,0,5,1,166,0,0,1,32,0,3,58,0,125,3,439,11,7,103,19,85,687,0,1354
ADA1508,0,4,1,138,0,0,1,51,0,1,69,0,105,6,481,7,1,86,20,53,640,0,1294
ADA1509,2,1,0,199,1,1,0,30,0,3,70,0,115,4,727,6,6,82,35,128,943,0,1931
ADA1510,1,5,1,72,1,0,0,13,0,1,22,0,87,4,389,9,4,31,17,85,490,0,1029
ADA1511,3,4,0,95,0,0,0,12,0,0,34,2,67,3,341,0,1,44,21,45,451,0,906
ADA1512,2,5,1,64,0,0,0,12,0,1,24,0,76,3,343,4,4,42,21,72,422,0,911
ADA1513,2,3,1,95,0,0,0,16,0,0,26,0,72,2,386,3,3,44,22,71,506,0,1037
ADA1514,0,4,0,102,0,0,0,39,0,0,46,0,77,6,340,10,3,69,18,58,504,0,1008
ADA1515,1,3,0,80,0,0,0,20,0,1,32,1,62,1,229,1,1,32,7,45,404,0,720
ADA1601,0,4,1,149,1,0,0,92,0,0,93,1,188,2,890,5,1,54,18,77,859,0,1906
ADA1602,5,3,0,89,0,1,1,65,0,1,63,0,84,2,738,5,2,65,29,82,545,0,1468
ADA1603,2,3,0,141,0,0,2,60,1,0,46,0,88,1,1004,7,3,81,42,128,612,0,1878
ADA1604,4,8,0,84,0,0,1,18,0,1,47,0,73,3,700,8,3,43,28,62,423,0,1270
ADA1605,0,2,1,65,0,0,0,18,0,0,27,0,51,4,668,4,2,42,60,81,350,0,1211
ADA1606,0,3,0,60,0,0,0,17,0,0,11,0,38,3,682,2,4,33,38,65,286,0,1113
ADA1607,2,5,0,184,1,1,1,62,0,2,75,1,141,7,637,11,5,88,26,63,729,0,1566
ADA1608,0,4,0,75,3,0,2,17,0,0,10,0,71,4,456,9,8,32,27,71,491,0,1098
ADA1609,1,14,0,151,0,0,0,44,0,4,37,0,104,0,452,12,5,72,22,67,612,0,1242
ADA1610,0,8,2,157,0,0,1,36,0,1,67,0,117,3,672,9,5,116,33,111,723,0,1672
ADA1611,0,4,0,122,0,0,0,69,0,1,66,0,95,1,609,12,4,99,19,41,587,0,1372
ADA1612,2,2,0,65,0,0,0,10,0,2,28,0,58,7,325,8,2,42,16,47,332,0,779
ADA1613,1,3,0,114,1,0,2,48,0,1,51,0,83,4,566,17,2,59,29,58,483,0,1218
ADA1614,5,4,0,84,0,0,1,21,0,2,51,0,76,4,511,3,0,83,27,63,469,0,1160
ADA1615,1,7,0,97,0,0,0,22,0,0,52,0,95,1,766,5,6,79,33,111,547,0,1548
ADA1701,0,5,0,99,0,0,0,24,0,0,41,1,82,5,515,1,8,66,28,65,527,0,1215
ADA1702,0,7,0,139,0,0,1,27,0,3,36,1,103,9,507,14,2,91,37,77,574,0,1311
ADA1703,1,3,0,81,0,0,0,27,0,4,37,0,69,2,496,5,1,39,28,65,478,0,1114
ADA1704,3,3,2,57,0,0,2,35,0,0,19,0,40,2,587,5,3,18,32,71,315,0,1033
ADA1705,1,3,0,75,0,1,0,24,0,3,31,0,56,2,527,18,2,58,44,69,353,0,1073
ADA1706,0,4,0,88,1,0,0,16,1,0,49,0,76,4,695,6,2,73,51,88,454,0,1373
ADA1707,0,1,0,42,0,0,0,24,0,0,25,0,56,2,557,7,0,35,42,76,268,0,987
ADA1708,0,2,0,85,1,0,0,32,0,2,52,2,80,6,775,17,4,61,42,84,470,0,1459
ADA1709,1,4,0,49,0,0,0,25,0,1,30,0,54,1,691,4,7,50,27,82,306,0,1168
ADA1710,2,3,0,26,0,0,0,17,0,1,32,0,31,2,489,8,1,24,23,100,274,0,921
ADA1711,0,1,0,45,0,0,0,7,0,3,26,1,19,4,477,6,0,24,34,84,216,0,845
ADA1712,2,3,0,76,0,0,0,34,0,1,42,1,59,6,450,5,2,55,28,69,409,0,1024
ADA1713,1,3,1,97,1,0,0,41,0,1,56,0,98,5,568,14,4,86,31,97,608,0,1413
ADA1714,0,1,1,107,1,0,0,20,0,2,28,0,79,3,605,9,0,48,27,72,522,0,1286
ADA1715,2,3,0,73,0,1,1,20,0,0,39,0,70,3,637,2,4,60,46,89,469,0,1310
ADA1801,1,8,0,126,1,0,0,24,0,1,49,0,104,5,393,9,4,70,16,76,606,0,1179
ADA1802,0,7,2,223,0,1,0,30,0,1,78,0,131,2,490,1,4,141,28,86,806,0,1558
ADA1803,1,8,0,127,1,0,1,21,0,0,46,0,94,2,319,4,5,60,16,54,569,0,1029
ADA1804,0,0,0,10,0,0,0,0,0,0,1,0,11,1,28,0,0,7,2,1,83,0,122
ADA1805,0,4,0,81,0,1,0,32,0,4,40,0,66,4,856,5,2,43,42,86,462,0,1500
ADA1806,4,0,2,71,0,0,0,74,0,1,63,0,79,1,735,3,1,44,8,51,383,0,1226
ADA1807,4,5,0,91,0,1,0,22,0,2,33,3,71,2,763,16,4,51,49,108,490,0,1483
ADA1808,2,4,0,65,0,0,0,29,0,3,31,1,61,3,708,6,2,35,47,71,385,0,1257
ADA1809,1,1,1,70,0,0,0,48,0,2,62,0,73,7,805,8,4,77,42,98,513,0,1554
ADA1810,0,1,0,57,1,0,1,41,0,0,29,0,57,0,604,4,1,48,18,46,337,0,1058
ADA1811,0,2,0,58,0,0,0,58,0,1,42,0,75,3,742,7,0,67,10,77,396,0,1302
ADA1812,0,2,1,74,0,0,0,25,0,0,51,0,75,1,666,5,3,37,26,77,431,0,1246
ADA1813,0,4,0,87,0,0,0,39,0,2,40,0,54,2,702,1,3,42,19,76,356,0,1201
ADA1814,0,2,0,95,0,0,0,40,0,0,45,0,60,2,664,6,2,53,20,74,567,0,1388
ADA1815,2,8,1,121,0,0,0,47,0,1,69,0,105,2,621,9,3,78,30,86,640,0,1469
ADA1816,1,4,1,62,1,0,0,64,0,0,52,0,61,1,436,8,1,33,9,56,327,0,871
ADA1817,4,2,1,127,0,1,0,99,0,1,75,0,134,2,1188,7,2,90,27,127,686,0,2129
ADA1818,1,5,0,119,1,0,2,38,0,1,63,0,87,6,697,4,2,105,21,110,631,0,1576
ADA1901,2,4,0,144,0,0,3,68,0,1,100,0,152,0,801,4,2,107,21,89,816,0,1840
ADA1902,1,1,0,62,0,0,0,84,0,0,63,1,80,2,758,7,1,52,14,67,472,0,1373
ADA1903,1,3,0,61,0,0,1,15,0,0,16,0,64,0,212,1,0,25,11,25,312,0,586
ADA1904,0,7,1,101,1,0,0,32,0,0,54,1,100,0,523,10,0,69,17,48,608,0,1275
ADA1905,2,3,0,117,1,0,0,26,0,1,38,0,66,7,602,9,0,62,32,72,495,0,1279
ADA1906,5,7,0,84,1,0,0,27,0,0,44,0,95,2,775,4,1,58,36,77,461,0,1414
ADA1907,0,4,0,136,0,0,0,50,0,2,61,0,109,3,823,6,0,47,23,59,565,0,1526
ADA1908,1,2,0,15,1,0,0,28,0,1,19,0,33,0,624,1,0,16,21,49,167,0,878
ADA1909,0,1,1,52,1,0,0,41,0,1,41,0,66,3,951,1,0,50,27,69,292,0,1393
ADA1910,0,1,0,56,0,0,2,68,0,0,42,0,67,1,1333,7,2,71,49,86,351,0,1900
ADA1911,0,1,0,31,0,2,0,18,0,1,14,0,26,3,954,5,4,25,36,62,187,0,1276
ADA1912,0,0,0,23,0,0,0,24,0,2,12,0,22,0,791,1,3,19,24,56,135,0,1029
ADA1913,2,2,0,35,1,0,0,43,0,1,23,0,34,0,945,6,2,26,31,49,187,0,1246
ADA1914,0,1,0,20,0,0,0,14,0,0,21,1,27,3,781,3,2,25,39,53,162,0,1068
ADA1915,0,1,0,36,0,0,0,22,0,1,33,0,36,2,834,4,6,27,68,81,219,0,1241
ADA1916,1,1,0,46,0,0,0,16,0,1,21,0,49,3,545,8,1,27,28,43,257,0,912
ADA1917,0,1,1,43,0,0,0,36,0,0,27,1,18,2,605,3,3,26,31,56,163,0,889
ADA1918,4,4,0,81,0,0,0,71,0,1,50,1,93,2,1209,11,5,47,29,72,463,0,1838
ADA1919,1,1,1,49,0,0,0,60,0,0,39,0,61,3,1033,6,1,45,38,68,273,0,1467
ADA1920,0,2,0,50,0,0,0,29,0,2,26,0,58,0,466,1,1,28,12,28,235,0,771
ADA2001,2,7,1,235,0,0,0,46,0,1,68,0,138,1,403,7,3,160,8,59,878,0,1519
ADA2002,0,11,1,278,0,0,0,65,0,0,89,0,175,3,641,6,1,188,13,81,1077,0,2010
ADA2003,1,7,0,197,0,0,1,67,0,0,116,1,156,4,392,4,2,143,8,63,999,0,1615
ADA2004,1,6,0,218,0,0,1,26,0,3,74,0,134,2,406,19,1,132,16,78,909,0,1563
ADA2005,0,4,0,279,0,0,1,38,0,4,105,1,189,5,542,25,2,158,13,90,1146,0,1981
ADA2006,0,10,1,259,1,1,0,46,0,0,100,1,172,3,446,5,5,123,12,86,1076,0,1756
ADA2007,2,2,0,200,0,0,0,35,0,2,67,1,127,15,349,7,3,97,11,62,860,0,1404
ADA2008,1,8,0,205,1,0,1,28,0,3,61,0,153,5,494,15,4,105,32,111,1080,0,1846
ADA2009,1,12,0,251,0,0,0,53,0,4,85,1,174,5,638,14,6,142,29,110,1171,0,2115
ADA2010,1,7,1,189,0,0,0,38,0,3,56,0,111,2,421,5,1,92,14,93,786,0,1414
ADA2011,2,5,0,186,0,0,0,40,0,0,75,0,102,4,422,14,0,130,19,73,793,0,1455
ADA2012,0,4,0,123,0,0,0,13,0,4,34,0,74,0,324,5,2,72,19,46,598,0,1066
ADA2013,3,4,1,145,0,0,0,42,0,0,82,1,123,1,346,5,3,93,5,66,696,0,1215
ADA2101,0,8,0,321,0,0,0,78,0,1,137,0,222,9,454,12,0,137,12,61,1298,0,1983
ADA2102,3,8,0,224,0,0,0,33,0,0,72,0,163,6,433,14,2,98,16,89,1060,0,1718
ADA2103,1,5,2,133,0,0,1,42,0,1,42,0,95,4,321,4,5,66,13,30,640,0,1083
ADA2104,1,8,0,214,0,0,0,33,0,0,87,0,112,7,451,5,2,91,9,98,820,0,1483
ADA2105,1,2,0,137,0,0,1,22,0,0,52,0,77,1,288,4,2,77,4,35,503,0,914
ADA2106,0,14,1,343,0,0,0,70,0,2,136,1,185,3,784,17,4,220,20,123,1572,0,2743
ADA2107,2,6,0,222,1,0,0,36,0,1,55,0,130,4,391,11,2,102,9,51,808,0,1378
ADA2108,3,5,1,179,0,1,3,34,0,0,54,1,124,2,325,12,2,86,11,57,657,0,1152
ADA2109,2,5,0,126,0,1,0,29,0,1,55,0,90,9,456,10,5,102,14,66,599,0,1261
ADA2110,1,1,0,77,0,0,0,10,0,1,34,1,57,3,169,4,1,27,2,30,397,0,633
ADA2111,1,2,2,183,1,0,0,35,0,0,64,0,122,4,418,10,0,103,12,66,791,0,1404
ADA2112,3,5,1,231,1,0,1,39,0,2,71,2,175,6,659,4,2,125,17,93,1113,0,2019
ADA2113,1,5,0,132,0,0,3,25,0,0,46,0,106,4,406,6,1,54,11,70,738,0,1290
ADA2114,1,7,0,171,0,0,0,13,0,2,51,0,170,3,460,14,3,101,34,83,825,0,1523
ADA2115,2,11,0,178,0,0,5,8,0,1,77,1,146,9,452,3,3,135,34,98,886,0,1620
ADA2116,1,1,1,119,1,0,0,19,0,2,35,0,74,4,383,5,1,78,13,70,654,0,1208
ADA2201,2,7,0,190,1,0,1,30,0,0,59,0,149,1,372,3,2,103,13,85,855,0,1434
ADA2202,1,4,2,197,0,0,0,26,0,1,48,0,112,7,286,4,1,100,14,58,775,0,1245
ADA2203,3,10,0,166,1,0,2,29,0,0,51,0,139,2,319,18,1,76,32,74,807,0,1329
ADA2204,0,10,1,153,1,0,0,15,0,0,55,1,152,7,378,3,4,92,26,87,844,0,1441
ADA2205,0,1,0,148,1,0,0,22,0,2,49,0,75,4,153,0,0,55,9,28,522,0,771
ADA2206,5,4,0,241,2,0,0,34,0,0,68,0,145,8,389,7,3,127,10,66,1024,0,1634
ADA2207,1,14,1,260,1,0,2,34,0,2,97,0,162,5,254,7,5,140,20,62,1268,0,1761
ADA2208,2,10,0,251,0,0,0,22,0,4,66,2,153,8,399,18,2,138,12,108,1173,0,1858
ADA2209,1,4,0,146,0,0,2,14,0,1,32,0,112,2,217,8,3,63,15,61,667,0,1036
ADA2210,2,3,0,200,0,0,1,20,0,1,38,0,133,5,323,10,4,91,19,65,948,0,1465
ADA2211,0,8,0,227,0,0,1,19,0,4,48,1,164,2,236,8,5,84,16,54,1043,0,1448
ADA2212,0,5,0,183,0,0,0,23,0,3,37,0,149,5,232,12,0,50,8,44,812,0,1163
ADA2213,0,1,0,26,0,0,0,2,0,0,6,0,15,0,9,0,0,4,0,2,91,0,106
ADA2214,0,5,1,131,0,0,0,17,0,0,52,1,113,1,205,10,1,57,9,32,679,0,994
ADAMS001 INDIAN VALLEY,0,0,1,30,0,0,0,6,0,0,8,0,28,3,22,0,0,1,1,1,129,0,157
ADAMS002 COUNCIL,2,1,0,75,0,0,0,16,0,1,23,1,83,2,54,2,3,19,1,13,290,0,384
ADAMS003 NO. COUNCIL,1,2,0,84,0,0,0,14,0,1,25,0,115,3,61,4,1,16,0,14,333,0,432
ADAMS004 BEAR,0,0,0,7,0,0,0,0,0,0,0,0,9,0,2,0,1,1,0,1,29,0,34
ADAMS005 NEW MEADOWS,1,1,0,79,2,1,1,24,0,1,31,0,76,2,139,5,0,29,10,33,391,0,609
ADAMS006 LITTLE SALMON RIVER,0,0,0,5,0,0,0,1,0,0,3,0,13,0,9,0,0,0,1,0,36,0,46
BANNOCKARIMO 61,0,0,0,85,0,0,0,6,0,2,39,0,19,2,34,4,1,74,0,5,223,0,343
BANNOCKCHUBBUCK 50,4,5,1,108,0,0,0,9,0,0,47,1,36,2,83,4,0,92,5,8,261,0,455
BANNOCKCHUBBUCK 51,0,4,0,116,0,0,1,13,0,0,65,2,26,2,131,3,0,84,6,29,389,0,644
BANNOCKCHUBBUCK 52,0,1,0,70,0,0,0,10,0,0,23,0,23,2,74,2,2,33,3,20,232,0,368
BANNOCKCHUBBUCK 53,3,3,0,115,0,0,0,2,0,0,45,0,31,4,130,10,2,83,25,30,362,0,646
BANNOCKCHUBBUCK 54,0,0,0,136,1,0,0,15,0,1,36,0,24,1,67,5,0,90,1,19,373,0,556
BANNOCKCHUBBUCK 55,0,2,0,139,0,0,1,5,0,0,52,0,25,4,113,2,0,95,4,25,351,0,594
BANNOCKCHUBBUCK 56,0,0,0,80,0,0,0,5,0,1,46,0,43,0,94,1,0,46,3,11,304,0,459
BANNOCKCHUBBUCK 57,0,4,0,121,0,0,0,8,0,2,54,0,71,2,82,2,1,53,4,21,394,0,559
BANNOCKCHUBBUCK 58,1,4,0,65,0,0,0,6,0,0,26,1,16,2,63,2,0,35,3,15,198,0,318
BANNOCKCHUBBUCK 59,0,2,0,88,1,0,2,12,0,0,33,0,37,1,63,8,0,35,6,11,258,0,382
BANNOCKCHUBBUCK 60,0,3,0,31,0,0,0,3,0,0,19,0,22,2,271,3,4,9,12,25,179,0,505
BANNOCKDOWNEY 62,2,7,2,92,0,1,1,9,0,1,43,0,29,3,30,12,0,66,5,13,297,0,426
BANNOCKINKOM 63,0,3,0,97,0,0,1,7,0,1,44,0,28,3,60,2,1,60,1,23,270,0,420
BANNOCKLAVA HOT SPRINGS 64,0,4,0,79,1,1,0,17,0,1,33,0,55,1,94,2,0,22,8,15,356,0,498
BANNOCKMCCAMMON 65,1,4,0,127,0,0,1,15,0,0,48,0,47,0,75,9,0,70,4,12,396,0,566
BANNOCKMINK CREEK 66,0,0,0,93,0,0,0,12,0,0,46,0,35,2,122,1,1,37,9,11,285,0,468
BANNOCKPEBBLE CREEK 67,2,2,0,113,0,0,0,11,0,1,45,0,27,4,57,1,1,73,4,13,284,0,437
BANNOCKPOCATELLO 1,0,0,0,72,2,0,0,10,0,0,34,0,37,1,90,0,0,33,6,12,186,0,328
BANNOCKPOCATELLO 10,1,2,0,73,0,0,0,6,0,1,35,0,40,3,126,8,3,59,9,16,318,0,542
BANNOCKPOCATELLO 11,1,2,0,74,1,0,0,9,0,1,36,0,33,3,133,2,2,45,15,27,311,0,538
BANNOCKPOCATELLO 12,0,7,0,74,1,0,0,5,0,0,32,0,31,0,92,7,0,42,5,22,290,0,458
BANNOCKPOCATELLO 13,0,0,0,46,0,0,0,5,0,0,31,0,33,3,94,5,2,24,6,20,216,0,370
BANNOCKPOCATELLO 14,1,1,0,63,0,0,0,9,0,0,44,0,32,3,137,0,2,51,12,24,270,0,499
BANNOCKPOCATELLO 15,1,4,0,70,0,0,0,6,0,0,20,0,21,1,67,2,1,47,8,14,192,0,332
BANNOCKPOCATELLO 17,1,2,0,58,0,0,0,6,0,0,26,0,30,1,107,3,0,45,9,18,186,0,369
BANNOCKPOCATELLO 18,0,1,0,117,0,0,0,11,0,0,35,0,22,1,125,6,3,76,4,24,270,0,509
BANNOCKPOCATELLO 19,0,0,0,31,0,1,0,8,0,0,22,0,11,1,85,1,4,34,7,20,152,0,304
BANNOCKPOCATELLO 2,1,2,0,92,0,0,0,14,0,0,51,1,29,0,120,4,1,62,5,18,257,0,467
BANNOCKPOCATELLO 20,0,0,0,43,0,1,0,0,0,0,14,1,27,1,101,6,1,30,4,37,164,0,344
BANNOCKPOCATELLO 21,0,2,1,92,0,0,1,5,0,0,41,0,18,1,102,3,2,54,14,26,195,0,397
BANNOCKPOCATELLO 22,1,3,0,83,0,0,0,6,0,0,37,0,17,2,130,2,1,60,5,41,198,0,439
BANNOCKPOCATELLO 23,0,1,0,66,0,0,0,7,0,0,25,0,11,1,109,3,2,41,7,23,151,0,337
BANNOCKPOCATELLO 24,0,2,0,30,0,0,0,5,0,0,11,0,7,1,113,3,2,29,12,20,119,0,299
BANNOCKPOCATELLO 25,0,2,0,24,0,0,0,3,0,0,17,0,16,1,111,1,1,24,8,19,94,0,259
BANNOCKPOCATELLO 26,0,2,1,26,0,0,0,3,0,0,12,0,10,0,153,5,0,19,16,25,78,0,296
BANNOCKPOCATELLO 27,0,3,0,35,0,0,0,3,0,1,20,0,8,1,155,1,1,30,5,21,139,0,353
BANNOCKPOCATELLO 28,2,5,0,70,0,0,0,5,0,0,34,0,32,0,166,3,1,55,11,52,275,0,563
BANNOCKPOCATELLO 3,0,3,0,76,2,0,0,13,0,0,35,0,39,0,123,4,0,41,1,22,224,0,415
BANNOCKPOCATELLO 31,0,1,0,29,0,0,0,4,0,0,12,0,11,1,151,1,1,37,12,27,95,0,325
BANNOCKPOCATELLO 32,1,1,0,52,0,0,0,5,0,1,22,0,16,0,126,0,1,43,2,16,135,0,323
BANNOCKPOCATELLO 34,1,5,1,65,0,0,0,14,0,0,27,0,33,2,94,3,0,38,6,12,203,0,358
BANNOCKPOCATELLO 35,1,2,0,65,0,0,0,9,0,0,36,0,21,1,85,2,0,30,7,18,202,0,345
BANNOCKPOCATELLO 36,1,4,0,124,0,0,0,7,0,0,59,0,27,3,120,4,0,70,6,21,250,0,474
BANNOCKPOCATELLO 37,1,4,0,141,0,0,0,15,0,1,57,0,39,1,86,4,2,98,1,21,276,0,489
BANNOCKPOCATELLO 38,0,2,0,97,0,0,0,15,0,1,84,2,34,0,92,4,0,87,3,19,282,0,487
BANNOCKPOCATELLO 39,0,1,0,80,0,0,0,13,0,0,25,0,30,2,91,0,0,50,5,20,209,0,377
BANNOCKPOCATELLO 4,0,1,0,51,0,0,0,4,0,2,33,0,32,0,207,1,2,39,15,26,221,0,511
BANNOCKPOCATELLO 40,0,0,0,53,0,0,0,5,0,0,18,0,20,2,68,3,3,24,1,18,170,0,289
BANNOCKPOCATELLO 41,0,4,0,77,0,0,0,19,0,0,41,0,28,1,133,7,1,63,6,19,228,0,458
BANNOCKPOCATELLO 42,0,1,0,68,0,0,0,13,0,0,31,1,27,1,99,0,0,41,8,21,170,0,340
BANNOCKPOCATELLO 43,0,1,1,54,1,0,0,5,0,0,15,0,31,2,134,1,0,34,12,27,208,0,418
BANNOCKPOCATELLO 5,0,0,0,45,0,0,0,8,0,1,6,0,37,1,142,4,0,22,12,16,228,0,425
BANNOCKPOCATELLO 6,2,1,1,30,0,1,0,6,0,0,11,0,21,1,146,5,1,32,12,18,135,0,350
BANNOCKPOCATELLO 7,0,2,0,57,0,0,0,3,0,1,23,0,29,6,144,2,0,39,7,24,177,0,399
BANNOCKPOCATELLO 8,0,2,0,21,0,0,0,3,0,0,21,0,9,1,106,2,2,21,8,18,110,0,268
BANNOCKPOCATELLO 9,0,2,0,47,0,0,0,13,0,0,23,1,22,5,116,4,3,36,12,41,199,0,416
BANNOCKSWAN LAKE 68,0,0,0,22,0,0,0,2,0,0,7,0,8,0,4,0,0,4,0,2,44,0,54
BEAR LAKE#1 MONTPELIER,0,6,0,68,0,0,0,18,0,0,48,0,58,2,47,5,1,54,2,9,329,0,449
BEAR LAKE#10 GENEVA/PEGRAM,3,3,1,23,0,0,0,3,0,0,17,0,14,0,2,0,0,22,0,2,62,0,88
BEAR LAKE#11 GEORGETOWN,0,3,0,64,0,0,1,4,0,0,48,1,54,3,23,0,1,26,0,3,278,0,334
BEAR LAKE#12 LIBERTY,2,2,1,63,0,0,1,2,0,0,27,1,17,2,13,1,0,31,3,2,142,0,194
BEAR LAKE#13 PARIS,3,5,0,43,0,0,0,14,0,1,26,1,36,2,16,4,0,31,2,3,233,0,291
BEAR LAKE#15 ST. CHARLES,0,1,0,34,0,0,0,7,0,0,23,0,8,0,7,0,0,30,0,3,102,0,142
BEAR LAKE#16 BAILEY CREEK,0,3,0,15,0,0,0,2,0,1,6,0,4,1,9,1,0,8,0,2,48,0,69
BEAR LAKE#2 MONTPELIER,1,10,0,86,0,0,0,15,0,0,35,0,38,1,31,3,0,53,0,10,257,0,355
BEAR LAKE#3 MONTPELIER,3,2,1,82,0,0,0,7,0,3,37,0,49,2,48,1,0,38,2,9,287,0,387
BEAR LAKE#5 BENNINGTON,0,0,0,46,0,0,1,8,0,0,17,1,13,1,6,3,0,13,1,1,124,0,149
BEAR LAKE#6 BERN,1,1,0,21,0,0,0,0,0,0,14,1,12,1,8,0,0,14,0,2,52,0,77
BEAR LAKE#7 BLOOMINGTON,1,1,0,42,0,0,1,4,0,0,17,0,22,0,9,0,0,13,0,2,105,0,129
BEAR LAKE#8 DINGLE,0,4,0,35,1,0,1,5,0,1,7,1,18,0,13,2,0,15,1,0,97,0,128
BEAR LAKE#9 FISH HAVEN,0,1,0,21,0,0,0,3,0,0,8,2,20,0,23,2,0,18,0,6,87,0,136
BENEWAH1 BENEWAH,0,0,0,30,0,0,0,1,0,1,6,0,17,2,33,1,1,2,1,6,125,0,171
BENEWAH10 TENSED,2,2,1,77,0,0,0,5,0,1,8,0,26,2,81,3,3,7,2,9,222,0,329
BENEWAH11 TOWNSITE,0,1,0,66,0,0,0,15,0,0,13,0,57,0,113,3,2,11,6,32,436,0,603
BENEWAH2 CENTER,0,0,0,71,2,0,0,10,0,0,10,0,38,4,76,3,1,12,0,18,340,0,454
BENEWAH3 COLLEGE,1,1,0,63,0,0,0,16,0,1,11,0,41,1,80,2,0,6,2,13,336,0,440
BENEWAH4 EMIDA,1,0,0,32,0,0,0,3,0,0,2,0,35,0,25,0,0,1,3,10,147,0,186
BENEWAH5 FERNWOOD,1,3,0,34,0,0,1,2,0,0,4,0,32,0,30,1,0,2,0,14,189,0,236
BENEWAH6 PLUMMER,1,2,0,118,0,0,2,8,0,0,12,1,59,2,178,8,3,14,19,21,405,0,650
BENEWAH7 SANTA,0,4,1,66,0,0,0,0,0,2,3,0,41,1,35,4,0,1,0,11,217,0,269
BENEWAH8 ST. JOE,0,0,0,14,0,0,0,3,0,0,1,0,5,0,3,0,0,0,3,0,45,0,51
BENEWAH9 ST. MARIES,0,1,1,100,1,1,0,17,1,3,17,0,76,5,116,5,0,5,6,17,641,0,795
BINGHAMABERDEEN 15,3,6,2,125,1,0,2,10,0,0,56,0,67,4,148,3,1,47,11,9,395,0,618
BINGHAMATOMIC CITY 26,0,0,0,5,0,0,0,0,0,0,1,0,6,0,2,0,0,2,0,0,14,0,18
BINGHAMBLACKFOOT 1,0,4,0,124,0,0,1,13,0,0,58,0,59,3,68,6,1,59,4,12,270,0,423
BINGHAMBLACKFOOT 2,1,3,1,117,1,0,1,17,0,0,53,0,45,1,112,7,0,70,5,13,320,0,528
BINGHAMBLACKFOOT 23,0,4,0,74,0,0,0,10,0,0,52,0,41,1,36,1,1,27,1,3,230,0,300
BINGHAMBLACKFOOT 3,2,6,1,130,0,0,0,14,0,0,54,0,55,5,93,7,3,58,1,21,276,0,464
BINGHAMBLACKFOOT 4,0,4,1,123,2,0,1,5,0,0,82,0,60,1,132,6,0,52,7,9,338,0,545
BINGHAMBLACKFOOT 5,6,6,1,113,0,0,1,9,0,2,89,1,67,4,140,3,2,56,10,27,346,0,588
BINGHAMBLACKFOOT 6,1,4,0,149,0,0,1,24,0,2,106,2,43,4,82,2,1,89,2,24,349,0,553
BINGHAMBONNEVILLE 27,0,0,0,0,0,0,0,0,0,0,0,0,0,0,0,0,0,0,0,0,0,0,0
BINGHAMFIRTH 7,3,10,2,231,1,0,3,11,0,0,88,0,52,3,57,8,1,95,2,11,545,0,722
BINGHAMFIRTH 8,2,6,1,215,1,0,1,17,0,2,73,0,70,1,56,8,1,88,2,13,469,0,638
BINGHAMFORT HALL 20,1,0,0,8,0,0,0,1,0,0,7,0,17,1,406,6,2,12,19,13,81,0,540
BINGHAMGROVELAND 22,2,9,1,121,0,0,0,16,0,1,73,0,60,2,63,5,2,47,2,10,384,0,515
BINGHAMGROVELAND 9,2,8,0,182,2,0,1,18,0,0,57,2,52,1,84,6,3,73,5,9,395,0,576
BINGHAMJAMESTON 10,0,8,0,152,4,1,0,8,0,0,84,0,42,4,39,7,2,62,4,16,432,0,566
BINGHAMMORELAND 11,0,5,0,87,0,0,0,14,0,2,73,0,21,4,46,2,3,43,3,9,246,0,356
BINGHAMMORELAND 25,1,5,0,149,2,0,0,8,0,1,62,0,56,2,28,6,0,50,3,7,358,0,454
BINGHAMMORGAN'S PASTURE 28,0,0,0,0,0,0,0,0,0,0,0,0,0,0,0,0,0,0,0,0,2,0,2
BINGHAMPINGREE 18,2,2,0,124,0,0,0,8,0,0,64,1,21,2,32,0,0,46,0,14,272,0,366
BINGHAMRIVERSIDE 17,0,3,3,131,2,0,1,18,0,1,94,0,51,3,70,4,1,62,3,11,347,0,501
BINGHAMRIVERSIDE 24,2,6,0,142,0,0,0,10,0,1,78,0,44,5,36,5,0,57,2,4,309,0,418
BINGHAMROCKFORD 12,3,13,0,195,0,0,0,12,0,2,123,0,41,2,39,1,0,75,0,11,403,0,531
BINGHAMSHELLEY 13,1,6,0,168,1,0,0,7,0,4,76,2,52,1,97,5,0,100,4,19,474,0,700
BINGHAMSHELLEY 14,4,8,0,214,1,0,0,15,0,2,94,0,59,3,60,7,0,121,3,23,515,0,732
BINGHAMSHELLEY 21,1,9,1,237,0,0,2,19,0,2,102,0,47,3,82,11,0,124,1,19,591,0,831
BINGHAMSPRINGFIELD 16,1,1,0,65,0,0,0,9,0,0,39,0,33,0,21,0,0,13,2,7,191,0,234
BINGHAMWAPELLO 19,1,2,0,90,0,0,0,11,0,0,23,0,30,0,37,0,2,41,1,6,190,0,277
BLAINE001 N BLAINE COUNTY,0,0,0,21,0,0,0,25,0,0,19,0,45,1,271,0,0,9,8,16,115,0,420
BLAINE002 SUN VALLEY,0,1,0,18,0,0,2,57,0,1,28,0,50,1,194,0,3,16,5,27,148,0,394
BLAINE003 N KETCHUM,0,0,0,11,1,0,0,42,0,0,14,0,30,3,342,0,1,14,18,21,110,0,509
BLAINE004 S KETCHUM,0,0,0,18,0,1,0,27,0,1,17,0,34,1,434,1,2,6,13,25,129,0,611
BLAINE005 QUIGLEY,1,3,0,25,0,0,0,41,0,1,19,0,26,2,161,0,0,9,8,11,108,0,299
BLAINE006 DEER CREEK,0,0,0,15,0,0,0,23,0,0,11,0,25,0,94,0,0,4,4,11,76,0,189
BLAINE007 NW HAILEY,1,0,0,10,0,0,0,20,0,0,6,0,28,0,194,4,1,9,8,14,89,0,319
BLAINE008 NE HAILEY,0,1,0,14,0,0,0,12,0,0,15,0,20,0,226,0,0,18,2,25,115,0,386
BLAINE009 SW HAILEY,0,0,0,19,0,1,0,6,0,2,2,0,18,0,209,1,1,4,7,12,91,0,325
BLAINE010 NW WOODSIDE,0,1,0,16,0,0,0,9,0,0,12,0,17,1,167,2,1,10,9,15,106,0,311
BLAINE011 SE WOODSIDE,0,0,0,32,1,0,0,5,0,0,12,0,40,0,238,4,2,24,8,17,145,0,438
BLAINE012 POVERTY FLAT,0,2,0,15,0,0,0,9,0,0,6,0,13,1,70,0,0,5,3,11,91,0,181
BLAINE013 BELLEVUE,1,6,1,40,0,0,2,19,0,2,7,0,37,5,249,6,2,18,14,33,248,0,575
BLAINE014 CAREY,2,4,0,61,0,0,0,14,0,0,15,0,55,3,44,3,1,49,1,10,257,0,368
BLAINE015 GANNETT/PICABO,1,1,0,21,0,0,1,16,0,0,4,0,33,1,77,0,0,4,6,15,153,0,256
BLAINE016 YALE,0,1,0,4,0,0,0,0,0,0,2,0,2,0,0,0,0,3,0,0,7,0,10
BLAINEABSENTEE,5,3,0,30,0,1,1,33,0,0,49,1,70,4,3446,14,6,87,62,161,1352,0,5132
BOISE30 GARDEN VALLEY,2,10,3,131,0,0,2,44,0,3,53,0,177,1,180,3,0,29,5,36,632,0,886
BOISE40 HORSESHOE BEND,1,2,1,117,0,0,0,19,0,2,34,1,124,2,95,7,1,16,8,39,564,0,732
BOISE50 IDAHO CITY,4,5,2,76,0,0,3,15,1,2,29,0,129,2,85,2,1,18,6,24,281,0,419
BOISE60 LOWMAN,0,3,1,26,1,0,0,10,0,1,2,0,31,1,14,0,0,4,1,6,113,0,139
BOISE70 MORES CREEK,0,5,1,134,1,0,1,32,0,1,28,0,137,1,150,5,3,21,5,31,491,0,707
BOISE80 PLACERVILLE,0,1,0,25,0,0,0,9,0,0,6,0,37,0,23,0,1,0,1,5,106,0,136
BONNER1 AIRPORT,0,4,1,141,0,0,0,27,0,1,19,0,90,3,306,5,1,22,18,37,542,0,934
BONNER10 EAST PRIEST RIVER,1,5,1,105,0,0,0,18,0,2,16,0,84,6,121,6,0,13,6,19,465,0,636
BONNER11 EDGEMERE,1,4,2,234,0,0,0,14,0,1,14,0,143,7,142,4,1,20,13,39,852,0,1078
BONNER12 GAMLIN LAKE,0,3,0,58,0,1,1,28,0,1,10,0,67,2,171,1,1,7,10,23,284,0,499
BONNER13 GROUSE CREEK,0,3,1,99,1,0,2,16,0,0,16,1,73,0,177,7,2,7,19,25,380,0,617
BONNER14 HOPE,1,2,1,70,1,0,1,28,0,3,27,2,83,3,237,3,1,13,10,20,333,0,620
BONNER15 HUMBIRD,1,0,0,77,0,0,0,25,0,1,11,0,54,3,327,6,0,6,33,58,403,0,836
BONNER16 KELSO,0,1,0,39,0,0,0,2,0,0,0,0,26,0,27,0,0,0,2,5,119,0,153
BONNER17 KOOTENAI,0,4,1,183,0,0,0,38,0,2,30,0,170,5,399,7,1,39,26,48,921,0,1446
BONNER18 LACLEDE,0,3,0,67,0,0,2,5,0,1,7,0,38,0,81,2,1,9,4,16,225,0,338
BONNER19 LAKEVIEW,1,0,0,23,0,0,0,3,0,0,4,0,34,0,28,0,0,5,0,2,147,0,182
BONNER2 ALGOMA,0,8,0,120,0,0,0,22,0,2,21,0,81,4,186,5,2,11,7,31,509,0,755
BONNER20 LAMB CREEK,0,3,0,44,0,0,0,25,0,1,8,1,36,2,106,1,1,3,2,10,217,0,342
BONNER21 ODEN,2,1,0,73,0,0,0,28,0,1,15,0,75,2,107,3,1,13,14,21,308,0,469
BONNER22 OLDTOWN,4,7,0,125,0,0,0,15,0,2,32,0,134,2,157,12,0,11,8,26,734,0,950
BONNER23 PRIEST LAKE,0,0,0,21,1,0,0,6,0,0,5,0,14,1,58,0,0,0,3,4,90,0,156
BONNER24 PRIEST RIVER WEST CITY,0,0,1,22,1,0,0,6,0,1,5,0,23,3,51,2,1,1,1,12,168,0,239
BONNER25 SAGLE,5,4,1,143,0,0,1,32,0,1,26,0,108,1,297,2,2,18,16,50,696,0,1082
BONNER26 SANDPOINT,0,2,0,48,0,2,1,24,0,2,12,0,52,1,429,2,3,17,30,38,301,0,821
BONNER27 SELLE,2,6,0,101,0,0,0,15,0,0,20,0,85,4,183,5,0,18,13,15,478,0,716
BONNER28 SOUTHSIDE,0,1,1,132,0,0,0,14,0,8,18,1,62,2,137,4,0,12,8,27,389,0,579
BONNER29 SPIRIT VALLEY,0,6,1,210,1,0,0,23,0,0,14,0,106,4,122,8,1,11,7,27,650,0,830
BONNER3 BALDY,0,4,1,112,0,0,0,25,0,5,26,0,61,7,409,4,3,14,31,41,490,0,999
BONNER30 WASHINGTON,2,7,1,100,2,1,2,42,0,0,36,0,94,6,560,8,4,19,36,53,498,0,1184
BONNER31 WESTMOND,0,2,0,131,1,0,0,13,0,1,17,0,93,3,196,4,1,11,11,22,517,0,765
BONNER32 WEST PRIEST RIVER BENCH,0,3,1,54,0,0,0,9,0,0,14,0,52,1,51,1,0,3,2,8,279,0,345
BONNER33 WRENCO,2,0,0,49,0,0,0,8,0,1,7,0,46,0,69,1,1,4,7,7,181,0,270
BONNER4 BLUE LAKE,0,4,0,68,0,1,0,11,0,1,11,0,65,1,64,4,0,7,6,8,285,0,375
BONNER5 CAREYWOOD,0,4,0,150,0,0,0,13,0,1,17,0,77,1,91,1,1,14,4,12,447,0,571
BONNER6 CLARK FORK,1,3,0,71,0,2,0,11,0,0,11,0,83,5,115,0,4,5,10,5,328,0,472
BONNER7 COCOLALLA,0,3,0,103,0,0,0,11,0,0,10,0,50,3,68,5,0,7,6,14,321,0,424
BONNER8 COLBURN,0,8,0,122,0,0,0,19,0,1,22,0,105,2,180,3,0,25,22,28,572,0,832
BONNER9 DOVER,0,2,0,37,0,0,0,11,0,0,8,0,46,0,167,0,0,7,11,11,214,0,410
BONNEVILLE1,0,2,1,161,0,0,1,14,0,0,91,0,39,3,110,7,2,118,9,26,430,0,705
BONNEVILLE10,0,5,0,170,0,0,0,16,0,0,112,0,55,3,151,6,3,110,7,47,454,0,781
BONNEVILLE11,2,2,0,59,1,0,0,11,0,0,51,0,55,4,222,2,3,66,15,45,340,0,697
BONNEVILLE12,0,4,1,98,0,0,1,16,0,2,101,0,57,4,188,7,3,87,5,25,358,0,677
BONNEVILLE13,1,3,0,143,2,0,0,18,0,3,82,0,44,1,169,6,2,107,6,37,399,0,727
BONNEVILLE14,0,1,0,63,0,0,1,20,0,1,62,0,46,4,137,3,0,65,13,35,282,0,539
BONNEVILLE15,1,2,1,138,0,0,1,47,1,0,110,0,37,2,186,7,2,100,4,23,410,0,734
BONNEVILLE16,1,3,0,129,0,0,0,35,0,5,85,1,59,1,141,3,0,83,5,29,398,0,660
BONNEVILLE17,0,4,0,106,0,0,0,27,0,2,118,0,62,4,198,4,1,94,16,39,411,0,767
BONNEVILLE18,1,6,0,145,0,1,0,22,0,4,100,0,52,7,170,5,5,91,17,37,419,0,751
BONNEVILLE19,1,2,1,122,0,0,0,39,0,1,109,1,69,0,136,2,0,100,7,26,399,0,670
BONNEVILLE2,1,1,0,111,0,0,0,16,0,1,91,0,50,3,149,5,3,92,9,34,416,0,711
BONNEVILLE20,2,4,1,127,0,0,0,20,0,0,88,0,69,2,122,2,3,96,16,30,428,0,699
BONNEVILLE21,0,3,1,192,0,0,0,42,0,1,112,0,57,4,152,3,0,115,5,44,537,0,860
BONNEVILLE22,0,0,1,162,0,1,1,14,0,0,86,0,60,1,91,2,4,121,8,27,454,0,708
BONNEVILLE23,0,0,1,147,0,0,1,20,0,2,80,1,37,5,112,4,3,86,6,30,377,0,623
BONNEVILLE24,2,1,0,138,0,0,0,43,0,1,100,0,49,2,132,0,1,86,4,22,370,0,617
BONNEVILLE25,0,2,1,132,0,0,0,40,1,1,104,0,59,1,151,2,0,105,2,21,344,0,626
BONNEVILLE26,0,6,0,157,0,0,1,45,0,0,114,0,63,4,143,2,0,89,1,33,449,0,721
BONNEVILLE27,2,8,1,149,0,0,0,29,0,0,156,1,53,1,133,5,2,104,4,23,444,0,716
BONNEVILLE28,1,5,0,197,1,0,1,20,0,2,104,1,41,3,76,4,0,117,3,16,439,0,658
BONNEVILLE3,0,1,1,73,0,1,0,8,0,0,39,0,39,4,96,4,1,49,8,25,240,0,427
BONNEVILLE37,2,2,0,170,0,0,0,20,0,0,93,0,37,2,80,5,0,41,1,5,366,0,500
BONNEVILLE38,0,3,1,156,0,0,0,22,0,0,91,0,41,2,105,3,2,82,6,20,404,0,624
BONNEVILLE39,0,5,0,197,0,0,0,23,0,5,97,0,54,2,46,15,1,117,1,14,495,0,691
BONNEVILLE4,0,2,0,148,0,0,1,12,0,1,120,0,44,2,117,7,2,75,13,32,384,0,632
BONNEVILLE40,1,3,0,161,0,0,1,14,0,1,74,1,50,2,133,5,3,120,12,37,486,0,798
BONNEVILLE41,0,3,1,206,0,0,1,7,0,0,106,0,45,2,54,4,0,74,4,8,463,0,609
BONNEVILLE42,2,3,0,164,0,0,0,11,0,0,107,0,36,2,44,7,1,144,6,22,428,0,654
BONNEVILLE43,0,8,0,191,0,0,0,17,0,1,70,0,31,5,50,7,1,114,4,11,481,0,673
BONNEVILLE44,0,2,1,175,1,0,0,18,0,1,94,0,67,6,75,3,1,75,2,15,548,0,725
BONNEVILLE45,2,7,0,203,0,0,0,19,0,0,96,0,46,4,100,4,5,146,4,37,613,0,913
BONNEVILLE46,3,7,1,163,0,0,0,11,0,0,144,0,63,1,117,3,0,144,0,26,541,0,832
BONNEVILLE47,1,3,0,175,0,0,0,10,0,2,92,0,40,2,95,3,0,137,6,31,461,0,735
BONNEVILLE48,1,5,0,152,0,0,0,23,0,0,95,1,40,0,104,3,3,133,7,26,430,0,706
BONNEVILLE49,1,2,0,148,0,0,0,14,0,3,83,0,33,3,117,2,5,122,14,31,400,0,694
BONNEVILLE5,2,11,1,105,0,0,0,15,0,0,63,0,36,3,141,5,1,79,11,38,341,0,619
BONNEVILLE50,1,2,1,240,0,0,0,20,0,1,132,0,60,1,96,4,1,131,3,27,532,0,795
BONNEVILLE51,0,6,0,186,1,0,0,10,0,0,83,1,37,2,73,2,0,110,2,17,413,0,619
BONNEVILLE52,0,8,0,225,0,0,1,31,0,0,127,0,43,3,68,8,0,165,2,19,491,0,756
BONNEVILLE53,1,5,0,175,0,0,0,10,0,0,91,0,51,5,62,2,1,94,4,21,371,0,560
BONNEVILLE54,2,1,0,133,1,0,1,6,0,1,50,0,34,2,20,3,0,39,1,3,295,0,363
BONNEVILLE55,0,2,1,67,0,1,0,15,0,0,15,0,52,0,48,1,1,23,0,7,228,0,308
BONNEVILLE56,0,0,0,0,0,0,0,1,0,0,5,0,10,0,6,0,0,5,3,0,19,0,33
BONNEVILLE57,0,1,0,109,0,0,0,26,0,0,57,1,64,2,73,4,0,50,5,13,354,0,501
BONNEVILLE58,1,8,0,202,0,0,0,19,0,0,93,3,79,1,65,2,0,71,4,18,510,0,671
BONNEVILLE59,3,4,0,300,0,0,0,24,0,0,114,0,49,2,76,6,0,125,2,24,570,0,805
BONNEVILLE6,1,5,0,117,1,0,0,21,0,1,116,0,59,1,130,5,1,81,10,28,359,0,615
BONNEVILLE7,1,2,0,111,0,0,0,5,0,2,46,0,32,7,167,5,4,74,16,39,270,0,582
BONNEVILLE8,1,4,1,125,1,0,0,19,0,3,89,1,41,3,135,2,0,83,4,27,353,0,607
BONNEVILLE9,2,1,1,82,0,0,0,15,0,4,73,0,49,3,190,4,7,88,17,33,434,0,776
BONNEVILLEABSENTEE 30,6,23,2,135,2,0,1,25,1,4,152,0,126,21,1350,36,5,616,28,169,2906,0,5131
BONNEVILLEABSENTEE 32,0,1,0,23,0,0,0,0,0,0,11,0,8,0,134,0,0,52,1,12,401,0,600
BONNEVILLEABSENTEE 33,9,20,7,108,0,0,0,24,0,3,107,0,81,14,1579,21,4,419,34,137,2055,0,4263
BONNEVILLEABSENTEE 34,1,7,0,23,0,1,0,1,0,0,20,0,12,1,115,6,0,112,2,13,499,0,748
BOUNDARYABSENTEE,3,6,3,49,1,2,0,15,0,1,22,0,67,4,420,9,0,30,14,39,873,0,1389
BOUNDARYBF/KOOTENAI,0,6,0,140,0,0,0,14,0,0,9,0,93,1,89,1,2,12,10,16,423,0,554
BOUNDARYCOPELAND,0,0,0,97,0,0,0,4,0,1,7,0,86,3,49,0,0,9,3,12,305,0,381
BOUNDARYMOYIE,1,10,0,223,0,0,1,25,0,2,23,0,187,8,104,6,3,37,14,25,729,0,926
BOUNDARYNAPLES,0,7,0,142,0,0,1,20,0,2,26,0,118,3,104,7,0,15,15,19,567,0,730
BOUNDARYNORTH BONNERS FERRY,2,6,0,135,0,1,1,15,0,0,23,0,140,7,90,9,1,11,18,31,499,0,666
BOUNDARYVALLEY VIEW,0,4,0,115,0,0,1,14,0,1,21,0,97,3,77,1,1,16,6,19,393,0,516
BUTTEARCO 1,2,1,0,65,0,0,0,9,0,0,51,0,53,2,69,2,0,46,3,9,294,0,425
BUTTEARCO 2,0,1,0,27,0,0,1,7,0,0,18,0,24,1,40,0,1,18,2,4,162,0,228
BUTTEHOWE,0,1,0,72,0,0,0,2,0,2,13,0,20,0,4,1,0,12,0,1,142,0,160
BUTTEMOORE,1,3,0,111,1,0,0,12,0,1,35,0,41,1,47,1,1,38,2,11,316,0,417
CAMAS#1,0,4,0,35,0,0,0,21,0,3,23,2,64,0,49,0,0,20,1,9,198,0,277
CAMAS#2,1,7,1,40,0,2,0,17,1,0,24,0,66,2,61,6,0,13,5,14,212,0,313
CANYON10-AUG,0,5,0,116,0,1,1,17,0,1,39,0,104,3,262,4,4,54,9,36,566,0,938
CANYON10-DEC,1,0,1,160,0,2,0,12,0,0,59,1,126,1,372,9,5,70,13,53,901,0,1424
CANYON10-JUL,1,0,0,20,0,0,1,0,0,0,12,0,27,0,196,3,6,12,11,17,206,0,451
CANYON10-NOV,0,2,0,35,0,0,0,3,0,1,8,0,32,2,196,4,2,8,16,20,244,0,492
CANYON10-OCT,2,2,1,134,3,0,0,27,0,0,57,0,98,6,437,9,5,51,25,62,601,0,1196
CANYON10-SEP,1,9,0,128,1,0,1,35,0,2,53,0,103,2,382,6,4,68,15,44,721,0,1242
CANYON13-10,0,3,1,189,1,1,0,26,0,0,70,0,142,7,383,4,5,70,5,43,794,0,1311
CANYON14-10,1,4,0,132,0,0,0,31,0,2,41,0,116,4,394,8,4,50,19,57,774,0,1310
CANYON15-10,2,9,2,93,1,0,1,15,0,1,16,0,79,1,373,1,2,46,16,38,471,0,948
CANYON16-10,1,9,0,350,1,0,0,22,0,2,87,0,205,13,439,21,1,146,25,106,1371,0,2122
CANYON17-10,2,6,1,137,0,0,0,19,0,0,29,1,98,4,339,6,5,55,20,47,592,0,1068
CANYON18-10,1,7,0,107,0,0,0,8,0,0,24,0,66,0,213,7,3,68,12,34,439,0,776
CANYON19-10,2,3,2,102,0,0,2,8,0,3,25,0,51,3,294,11,4,42,13,39,491,0,897
CANYON20-10,0,1,0,48,0,0,0,5,0,0,11,0,45,0,61,1,1,22,2,7,291,0,385
CANYON26-11,1,6,1,237,0,0,0,13,0,2,59,0,180,9,159,14,1,72,9,34,977,0,1275
CANYON27-11,1,9,1,355,0,0,0,25,0,4,76,0,171,5,248,10,0,80,7,37,1141,0,1528
CANYON28-11,0,4,0,141,0,0,0,6,0,1,40,1,93,0,171,7,2,43,4,26,628,0,881
CANYON29-11,5,9,1,377,1,0,1,48,0,0,76,0,162,5,299,8,0,119,6,50,1182,0,1669
CANYON30-11,0,6,1,199,2,0,1,48,0,1,54,0,149,3,270,4,4,76,7,47,940,0,1351
CANYON31-11,1,7,1,169,0,0,1,23,0,2,62,0,138,2,300,5,10,69,16,58,798,0,1258
CANYON32-11,1,10,1,189,0,0,0,22,0,2,31,0,115,2,154,6,1,36,7,26,652,0,884
CANYON33-11,0,6,0,145,0,0,1,16,0,2,26,2,100,3,110,8,1,22,0,13,485,0,642
CANYON34-11,0,7,0,109,0,0,0,16,0,0,17,0,69,1,64,2,2,23,4,18,432,0,546
CANYON35-11,3,17,2,240,0,0,0,29,0,1,45,1,109,6,142,5,4,52,9,38,772,0,1028
CANYON36-11,0,6,1,108,0,0,0,5,0,1,31,0,98,4,223,1,4,14,2,20,449,0,717
CANYON37-11,3,1,1,167,2,0,0,19,0,0,24,0,133,3,112,7,0,30,6,32,737,0,927
CANYON38-11,1,0,0,95,3,0,0,3,0,0,19,1,79,1,62,3,1,10,0,15,438,0,530
CANYON39-11,2,4,0,182,2,0,1,22,1,0,44,0,148,5,152,4,4,72,11,28,722,0,998
CANYON40-11,0,2,1,230,0,0,0,18,0,0,77,0,143,6,266,8,3,110,14,43,1102,0,1552
CANYON41-11,0,14,1,222,0,0,0,25,0,0,62,0,155,8,275,13,3,154,13,57,1176,0,1699
CANYON42-11,0,7,1,341,1,0,1,49,0,3,109,1,222,5,275,13,4,147,6,58,1324,0,1832
CANYON43-11,0,1,1,102,1,0,0,18,0,1,30,1,70,0,77,0,0,38,8,15,350,0,488
CANYON44-11,0,3,0,40,0,0,0,6,0,0,3,0,29,5,63,3,1,19,3,11,170,0,275
CANYON49-12,1,9,0,141,0,0,1,11,0,2,27,0,103,5,254,13,3,84,18,58,695,0,1130
CANYON50-12,10,5,0,106,0,0,1,15,0,1,28,0,98,0,194,10,1,41,9,30,476,0,761
CANYON51-12,2,7,0,188,0,0,0,24,0,0,59,0,108,11,234,3,1,90,11,50,793,0,1193
CANYON52-12,1,7,0,204,0,0,0,21,0,5,70,0,113,1,334,3,2,85,17,79,882,0,1403
CANYON53-12,2,4,0,210,0,0,0,32,0,3,66,0,127,11,287,4,4,95,17,64,1012,0,1494
CANYON54-12,3,16,0,183,0,0,1,17,0,2,65,0,147,3,340,10,3,88,23,64,847,0,1378
CANYON55-12,3,5,0,161,1,0,1,33,0,2,49,0,151,2,241,1,1,60,11,29,785,0,1130
CANYON56-12,1,8,2,164,0,0,0,24,1,0,37,2,105,4,248,10,1,57,13,36,635,0,1004
CANYON57-12,0,7,0,86,0,0,1,5,0,3,27,1,106,5,352,11,3,41,25,49,584,0,1070
CANYON58-12,2,7,0,211,0,0,1,16,0,3,44,0,134,2,177,7,2,63,22,58,894,0,1225
CANYON59-12,0,3,0,186,0,0,0,25,0,3,41,0,115,4,331,6,4,75,11,58,816,0,1305
CANYON60-12,1,8,0,146,0,0,2,12,0,2,43,0,81,3,310,7,2,70,11,48,609,0,1060
CANYON61-12,3,6,0,127,1,0,1,21,0,2,23,0,76,11,355,11,4,55,23,43,566,0,1068
CANYON62-12,0,6,0,206,0,1,0,29,1,0,65,0,125,8,395,11,6,91,14,52,858,0,1435
CANYON69-13,1,3,1,114,0,0,1,9,0,0,31,0,70,2,362,2,5,46,21,56,595,0,1089
CANYON70-13,1,9,0,143,0,0,0,25,0,1,49,0,110,1,250,6,2,67,10,57,643,0,1036
CANYON71-13,0,10,0,182,0,0,0,21,0,0,47,1,88,1,259,3,2,75,7,17,641,0,1005
CANYON72-13,1,9,2,157,0,0,1,27,0,0,55,0,108,6,291,7,1,59,12,51,660,0,1087
CANYON73-13,1,5,0,142,0,1,0,22,0,0,28,0,97,1,377,12,5,63,26,52,650,0,1186
CANYON74-13,2,4,0,272,0,2,0,40,0,2,76,0,161,6,354,3,4,119,14,60,1133,0,1693
CANYON75-13,0,7,0,233,0,0,0,32,0,1,69,1,125,4,284,5,3,85,11,45,801,0,1238
CANYON76-13,4,3,1,143,1,0,0,18,0,4,55,0,90,6,424,8,4,86,25,81,650,0,1284
CANYON77-13,0,12,0,226,0,0,1,22,0,1,59,0,109,3,285,6,0,77,13,57,797,0,1238
CANYON78-13,1,16,1,171,0,0,2,17,0,4,54,2,126,7,348,7,4,74,28,58,945,0,1471
CANYON79-13,0,12,0,294,1,0,1,42,0,1,95,0,159,3,326,8,2,85,7,42,930,0,1403
CANYON80-13,4,8,1,258,1,0,1,33,0,1,60,0,136,8,389,6,1,88,16,48,951,0,1507
CANYON81-13,0,7,0,294,0,0,0,48,0,3,65,0,169,7,362,9,3,74,10,63,1127,0,1655
CANYON82-13,0,7,2,237,1,0,0,22,0,0,48,0,91,5,252,13,3,115,7,63,847,0,1305
CANYON9-FEB,0,1,0,105,0,1,0,12,0,3,34,0,89,3,73,3,1,23,1,16,472,0,592
CANYON9-JAN,2,11,0,226,0,0,1,29,0,2,55,0,159,3,223,8,1,50,16,32,984,0,1317
CANYON9-MAR,2,9,0,249,0,0,0,33,0,0,47,0,210,6,209,5,1,87,15,33,1007,0,1363
CARIBOUBANCROFT,1,5,0,131,0,0,0,11,0,1,57,0,56,4,12,4,3,49,3,1,324,0,400
CARIBOUFREEDOM,1,5,0,13,0,0,0,1,0,0,6,0,7,0,1,1,0,14,1,1,38,0,56
CARIBOUGRACE #1,0,6,1,92,0,0,0,17,0,2,47,0,50,1,43,5,0,87,2,21,402,0,561
CARIBOUGRACE #2,1,2,0,57,0,0,0,3,0,0,27,0,28,0,19,3,0,60,0,6,238,0,326
CARIBOUSODA #1,0,4,0,92,2,0,0,19,0,1,48,0,41,1,62,2,1,42,3,7,418,0,536
CARIBOUSODA #2,2,3,0,88,0,0,0,9,0,0,34,0,57,3,66,2,0,39,1,13,388,0,512
CARIBOUSODA #3,0,3,0,54,0,0,0,15,1,0,24,0,18,1,39,3,0,43,3,10,205,0,304
CARIBOUSODA #4,1,4,1,47,0,0,0,7,0,1,38,1,28,4,29,0,0,37,2,5,223,0,300
CARIBOUWAYAN,0,2,0,14,0,0,0,0,0,2,6,0,7,0,0,0,0,1,0,0,39,0,40
CASSIA101 BURLEY 1,2,0,0,33,0,0,0,4,0,0,13,0,36,3,119,2,1,12,8,14,242,0,401
CASSIA102 BURLEY 2,2,2,0,50,0,0,0,8,0,0,25,1,42,1,69,3,1,25,0,20,201,0,320
CASSIA103 BURLEY 3,5,9,0,115,0,0,0,26,0,1,56,1,59,0,104,3,3,70,2,29,360,0,571
CASSIA104 BURLEY 4,6,11,0,175,1,0,0,19,0,2,87,0,86,2,103,4,1,78,2,24,455,0,669
CASSIA105 BURLEY 5,2,10,1,116,0,2,0,12,0,3,36,0,49,1,76,2,1,60,4,19,372,0,535
CASSIA106 BURLEY 6,2,5,2,113,0,0,2,8,0,6,50,1,77,1,134,3,4,54,3,18,395,0,612
CASSIA107 ALBION,4,7,0,78,1,0,0,7,0,1,23,1,54,2,29,0,0,19,2,3,253,0,308
CASSIA108 ALMO,6,3,0,19,0,0,0,0,0,1,20,0,18,1,15,2,0,9,0,1,78,0,106
CASSIA109 BRIDGE,1,2,1,8,0,0,0,4,0,0,4,0,10,0,1,2,0,10,0,0,36,0,49
CASSIA110 DECLO,3,11,4,180,0,0,0,18,0,4,68,0,83,3,48,6,0,46,2,18,517,0,640
CASSIA111 ELBA,6,6,0,18,0,0,0,4,0,0,23,0,15,0,6,0,1,15,0,2,76,0,100
CASSIA112 GRANDVIEW,2,13,0,124,1,0,0,17,0,3,44,1,67,3,43,3,0,57,1,6,370,0,483
CASSIA113 HEGLAR-YALE,1,2,0,33,0,0,0,0,0,0,9,0,18,0,8,0,0,14,2,1,61,0,86
CASSIA114 JACKSON,2,1,0,52,0,0,0,6,0,0,25,0,27,2,23,1,0,30,2,1,156,0,215
CASSIA115 MALTA,4,8,2,94,0,0,0,6,0,1,15,0,30,2,11,6,0,37,1,4,197,0,258
CASSIA116 OAKLEY 1,2,8,1,71,0,0,0,14,0,0,24,0,40,1,23,1,0,21,0,0,207,0,253
CASSIA117 OAKLEY 2,5,5,1,110,0,0,1,8,0,0,55,0,50,1,25,1,0,37,1,3,315,0,383
CASSIA118 PARSONS,0,2,0,11,0,0,0,4,0,0,1,0,8,1,10,0,0,10,0,1,32,0,54
CASSIA119 PELLA,2,2,0,79,0,0,0,7,0,0,39,0,47,0,32,2,0,26,1,2,218,0,281
CASSIA120 SPRINGDALE,0,9,0,147,0,0,0,25,0,1,67,0,46,2,41,6,0,69,3,13,378,0,512
CASSIA122 SUBLETT,0,0,0,5,0,0,0,7,0,0,5,0,9,0,3,0,0,8,0,1,31,0,43
CASSIA123 UNITY,5,13,0,174,2,0,0,18,0,2,61,1,50,2,41,1,4,63,2,7,351,0,471
CASSIA124 VIEW,2,3,0,100,0,0,0,7,0,0,11,2,14,0,3,4,0,19,0,7,161,0,194
CLARK#1,0,1,0,20,0,0,0,4,0,0,24,0,18,3,19,2,0,11,0,3,71,0,109
CLARK#2,0,1,0,14,0,0,0,1,0,0,17,1,10,0,14,0,0,6,0,0,51,0,71
CLARK#3,0,3,1,28,0,0,0,2,0,0,15,0,16,1,11,2,0,6,1,1,81,0,103
CLEARWATER1 OROFINO,0,4,0,64,0,0,0,9,0,1,6,0,64,1,63,3,3,10,10,14,283,0,387
CLEARWATER10 HEADQUARTERS,0,0,0,1,0,0,0,2,0,1,2,0,6,0,3,0,0,0,0,0,14,0,17
CLEARWATER11 AHSAHKA,0,1,1,32,1,0,0,8,0,1,6,1,42,0,44,1,2,1,1,10,142,0,201
CLEARWATER12 PIERCE,0,3,1,46,0,0,1,11,0,0,16,0,47,1,32,1,1,7,0,5,202,0,249
CLEARWATER13 ELK RIVER,2,4,0,7,0,0,0,0,0,0,4,0,11,0,23,1,2,1,2,4,50,0,83
CLEARWATER14 GRANGEMONT,0,0,1,12,0,0,1,4,0,0,7,0,23,0,15,1,0,4,2,0,71,0,93
CLEARWATER2 OROFINO,0,4,1,55,0,0,0,11,0,0,25,1,73,1,64,2,0,4,5,8,284,0,368
CLEARWATER3 OROFINO,0,5,1,53,0,0,0,10,0,1,21,0,71,2,83,4,2,5,5,15,323,0,439
CLEARWATER4 OROFINO,0,0,0,30,0,0,0,4,0,0,19,0,57,0,30,1,0,8,3,4,233,0,279
CLEARWATER5 OROFINO,0,2,1,46,1,0,0,2,0,0,8,0,59,1,82,1,2,9,3,10,269,0,377
CLEARWATER6 FRASER,1,1,1,3,1,0,1,2,0,0,6,0,21,0,3,0,0,1,0,0,64,0,68
CLEARWATER7 GREER,0,0,0,2,0,0,0,0,0,0,3,0,8,0,11,0,0,1,0,1,26,0,39
CLEARWATER8 TEAKEAN,1,2,0,37,0,0,1,12,0,0,4,1,30,0,15,0,0,3,2,4,123,0,147
CLEARWATER9 WEIPPE,0,1,1,69,0,0,0,8,0,0,13,0,86,0,40,1,0,4,1,12,318,0,376
CUSTERABSENTEE,2,7,0,10,1,0,0,7,0,0,20,0,42,1,150,4,6,18,7,14,407,0,607
CUSTERBATTLEGROUND,2,3,1,8,0,0,1,7,0,0,13,0,27,0,13,0,0,4,0,3,84,0,104
CUSTERCHALLIS,1,4,1,51,0,0,0,21,0,0,23,0,64,3,54,2,2,4,8,9,263,0,345
CUSTERCLAYTON,0,0,0,12,0,0,0,6,0,1,8,0,24,0,16,0,0,1,0,8,65,0,90
CUSTERLESLIE,0,0,2,68,0,1,1,8,1,0,31,3,59,1,35,1,0,22,3,14,255,0,331
CUSTERMACKAY,1,0,0,22,1,0,0,9,0,0,19,0,32,1,50,0,0,14,2,5,139,0,211
CUSTERROUND VALLEY 1,1,3,0,49,1,1,0,13,0,2,27,0,92,2,24,2,0,4,3,5,289,0,329
CUSTERROUND VALLEY 2,1,2,0,47,0,0,1,12,0,0,25,0,60,0,18,3,1,8,1,4,180,0,215
CUSTERSTANLEY,0,0,0,9,0,0,0,3,0,0,4,0,8,1,64,0,0,3,6,4,43,0,121
CUSTERSUNOL,0,3,0,9,0,0,0,5,0,0,4,0,7,0,3,0,0,4,0,1,52,0,60
ELMOREATLANTA,0,0,0,0,0,0,0,1,0,0,1,0,15,0,7,0,0,1,1,3,18,0,30
ELMORECHATTIN FLATS,0,0,0,15,0,0,0,3,0,0,2,0,13,0,5,0,1,2,0,0,41,0,49
ELMOREGLENNS FERRY,1,3,0,74,0,0,0,9,0,1,36,0,114,0,104,7,0,27,3,15,383,0,539
ELMOREHAMMETT,0,1,0,33,1,0,0,6,0,0,8,0,35,0,30,3,0,8,1,2,121,0,165
ELMOREKING HILL,2,0,0,29,0,0,0,3,0,0,9,0,23,0,29,1,0,3,1,5,97,0,136
ELMOREMAYFIELD,0,2,0,16,0,0,0,1,0,0,7,0,26,2,33,1,1,6,0,14,114,0,171
ELMOREMOUNTAIN HOME 1,0,1,0,60,0,1,0,6,0,0,19,0,46,6,69,1,0,14,1,24,289,0,404
ELMOREMOUNTAIN HOME 2,1,3,0,86,1,0,3,9,0,0,27,0,109,6,141,3,3,21,7,29,417,0,627
ELMOREMOUNTAIN HOME 3,2,3,0,57,1,2,1,14,0,1,23,0,102,1,105,4,3,31,12,14,342,0,512
ELMOREMOUNTAIN HOME 4,0,2,0,59,0,1,1,14,0,1,23,0,69,0,104,2,0,19,3,28,331,0,487
ELMOREMOUNTAIN HOME 5,1,3,2,66,0,0,0,23,0,0,44,0,99,4,88,6,2,43,2,26,416,0,587
ELMOREMOUNTAIN HOME 6,0,2,0,62,0,0,0,24,0,0,37,0,69,2,99,4,1,22,2,16,294,0,440
ELMOREMOUNTAIN HOME 7,1,1,0,69,0,0,0,31,0,0,16,0,88,0,99,2,0,23,4,15,321,0,464
ELMOREMOUNTAIN HOME 8,4,4,1,106,0,0,1,15,0,1,44,0,160,5,178,2,1,32,12,42,615,0,887
ELMOREMOUNTAIN HOME 9,2,3,0,87,0,0,0,21,0,0,23,1,117,3,124,0,4,31,8,26,444,0,640
ELMOREPINE,1,1,0,11,0,0,0,5,0,1,8,0,24,0,10,1,0,1,0,1,72,0,85
ELMOREPRAIRIE,1,0,0,13,0,0,0,3,0,1,4,0,18,0,5,1,0,7,0,2,60,0,75
FRANKLINBANIDA #6,0,2,0,30,0,0,0,3,0,0,21,0,9,1,6,2,0,24,0,2,100,0,135
FRANKLINCLIFTON #7,1,3,1,75,0,0,0,3,0,3,25,0,10,3,15,4,0,56,0,6,173,0,257
FRANKLINDAYTON #8,1,8,0,100,0,0,2,7,0,1,43,0,15,0,10,17,0,86,1,7,251,0,372
FRANKLINFAIRVIEW #9,1,5,0,73,1,0,1,8,0,0,19,0,25,2,34,4,0,48,5,5,288,0,386
FRANKLINFRANKLIN #10,3,5,1,68,1,0,0,15,0,2,36,1,42,1,37,23,0,84,2,11,358,0,516
FRANKLINMAPLETON #11,0,4,0,46,2,0,0,5,0,1,20,0,21,4,13,13,1,45,0,9,149,0,234
FRANKLINMINK CREEK #12,2,2,0,42,0,0,0,4,0,0,22,0,12,0,8,0,0,33,1,4,110,0,156
FRANKLINPRESTON #1,2,2,0,80,1,0,1,9,0,0,48,0,22,6,37,8,0,75,1,5,304,0,436
FRANKLINPRESTON #2,2,3,1,69,0,1,0,9,0,3,25,1,34,3,37,9,0,63,5,13,330,0,460
FRANKLINPRESTON #3,2,5,0,73,0,0,0,7,0,3,42,1,31,4,19,4,0,57,3,7,266,0,360
FRANKLINPRESTON #4,3,2,0,52,1,0,0,12,0,1,28,0,27,2,49,7,1,50,4,3,247,0,363
FRANKLINPRESTON #5,1,5,1,75,0,0,1,8,0,0,33,0,38,3,36,4,1,71,1,10,292,0,418
FRANKLINRIVERDALE #14,0,4,0,75,1,0,0,6,0,0,27,0,24,0,14,2,0,26,1,5,222,0,270
FRANKLINTHATCHER #13,1,1,0,26,1,0,0,8,0,0,4,0,12,1,11,0,0,16,1,4,91,0,124
FRANKLINWESTON #15,1,4,0,136,1,0,0,10,0,2,34,0,24,1,14,7,0,88,1,15,312,0,438
FRANKLINWHITNEY #16,0,7,0,87,0,0,0,3,0,0,38,1,26,2,19,7,1,52,1,10,247,0,339
FRANKLINWORM CREEK #17,0,1,1,52,0,0,0,8,0,0,16,0,15,5,26,1,0,38,3,1,161,0,235
FREMONT1,0,0,0,58,0,0,0,19,0,0,42,0,39,2,59,0,0,24,2,7,260,0,354
FREMONT10,0,5,0,132,0,0,0,7,0,2,43,0,51,3,44,1,1,49,1,8,354,0,461
FREMONT11,0,6,1,153,1,0,1,16,0,0,71,0,40,2,16,4,1,70,0,10,388,0,491
FREMONT12,0,3,0,75,0,0,0,5,0,1,32,1,28,2,29,2,1,57,2,3,220,0,316
FREMONT13,0,0,0,68,0,0,0,1,0,0,30,0,18,1,7,2,0,23,2,1,139,0,175
FREMONT2,0,6,1,150,0,0,2,10,0,1,63,0,37,2,23,10,0,86,0,14,313,0,448
FREMONT3,0,4,0,104,0,0,0,14,0,1,27,0,37,0,29,2,1,34,0,10,266,0,342
FREMONT4,3,5,0,92,2,0,0,9,0,0,50,0,38,0,39,3,0,36,1,9,279,0,367
FREMONT5,0,1,0,109,0,0,0,12,0,0,32,0,33,2,38,0,0,19,0,4,201,0,264
FREMONT6,2,5,0,134,0,0,0,19,0,1,37,0,34,2,31,3,0,35,1,7,266,0,345
FREMONT7,1,3,1,106,0,0,0,11,0,3,57,0,30,3,59,1,3,88,1,15,304,0,474
FREMONT8,1,1,1,144,1,0,0,14,0,2,60,0,55,2,42,7,0,80,2,16,336,0,485
FREMONT9,0,0,1,64,0,0,0,13,0,0,25,0,30,3,47,0,1,38,0,7,205,0,301
FREMONTABSENTEE,3,7,1,45,0,0,1,5,0,1,26,2,28,6,188,1,0,112,8,16,559,0,890
GEM01 CENTRAL,3,4,0,66,0,0,0,10,0,2,20,0,51,1,66,4,1,15,5,16,266,0,374
GEM02 NORTH EMMETT,1,1,0,59,0,0,0,10,0,0,22,1,58,1,62,3,1,17,2,21,254,0,361
GEM03 BUTTEVIEW,0,2,1,89,0,0,3,10,0,0,20,0,76,1,74,6,1,14,4,10,322,0,432
GEM04 SOUTH EMMETT,0,2,0,85,0,0,0,8,0,0,12,1,61,4,67,2,2,15,2,16,287,0,395
GEM05 WEST EMMETT,1,1,1,114,0,0,1,16,0,0,22,0,129,0,73,3,0,24,3,15,504,0,622
GEM06 EMERSON,0,5,0,124,1,0,1,11,0,1,32,0,113,4,70,0,0,21,5,19,424,0,543
GEM07 LINCOLN,1,1,2,131,0,0,0,13,0,1,25,0,87,2,67,3,1,19,4,16,405,0,517
GEM08 LETHA,1,0,0,108,0,0,0,8,0,3,21,0,95,2,50,1,3,32,5,20,444,0,557
GEM09 HANNA,1,4,1,156,0,0,1,14,0,1,32,0,108,6,50,2,2,30,4,18,390,0,502
GEM10 BRICK,1,3,3,110,0,0,0,10,0,2,27,0,74,0,45,2,2,27,4,11,314,0,405
GEM11 BENCH,0,1,0,117,0,0,0,7,0,0,37,1,100,2,51,6,0,32,6,13,337,0,447
GEM12 SWEET/MONTOUR,0,3,0,93,0,0,0,5,0,1,20,1,83,1,54,3,1,9,0,3,309,0,380
GEM13 OLA,0,0,0,27,0,0,0,4,0,0,6,0,35,1,13,0,0,2,2,2,64,0,84
GEMABSENTEE,1,15,0,112,0,0,1,33,0,3,57,0,160,5,487,6,3,100,11,61,1660,0,2333
GOODING2 GOODING CITY,7,10,0,133,0,0,1,33,0,1,49,0,114,8,156,6,2,38,8,22,524,0,764
GOODING3 GOODING RURAL,1,11,1,243,0,0,0,42,0,2,50,1,180,2,97,11,4,72,2,20,734,0,942
GOODING4 WENDELL CITY,0,0,1,115,0,0,0,9,0,1,32,0,68,4,141,2,6,35,2,13,475,0,678
GOODING5 WENDELL RURAL,2,6,0,140,0,0,0,14,0,0,30,0,91,3,83,3,1,31,4,16,483,0,624
GOODING6 BLISS,1,1,0,37,0,0,1,11,0,1,8,0,50,0,39,0,0,14,4,9,178,0,244
GOODING7 HAGERMAN,0,8,1,195,0,0,1,24,0,1,41,0,176,7,123,9,2,47,5,7,679,0,879
IDAHO001 BIG BUTTE,0,4,1,15,0,0,1,0,0,0,9,0,17,0,5,0,0,0,0,3,64,0,72
IDAHO002 CLEARWATER,3,1,0,58,0,0,2,4,0,1,13,0,62,2,17,2,0,5,1,3,177,0,207
IDAHO003 COTTONWOOD 1,0,5,0,81,0,0,1,11,1,1,13,0,37,0,38,3,0,5,0,8,218,0,272
IDAHO004 COTTONWOOD 2,0,5,0,36,0,0,0,7,0,1,15,0,39,4,45,0,1,2,1,6,209,0,268
IDAHO005 ELK CITY,1,2,1,19,0,0,0,6,0,1,2,0,30,0,9,1,1,4,0,2,94,0,111
IDAHO006 FENN,0,0,0,39,0,0,0,3,0,0,9,0,24,0,13,1,0,2,0,1,104,0,121
IDAHO007 FERDINAND,0,2,0,37,0,0,0,4,0,1,12,0,26,1,17,3,0,3,2,7,154,0,187
IDAHO008 GREENCREEK,1,3,0,35,0,0,1,1,0,0,10,0,21,1,22,0,1,0,0,6,114,0,144
IDAHO009 GLOVER,0,8,0,47,0,0,0,5,1,2,3,0,40,1,24,0,0,6,0,2,123,0,156
IDAHO010 GRANGEVILLE 1,5,6,0,66,0,0,0,15,0,0,14,0,58,1,29,2,0,11,4,13,245,0,305
IDAHO011 GRANGEVILLE 2,1,2,0,44,1,0,1,8,0,0,7,0,53,2,39,6,1,4,3,14,212,0,281
IDAHO012 GRANGEVILLE 3,3,8,2,71,1,0,0,11,0,1,24,0,51,3,34,4,0,6,1,13,214,0,275
IDAHO013 GRANGEVILLE 4,2,7,1,101,0,0,1,30,0,0,23,0,88,2,57,1,1,8,1,8,294,0,372
IDAHO014 GRANGEVILLE 5,3,15,1,146,0,1,1,40,0,1,30,1,109,3,58,0,0,17,7,18,350,0,453
IDAHO015 HARPSTER,1,5,0,35,0,0,2,3,0,0,4,0,43,3,17,1,0,3,6,1,132,0,163
IDAHO016 JOSEPH,0,0,0,2,0,0,3,0,0,0,0,0,2,1,2,0,0,0,1,2,7,0,13
IDAHO017 KAMIAH,2,7,0,124,0,0,0,28,0,6,20,0,171,2,101,7,1,9,4,16,492,0,632
IDAHO018 KEUTERVILLE,1,2,0,32,0,0,0,3,0,0,6,0,33,0,21,2,0,1,1,3,129,0,157
IDAHO019 KOOSKIA,3,16,0,162,1,0,2,25,0,6,26,0,207,7,91,3,1,14,5,16,594,0,731
IDAHO020 LOWELL,0,1,0,7,0,0,0,1,0,0,4,0,22,0,19,2,0,1,1,3,51,0,77
IDAHO021 POLLOCK,0,3,0,30,0,1,0,5,0,1,11,0,50,1,28,3,1,7,0,10,204,0,254
IDAHO022 RIGGINS,0,6,0,49,0,0,0,14,0,1,11,0,69,0,50,0,0,10,1,10,253,0,324
IDAHO023 SLATE CREEK I,1,0,0,13,0,0,2,2,0,0,7,0,27,0,3,0,2,2,0,3,67,0,77
IDAHO024 STITES,1,2,0,62,0,0,1,4,0,1,13,1,77,0,10,0,0,2,0,2,214,0,228
IDAHO025 WHITE BIRD,1,0,0,26,0,0,0,4,0,0,7,0,80,2,18,2,0,1,0,5,186,0,214
IDAHO026 WOODLAND,0,3,0,46,0,0,0,5,0,3,5,0,33,2,6,3,0,8,1,4,109,0,133
IDAHO027 SLATE CREEK II,0,4,0,11,0,0,0,7,0,0,1,0,19,1,16,0,1,0,1,1,57,0,77
IDAHO028 ABSENTEE,9,17,1,101,0,0,3,20,1,3,62,4,179,8,407,11,3,34,11,74,1374,0,1922
JEFFERSON1 ANNIS,1,1,0,112,0,0,0,3,0,0,26,0,20,1,12,4,0,35,8,3,168,0,231
JEFFERSON10 MONTEVIEW,0,1,1,64,0,0,0,4,0,0,11,0,14,3,14,2,2,6,0,1,151,0,179
JEFFERSON11 RIGBY 1,0,3,0,130,0,0,1,5,0,0,81,0,37,0,49,8,0,94,5,25,293,0,474
JEFFERSON12 RIGBY 2,0,1,0,76,0,0,0,7,0,1,30,0,35,1,37,5,1,49,2,6,207,0,308
JEFFERSON13 RIGBY 3,0,12,0,511,1,0,1,31,0,6,195,1,117,10,84,18,1,278,10,53,1224,0,1678
JEFFERSON14 RIGBY 4,0,11,1,264,1,1,1,9,0,0,110,0,60,2,61,9,0,142,6,14,493,0,727
JEFFERSON15 RIRIE,1,3,1,147,0,0,1,15,0,0,91,0,68,2,67,2,1,84,3,18,512,0,689
JEFFERSON16 ROBERTS,0,2,0,105,0,1,0,10,0,1,40,0,49,1,54,5,0,44,1,5,355,0,465
JEFFERSON17 TERRETON,0,5,1,135,1,0,0,11,0,2,55,1,37,1,38,2,0,35,0,5,333,0,414
JEFFERSON2 CLARK,2,4,0,246,0,0,0,12,0,2,94,0,62,1,47,8,2,87,4,15,608,0,772
JEFFERSON3 GARFIELD,1,8,0,361,0,0,0,19,0,0,149,0,72,2,70,13,2,184,6,28,722,0,1027
JEFFERSON4 GRANT,2,5,0,178,1,0,0,10,0,1,88,0,45,4,31,5,1,53,0,7,414,0,515
JEFFERSON5 HAMER,0,5,0,90,0,0,0,7,0,0,38,1,13,0,13,3,0,25,0,2,177,0,220
JEFFERSON6 LABELLE,1,4,0,185,0,0,0,11,0,1,66,0,73,0,30,6,1,58,2,12,426,0,535
JEFFERSON7 LEWISVILLE,1,3,0,137,0,0,0,11,0,1,80,0,45,2,38,2,0,52,2,10,393,0,499
JEFFERSON8 LORENZO,0,1,0,85,0,0,0,5,0,2,35,0,24,3,20,1,1,42,1,1,156,0,225
JEFFERSON9 MENAN,3,2,1,186,0,0,0,12,0,0,88,1,52,3,66,3,1,66,3,12,448,0,602
JEROME1 BISHOP-COURT,1,1,2,81,0,0,0,14,0,2,26,0,44,3,97,5,1,31,2,20,286,0,445
JEROME10 SOUTHWEST,1,1,0,118,0,0,0,12,0,0,17,0,71,1,116,3,1,31,4,16,403,0,575
JEROME2 CANYONSIDE,0,2,1,301,0,0,0,35,0,0,37,1,157,1,141,11,0,50,4,24,733,0,964
JEROME3 EDEN,2,4,3,71,0,0,1,19,0,0,13,1,47,1,50,5,1,22,0,11,242,0,332
JEROME4 FALLS CITY,1,0,0,96,0,0,0,16,1,0,12,0,51,2,44,3,2,17,2,10,255,0,335
JEROME5 HAZELTON,0,4,0,135,1,0,0,16,0,0,21,0,85,1,68,3,2,27,4,14,408,0,527
JEROME6 NORTHEAST,3,4,1,115,0,0,0,23,0,0,31,0,61,3,179,3,1,72,5,38,444,0,745
JEROME7 NORTHWEST,2,3,1,88,0,0,1,1,0,0,12,0,52,1,92,3,1,32,3,14,272,0,418
JEROME8 SHEPHERD-VIEW,0,1,0,91,1,0,0,20,0,0,23,0,63,6,105,5,2,38,10,24,360,0,550
JEROME9 SOUTHEAST,0,1,0,24,1,0,1,13,0,1,8,0,44,1,74,3,1,10,8,14,191,0,302
KOOTENAI1,0,2,0,166,0,0,0,18,0,2,18,0,107,10,130,9,2,23,6,24,665,0,869
KOOTENAI10,0,2,0,77,1,0,0,6,0,1,10,1,32,1,41,3,0,5,3,9,263,0,325
KOOTENAI11,3,2,0,144,0,0,0,19,0,1,11,0,75,5,118,11,0,11,6,34,498,0,683
KOOTENAI12,1,4,0,124,0,0,0,9,0,3,8,1,64,0,68,3,1,7,2,14,366,0,461
KOOTENAI13,0,0,0,111,0,0,0,17,0,0,16,0,49,2,48,2,0,14,3,14,237,0,320
KOOTENAI14,0,2,0,164,0,0,0,11,1,0,10,0,89,2,110,2,1,18,2,28,504,0,667
KOOTENAI15,1,8,0,220,1,0,0,22,0,2,28,0,136,1,177,5,3,22,9,36,609,0,862
KOOTENAI16,1,1,0,220,0,0,0,56,0,3,61,0,156,1,170,3,1,32,9,29,638,0,883
KOOTENAI17,1,4,1,158,1,0,0,13,0,0,22,0,64,2,123,2,2,15,4,31,396,0,575
KOOTENAI18,0,3,0,249,0,0,1,30,0,0,27,0,98,3,149,9,1,29,17,33,761,0,1002
KOOTENAI19,2,1,0,161,0,0,0,24,0,0,23,0,96,3,158,1,3,20,9,25,470,0,689
KOOTENAI2,1,8,1,266,2,0,0,16,0,1,17,0,126,0,78,5,0,22,7,19,732,0,863
KOOTENAI20,0,4,1,214,0,0,1,43,0,0,34,0,154,2,163,2,0,20,15,38,611,0,851
KOOTENAI21,1,3,0,135,0,0,1,34,0,0,27,0,75,1,120,2,1,10,8,26,379,0,547
KOOTENAI22,0,2,0,205,2,1,0,61,0,1,33,0,113,2,152,2,2,16,8,21,491,0,694
KOOTENAI23,0,5,0,142,0,0,0,5,0,0,7,0,77,7,125,0,0,17,7,48,516,0,720
KOOTENAI24,0,2,1,101,0,0,0,6,0,0,14,0,50,2,122,3,1,13,2,28,379,0,550
KOOTENAI25,0,2,0,220,0,0,0,15,0,0,18,0,84,2,201,6,5,20,10,35,647,0,926
KOOTENAI26,0,0,0,123,0,0,0,3,0,1,6,0,46,4,111,3,1,9,9,32,327,0,496
KOOTENAI27,0,3,0,115,0,0,0,7,0,0,5,0,40,1,68,2,2,14,4,22,295,0,408
KOOTENAI28,0,7,0,356,1,0,1,28,0,1,28,0,152,7,238,9,4,46,15,80,1100,0,1499
KOOTENAI29,3,5,1,84,0,0,0,4,0,1,5,0,48,1,116,1,1,8,11,31,355,0,524
KOOTENAI3,0,7,0,255,0,0,1,12,0,1,16,1,147,4,130,14,1,20,7,21,759,0,956
KOOTENAI30,0,3,0,194,0,1,0,15,0,3,17,0,77,1,146,7,0,17,6,44,563,0,784
KOOTENAI31,0,0,0,46,0,0,1,0,0,1,6,0,27,2,43,3,0,4,6,8,150,0,216
KOOTENAI32,0,7,0,130,0,0,1,18,0,0,14,0,44,4,164,3,5,17,11,33,447,0,684
KOOTENAI33,1,2,1,100,0,0,2,15,0,0,13,0,47,1,81,3,0,8,5,18,261,0,377
KOOTENAI34,0,3,1,226,0,0,0,30,0,2,34,0,103,1,142,5,1,21,8,39,555,0,772
KOOTENAI35,0,1,0,103,0,0,0,9,0,2,12,1,51,0,93,4,0,11,5,15,294,0,422
KOOTENAI36,0,1,1,101,0,0,0,14,0,1,16,0,73,3,62,0,0,10,8,16,290,0,389
KOOTENAI37,0,5,0,206,0,0,0,28,0,1,16,0,95,4,148,8,1,26,2,36,582,0,807
KOOTENAI38,0,3,0,165,0,0,0,17,0,0,15,0,64,4,206,4,1,44,8,26,462,0,755
KOOTENAI39,2,2,0,285,0,0,1,20,0,1,28,0,102,2,249,9,1,45,14,64,786,0,1170
KOOTENAI4,1,3,1,140,0,0,0,19,0,1,18,0,91,1,138,1,0,6,8,14,468,0,636
KOOTENAI40,1,2,0,198,0,0,0,15,0,0,24,0,63,2,210,1,0,28,12,45,526,0,824
KOOTENAI41,0,6,0,187,0,0,0,25,0,0,26,0,81,6,128,2,1,19,2,24,516,0,698
KOOTENAI42,0,3,0,148,0,0,3,17,0,2,14,0,60,2,191,5,2,28,12,18,389,0,647
KOOTENAI43,0,3,0,112,1,0,0,17,0,0,17,0,61,1,150,7,1,7,9,17,426,0,618
KOOTENAI44,1,3,0,155,0,0,1,35,0,2,25,0,85,0,227,3,0,17,10,35,422,0,714
KOOTENAI45,0,1,0,145,0,0,0,16,0,1,24,0,75,2,186,7,0,20,7,36,410,0,668
KOOTENAI46,0,1,0,185,1,0,0,23,0,0,30,2,119,2,167,1,0,24,4,38,461,0,697
KOOTENAI47,1,8,0,248,0,0,0,32,0,0,37,0,88,2,211,8,1,16,7,36,571,0,852
KOOTENAI48,1,2,0,60,0,0,0,9,0,2,6,0,39,2,99,3,0,4,11,24,236,0,379
KOOTENAI49,0,2,1,92,0,0,0,18,1,2,14,0,30,1,125,2,2,7,9,30,312,0,488
KOOTENAI5,0,3,0,251,0,0,0,38,0,3,38,1,141,3,183,4,1,34,12,37,755,0,1029
KOOTENAI50,1,2,0,95,0,0,0,17,1,0,12,0,29,0,110,7,0,17,7,9,231,0,381
KOOTENAI51,1,0,0,73,0,0,0,5,1,2,11,0,48,2,160,1,1,7,8,33,318,0,530
KOOTENAI52,4,3,0,86,0,0,0,11,0,0,8,0,37,1,108,2,0,15,7,24,266,0,423
KOOTENAI53,0,1,0,92,0,0,0,10,0,0,10,0,54,2,165,9,0,12,13,39,300,0,540
KOOTENAI54,0,6,1,59,1,0,0,7,0,2,13,0,29,3,184,2,1,8,9,39,193,0,439
KOOTENAI55,0,1,0,44,0,0,0,8,0,0,13,1,29,6,149,1,0,4,20,24,164,0,368
KOOTENAI56,0,0,0,57,0,0,0,7,0,1,5,0,30,1,154,2,2,7,9,32,150,0,357
KOOTENAI57,0,1,0,76,0,0,0,14,0,1,5,2,49,1,157,3,0,13,9,30,240,0,453
KOOTENAI58,2,0,0,76,0,0,0,24,0,0,23,0,38,3,231,0,1,20,14,38,196,0,503
KOOTENAI59,1,1,0,28,0,0,0,6,0,1,7,0,33,1,132,2,1,5,12,18,145,0,316
KOOTENAI6,0,6,0,352,1,0,0,39,0,4,19,0,161,3,136,4,0,31,5,42,936,0,1157
KOOTENAI60,0,0,0,52,0,0,1,4,0,1,7,0,31,1,131,1,3,8,3,24,133,0,304
KOOTENAI61,0,3,0,232,0,0,1,39,0,1,32,0,118,1,166,10,1,25,7,35,549,0,794
KOOTENAI62,0,2,2,81,0,0,0,20,0,0,9,0,29,2,94,3,0,10,2,22,184,0,317
KOOTENAI63,0,6,0,244,0,0,2,16,0,3,27,0,79,3,96,3,1,19,5,19,582,0,728
KOOTENAI64,0,1,0,105,0,0,0,13,0,2,18,0,64,1,52,2,0,4,7,14,309,0,389
KOOTENAI65,0,2,0,163,0,0,1,23,0,2,26,0,81,2,105,6,0,8,1,21,378,0,521
KOOTENAI66,3,2,0,171,0,0,0,27,0,1,22,0,89,3,119,2,0,21,8,24,399,0,576
KOOTENAI67,0,0,0,89,0,0,0,12,0,0,10,0,45,4,61,0,1,4,3,6,187,0,266
KOOTENAI68,0,5,0,137,0,0,1,15,0,1,18,0,70,2,114,6,2,6,7,10,391,0,538
KOOTENAI69,0,4,0,98,0,0,0,13,0,1,10,0,55,0,159,0,0,7,7,21,333,0,527
KOOTENAI7,2,9,0,303,0,0,0,25,0,3,31,0,102,5,192,8,2,24,13,47,791,0,1082
KOOTENAI70,1,3,0,96,0,0,0,12,0,1,6,0,44,2,68,2,0,8,4,15,289,0,388
KOOTENAI8,1,1,0,341,0,0,0,23,0,1,38,0,140,5,211,3,2,35,9,40,1009,0,1314
KOOTENAI9,2,5,1,284,1,0,0,45,0,3,29,0,143,6,222,10,1,20,14,43,963,0,1279
LATAHBOVILL 32,0,0,0,17,0,0,0,3,0,0,0,0,13,2,29,2,0,1,1,6,54,0,95
LATAHCORA 31,0,2,0,45,1,0,0,4,0,0,3,0,21,1,30,4,0,3,0,6,131,0,175
LATAHDEARY 19,0,8,0,99,0,0,0,12,0,0,16,0,69,6,104,1,2,7,4,27,430,0,581
LATAHFARMINGTON 20,0,0,0,1,0,0,0,0,0,0,2,0,8,0,2,0,0,0,0,1,25,0,28
LATAHGENESEE 21,2,5,0,76,0,0,1,30,0,1,24,0,48,3,138,2,1,17,22,28,383,0,594
LATAHHARVARD 22,0,3,0,41,0,0,0,4,0,0,5,0,35,0,17,0,1,1,2,4,141,0,166
LATAHJULIAETTA 23,1,0,0,26,0,0,0,4,0,0,7,0,25,1,63,2,2,3,3,15,190,0,279
LATAHKENDRICK 24,0,2,0,25,0,0,0,2,0,0,10,0,31,0,59,5,0,5,2,10,166,0,247
LATAHLINDEN 25,2,1,1,12,0,0,0,1,0,1,7,0,13,0,4,0,1,3,1,1,58,0,68
LATAHMOSCOW 1,0,1,0,20,0,0,0,5,0,0,11,0,7,0,83,0,0,11,4,22,101,0,221
LATAHMOSCOW 10,0,4,0,80,1,0,0,11,0,1,8,0,23,6,216,14,2,36,15,35,157,0,481
LATAHMOSCOW 11,0,3,0,78,0,0,2,6,0,0,12,0,15,3,219,28,1,25,14,31,101,0,422
LATAHMOSCOW 12,1,3,0,97,0,0,1,12,0,0,21,0,27,3,171,15,3,32,14,46,219,0,503
LATAHMOSCOW 13,1,2,0,46,0,0,0,9,0,0,13,0,19,4,171,2,1,24,7,25,83,0,317
LATAHMOSCOW 14,0,5,0,82,0,0,1,11,0,0,6,0,16,3,248,21,2,29,20,41,100,0,464
LATAHMOSCOW 15,2,0,1,58,0,0,0,7,0,0,9,1,10,1,214,13,1,30,13,36,101,0,409
LATAHMOSCOW 16,0,1,0,62,0,0,0,11,0,0,19,0,13,2,306,20,2,33,26,73,166,0,628
LATAHMOSCOW 17,0,1,0,81,0,0,0,14,0,0,21,0,34,6,195,13,0,22,7,27,193,0,463
LATAHMOSCOW 18,0,0,0,37,0,0,0,8,0,0,13,0,8,2,284,3,2,14,31,58,135,0,529
LATAHMOSCOW 2,0,4,0,98,0,0,0,9,0,0,17,0,13,0,312,14,1,27,23,64,214,0,655
LATAHMOSCOW 3,0,7,1,86,0,0,0,9,0,1,13,0,30,2,182,26,1,30,15,42,226,0,524
LATAHMOSCOW 4,0,4,0,95,0,0,0,23,0,0,17,0,25,2,165,18,0,33,11,23,185,0,437
LATAHMOSCOW 5,0,4,0,80,0,0,0,13,0,0,15,0,29,3,189,11,1,34,9,29,170,0,446
LATAHMOSCOW 6,0,2,0,77,0,0,0,8,0,0,8,0,13,1,248,13,1,23,23,42,117,0,468
LATAHMOSCOW 7,0,4,0,80,0,0,0,9,0,1,12,0,22,1,157,3,1,29,20,40,203,0,454
LATAHMOSCOW 8,0,0,0,16,0,0,0,5,0,0,24,0,12,1,463,4,5,15,24,86,229,0,827
LATAHMOSCOW 9,0,1,0,90,0,0,3,15,0,0,22,0,16,0,229,13,0,31,14,22,151,0,460
LATAHPALOUSE 26,1,1,1,41,0,0,0,6,0,1,4,0,30,0,39,3,1,7,4,7,133,0,194
LATAHPOTLATCH 27,3,7,0,108,0,0,1,7,0,2,15,0,81,1,120,7,2,5,10,16,399,0,560
LATAHPRINCETON 28,0,4,2,100,0,0,1,8,0,1,14,0,47,1,57,2,0,4,2,18,253,0,337
LATAHTROY 29,0,6,1,132,1,0,0,35,0,2,21,0,77,1,254,12,3,22,15,56,472,0,835
LATAHVIOLA 30,0,0,0,51,0,0,0,11,0,0,4,0,24,0,57,1,0,5,3,17,149,0,232
LEMHI001 - SALMON,4,16,0,139,0,0,4,38,0,2,54,1,176,3,106,3,2,25,9,28,513,0,689
LEMHI002 - DEPOT,0,4,1,140,0,0,3,30,0,5,74,1,109,4,66,2,2,23,4,16,449,0,566
LEMHI003 - BROOKLYN,3,13,2,164,1,0,2,66,0,3,83,0,189,1,132,4,2,30,6,30,601,0,806
LEMHI004 - NORTH FORK,0,0,0,32,0,0,0,19,0,0,20,0,39,0,31,0,0,2,2,5,132,0,172
LEMHI005 - MINERAL HILL,0,1,0,1,0,0,0,4,0,0,4,0,18,0,9,0,0,3,0,2,32,0,46
LEMHI006 - IRON CREEK,0,0,0,14,0,0,0,6,0,0,3,0,42,0,12,1,0,2,0,2,99,0,116
LEMHI007 - PAHSIMEROI,0,3,0,3,0,1,0,1,0,0,7,0,22,0,7,0,0,3,0,4,48,0,62
LEMHI008 - LEMHI,0,0,0,32,0,0,0,10,0,0,25,0,36,1,14,1,0,4,0,2,156,0,178
LEMHI009 - JUNCTION,0,0,0,37,0,0,0,7,0,1,26,0,34,0,9,0,0,4,1,2,128,0,144
LEMHIABSENTEE,1,14,2,35,1,0,0,17,0,1,39,0,92,7,347,8,3,43,9,47,853,0,1317
LEWIS001 NEZPERCE,0,2,0,47,0,0,2,9,0,2,25,0,44,3,82,8,0,9,4,14,227,0,347
LEWIS002 WEST KAMIAH,2,8,0,81,0,0,3,7,0,1,16,0,101,2,57,1,1,1,3,14,352,0,431
LEWIS003 EAST KAMIAH,0,1,0,26,0,0,0,4,0,0,7,0,24,0,23,2,0,0,3,3,113,0,144
LEWIS004 CRAIGMONT,1,2,1,48,1,0,1,13,0,0,9,0,51,0,49,6,0,3,1,10,253,0,322
LEWIS005 WINCHESTER,1,3,0,56,0,0,1,12,0,0,10,0,52,1,43,0,1,1,2,10,211,0,269
LEWIS006 REUBENS,1,0,0,3,0,0,0,0,0,0,0,1,8,0,7,0,0,0,0,6,22,0,35
LEWIS007 MOHLER,0,1,1,2,0,0,0,3,0,0,8,0,3,0,7,1,0,3,0,4,20,0,35
LEWIS008 SLICKPOO,0,1,0,0,0,0,0,0,0,0,0,0,3,0,2,0,0,0,0,1,4,0,7
LINCOLN1 SHOSHONE,3,4,0,97,0,0,1,16,0,1,22,0,90,2,209,6,1,40,6,22,405,0,691
LINCOLN3 NORTH SHOSHONE,0,2,0,49,0,0,0,9,0,0,18,0,54,0,77,2,0,16,4,9,230,0,338
LINCOLN4 RICHFIELD,0,1,0,60,0,0,1,12,0,0,22,0,61,3,50,8,4,19,8,13,314,0,419
LINCOLN5 DIETRICH,0,4,0,67,0,0,1,12,0,1,15,0,39,1,24,2,1,24,0,10,200,0,262
LINCOLN6 KIMAMA,0,4,0,6,0,0,0,2,0,0,0,0,4,0,0,0,0,3,0,0,35,0,38
MADISON#10 PORTER PARK,0,1,1,124,0,0,0,14,0,0,52,0,6,1,25,10,1,176,1,30,201,0,445
MADISON#11 CITY CENTER,2,8,0,109,1,0,1,16,0,0,60,0,13,0,82,4,1,264,2,47,342,0,742
MADISON#12 4TH SOUTH,0,8,0,154,0,0,0,11,0,0,75,0,5,2,69,3,0,300,4,61,318,0,757
MADISON#13 UNIVERSITY,1,3,0,113,0,0,1,5,0,0,43,1,15,2,61,9,0,252,8,48,516,0,896
MADISON#14 REXBURG HILL,0,5,1,205,0,0,0,15,0,1,106,0,14,2,74,3,0,234,3,34,331,0,681
MADISON#15 POLELINE,2,11,0,288,0,0,0,26,0,3,119,0,23,4,45,10,1,303,3,44,494,0,904
MADISON#16 LINCOLN,0,7,1,275,1,0,1,32,0,1,145,1,22,3,75,2,0,250,4,17,377,0,728
MADISON#17 MOODY,0,2,0,74,0,0,0,3,0,0,49,0,8,0,7,1,0,35,0,4,167,0,214
MADISON#18 UNION/LYMAN,3,7,0,240,1,1,0,21,0,2,98,0,20,3,33,7,1,167,4,20,394,0,629
MADISON#19 ARCHER,1,6,0,202,0,1,1,13,0,1,87,1,34,1,28,0,0,91,1,5,408,0,534
MADISON#2 BURTON,2,11,1,293,0,0,0,21,0,3,118,0,57,3,35,14,0,154,4,11,560,0,781
MADISON#3 HIBBARD,0,8,0,344,0,0,1,20,0,2,158,0,64,4,38,6,0,194,2,31,576,0,851
MADISON#4 SALEM,0,2,0,135,0,0,0,9,0,1,56,0,26,0,16,4,0,68,0,9,276,0,373
MADISON#5 FAIRGROUNDS,0,7,0,248,0,0,1,20,1,3,96,0,40,2,58,7,1,235,4,26,448,0,781
MADISON#6 SUGAR CITY,1,11,0,268,0,0,1,27,0,0,137,1,33,2,40,8,0,211,0,17,508,0,786
MADISON#7 ADAMS,1,9,1,318,1,0,1,29,0,3,130,0,49,2,56,13,2,251,5,29,564,0,922
MADISON#8 PIONEER WEST,1,10,0,268,0,0,0,23,0,0,123,0,19,3,63,12,4,322,4,58,480,0,946
MADISON#9 PIONEER EAST,2,7,0,246,0,0,2,28,0,0,155,1,11,1,71,8,1,292,4,35,378,0,790
MADISONABSENTEE,6,5,1,83,1,1,0,11,0,2,64,0,42,6,316,14,4,823,14,79,1390,0,2646
MINIDOKA1 ACEQUIA,1,3,0,105,0,0,0,15,0,0,33,0,61,1,64,8,2,28,3,14,324,0,444
MINIDOKA10 RUPERT 4,1,2,0,92,0,0,0,8,0,0,33,0,72,0,76,4,6,25,4,14,316,0,445
MINIDOKA11 RUPERT 5,0,3,0,52,0,0,0,5,0,1,22,0,41,3,32,0,0,25,0,9,181,0,250
MINIDOKA2 EMERSON,1,5,0,148,0,0,0,8,0,1,33,1,86,1,80,4,2,52,3,15,492,0,649
MINIDOKA3 HEYBURN 1,3,3,0,92,1,0,0,14,0,1,35,1,53,2,124,3,4,38,7,14,428,0,620
MINIDOKA4 HEYBURN 2,3,5,0,137,0,0,2,21,0,0,27,0,72,1,83,2,4,34,0,18,433,0,575
MINIDOKA5 PAUL,0,5,0,127,0,0,0,16,0,0,31,1,81,3,100,4,1,30,5,17,415,0,575
MINIDOKA6 PIONEER,0,4,0,104,0,0,1,9,0,0,34,0,58,3,40,5,2,27,0,8,359,0,444
MINIDOKA7 RUPERT 1,1,4,0,114,0,0,1,18,0,0,42,0,57,5,100,3,2,44,2,13,336,0,505
MINIDOKA8 RUPERT 2,4,3,0,115,0,0,1,11,0,0,32,1,85,4,71,6,2,43,4,21,363,0,514
MINIDOKA9 RUPERT 3,1,2,0,53,0,0,0,10,0,0,23,0,37,2,96,3,3,26,4,24,221,0,379
NEZ PERCEABSENTEE,8,30,0,81,2,0,0,21,0,3,58,1,146,19,2034,29,13,85,45,201,2994,0,5420
NEZ PERCECULDESAC 31,1,0,0,32,0,0,0,3,0,2,7,0,39,1,44,0,0,6,4,6,167,0,228
NEZ PERCEFOOTHILLS 24,1,2,0,76,0,0,0,15,0,2,15,0,46,0,61,3,3,13,2,20,299,0,401
NEZ PERCEGIFFORD 30,1,2,0,18,0,0,0,2,0,0,1,0,23,0,19,1,0,1,1,5,87,0,114
NEZ PERCELAPWAI 26,2,3,1,33,0,0,1,1,0,2,13,1,28,1,280,1,0,7,21,18,147,0,475
NEZ PERCELELAND 27,0,3,1,42,0,1,1,7,0,0,11,1,30,0,20,2,0,1,2,9,140,0,174
NEZ PERCELENORE 28,0,3,0,38,0,0,0,8,0,3,11,0,47,1,39,0,1,4,8,5,182,0,240
NEZ PERCELEWISTON 1,0,2,0,26,0,0,0,9,0,0,7,0,26,0,103,3,1,5,10,20,167,0,309
NEZ PERCELEWISTON 10,0,0,0,30,0,0,0,4,0,0,10,0,21,0,69,1,0,5,4,22,200,0,301
NEZ PERCELEWISTON 11,0,1,0,45,0,0,0,9,0,0,12,0,45,3,114,4,1,11,5,26,222,0,386
NEZ PERCELEWISTON 12,0,0,1,34,0,0,0,4,0,0,6,0,17,1,47,2,2,10,2,14,143,0,221
NEZ PERCELEWISTON 13,1,0,0,58,0,0,0,4,0,0,2,0,40,0,77,5,1,7,1,21,251,0,363
NEZ PERCELEWISTON 14,1,0,0,40,0,0,0,11,0,0,14,0,36,3,87,0,4,11,2,25,279,0,411
NEZ PERCELEWISTON 15,0,3,2,51,0,0,0,11,0,2,14,0,32,3,70,6,2,7,2,7,245,0,342
NEZ PERCELEWISTON 16,0,1,1,48,0,0,0,16,0,0,9,0,35,1,94,1,3,10,1,23,252,0,385
NEZ PERCELEWISTON 17,0,5,0,62,0,0,1,7,0,1,20,1,45,6,109,3,1,17,5,37,374,0,552
NEZ PERCELEWISTON 18,0,2,0,52,0,0,1,11,0,0,11,1,46,2,71,4,1,4,5,21,278,0,386
NEZ PERCELEWISTON 19,1,2,0,59,0,0,1,12,0,1,23,0,69,3,99,9,0,8,8,25,364,0,516
NEZ PERCELEWISTON 2,1,1,0,32,0,0,0,6,0,1,14,0,41,5,87,1,0,7,9,19,240,0,368
NEZ PERCELEWISTON 20,0,5,0,80,0,0,0,4,0,0,12,0,54,0,95,11,0,9,2,30,365,0,512
NEZ PERCELEWISTON 21,0,2,0,88,0,1,0,21,0,1,25,0,69,4,110,2,1,12,5,31,447,0,612
NEZ PERCELEWISTON 22,0,5,0,59,0,0,0,19,0,2,19,0,43,5,97,4,0,18,8,32,350,0,514
NEZ PERCELEWISTON 3,0,3,0,47,0,0,0,11,0,1,26,1,31,2,152,2,1,21,11,45,252,0,486
NEZ PERCELEWISTON 4,1,1,0,44,1,0,0,6,0,0,6,1,30,3,123,4,0,8,7,31,224,0,400
NEZ PERCELEWISTON 5,0,0,0,46,0,0,1,8,0,0,11,0,43,1,76,1,0,4,8,34,218,0,342
NEZ PERCELEWISTON 6,0,1,0,52,0,0,0,11,0,1,10,0,52,3,141,3,2,11,6,26,292,0,484
NEZ PERCELEWISTON 7,0,3,0,33,0,0,0,17,0,0,5,0,41,0,101,3,1,12,7,24,230,0,378
NEZ PERCELEWISTON 8,1,1,0,109,0,0,0,23,0,1,26,0,66,3,162,3,2,14,4,30,379,0,597
NEZ PERCELEWISTON 9,0,0,0,70,0,0,0,23,0,0,31,0,55,1,118,3,1,12,3,37,377,0,552
NEZ PERCEPECK 29,0,3,0,13,0,0,0,4,0,1,4,0,40,0,36,2,0,4,0,3,109,0,154
NEZ PERCETAMMANY 25,0,2,0,62,0,0,0,9,0,0,15,1,48,3,50,5,0,5,5,18,272,0,358
NEZ PERCEWEBB 32,0,1,0,17,0,0,0,0,0,0,1,0,17,0,32,1,0,2,0,6,88,0,129
ONEIDA1,0,1,0,132,2,0,0,10,0,3,23,0,28,5,50,7,0,63,0,3,469,0,597
ONEIDA2,1,1,0,95,0,0,0,9,0,1,28,0,21,3,48,2,1,63,2,11,304,0,434
ONEIDA3,1,1,1,129,0,0,1,11,0,1,29,0,28,4,58,11,0,66,0,9,363,0,511
ONEIDA4,0,4,0,86,0,0,0,6,0,0,17,0,35,4,18,2,0,46,0,12,293,0,375
ONEIDA5,0,4,0,15,0,0,0,0,0,0,7,0,22,1,7,1,0,14,1,1,63,0,88
ONEIDA6,0,3,0,16,0,0,0,1,0,4,6,0,7,1,3,0,0,19,0,1,39,0,63
OWYHEE001 NORTH HOMEDALE,1,1,0,88,0,0,1,5,0,2,25,0,90,3,115,1,2,8,3,13,397,0,542
OWYHEE002 SOUTH HOMEDALE,1,5,0,115,0,0,0,17,0,1,31,2,120,2,107,5,0,23,4,15,548,0,704
OWYHEE003 NORTH MARSING,0,1,0,80,0,0,0,4,0,0,17,1,85,3,66,3,1,14,2,11,365,0,465
OWYHEE004 SOUTH MARSING,1,0,1,90,0,0,0,11,0,0,16,0,89,0,90,4,2,13,3,24,407,0,543
OWYHEE005 PLEASANT VALLEY,0,0,0,18,0,0,0,0,0,0,4,0,30,0,0,0,0,1,0,0,65,0,66
OWYHEE006 WILSON,2,1,0,96,0,0,0,5,0,0,6,0,84,0,39,0,0,7,6,7,282,0,341
OWYHEE007 MURPHY,0,0,0,58,0,0,0,2,0,0,7,0,36,0,16,2,0,5,0,3,138,0,164
OWYHEE008 OREANA,1,3,0,25,0,0,0,2,0,0,3,0,26,0,6,0,0,0,0,0,82,0,88
OWYHEE010 BRUNEAU,0,1,0,47,0,1,1,12,0,0,10,0,34,0,34,1,2,8,2,6,178,0,231
OWYHEE011 RIDDLE,0,1,0,2,0,0,0,0,0,0,1,0,2,0,24,0,0,0,0,2,11,0,37
OWYHEE012 THREE CREEK,0,0,0,8,0,0,0,0,0,0,2,0,5,0,0,1,0,4,0,2,16,0,23
PAYETTE1,0,2,0,63,0,0,1,12,0,0,29,1,97,2,166,5,0,21,6,29,538,0,767
PAYETTE10,1,0,0,22,0,0,0,1,0,0,11,0,25,1,19,0,0,13,0,3,126,0,162
PAYETTE2,2,12,0,262,0,0,0,48,0,2,77,1,250,1,287,10,1,41,12,46,1152,0,1550
PAYETTE3,1,2,0,97,0,0,0,13,0,0,22,0,90,1,135,7,3,17,11,21,474,0,669
PAYETTE4,1,2,0,50,0,0,0,10,0,0,22,1,77,3,71,3,0,14,4,12,324,0,431
PAYETTE5,1,9,2,228,2,1,3,56,1,2,73,0,164,7,287,4,6,52,10,36,1038,0,1440
PAYETTE6,1,7,0,188,0,0,0,19,0,2,46,0,134,3,189,3,3,34,4,31,792,0,1059
PAYETTE7,1,1,0,49,0,0,0,10,0,1,14,0,49,0,23,3,0,12,0,6,207,0,251
PAYETTE8,4,16,0,227,1,0,0,31,0,1,60,1,232,4,211,4,4,63,7,36,1053,0,1382
PAYETTE9,1,4,0,178,0,0,1,17,0,4,42,1,171,7,119,3,0,47,5,27,785,0,993
POWER1,1,4,0,75,0,0,0,11,0,0,25,0,30,3,167,4,1,45,5,25,318,0,568
POWER2,3,4,0,74,0,0,1,19,0,1,34,0,37,2,211,2,7,44,5,31,406,0,708
POWER3,1,3,0,98,0,0,0,14,0,0,50,0,49,4,204,7,2,67,8,24,494,0,810
POWER4,0,6,0,79,0,0,0,9,0,1,41,0,16,1,22,5,0,54,1,7,177,0,267
POWER5,0,0,0,36,0,0,0,2,0,0,10,0,9,0,9,0,0,7,0,0,92,0,108
POWER6,0,1,0,42,0,0,2,0,0,0,9,0,20,2,86,1,1,16,7,5,179,0,297
SHOSHONE01 MURRAY,0,0,0,11,1,0,0,4,0,0,1,0,25,0,22,1,0,1,0,0,76,0,100
SHOSHONE02 MULLAN,0,2,0,20,0,0,0,1,0,1,2,0,30,0,96,2,1,6,5,15,147,0,272
SHOSHONE03 WALLACE,2,2,0,44,0,0,0,8,0,1,21,0,64,2,146,2,0,5,6,28,229,0,418
SHOSHONE04 SILVERTON,1,1,0,28,0,0,1,5,0,1,6,0,39,0,66,2,0,4,6,8,153,0,239
SHOSHONE05 OSBURN,3,5,2,102,1,1,1,16,0,1,21,1,108,6,183,7,1,12,9,27,438,0,683
SHOSHONE06 KELLOGG,2,5,1,111,0,0,1,17,0,1,23,0,89,5,257,6,3,17,12,58,548,0,906
SHOSHONE07 WARDNER,0,1,1,2,0,0,0,1,0,0,4,0,6,0,23,1,2,0,1,4,36,0,67
SHOSHONE08 SMELTERVILLE,0,0,0,34,0,0,1,4,0,1,6,0,34,0,48,5,0,5,2,9,173,0,242
SHOSHONE09 PINEHURST,1,3,0,127,0,0,1,11,0,1,18,0,88,3,169,8,1,19,5,20,514,0,739
SHOSHONE10 KINGSTON,1,8,0,78,1,0,1,13,0,2,19,0,76,1,115,3,3,7,2,21,400,0,552
SHOSHONE11 CALDER,0,1,0,13,0,0,0,0,0,1,7,0,30,1,9,0,0,2,0,0,74,0,86
SHOSHONE12 CLARKIA,0,2,0,3,0,0,0,0,0,0,5,0,12,1,4,0,0,1,0,3,41,0,50
SHOSHONE13 AVERY,0,0,0,3,0,0,0,0,0,0,3,0,6,0,8,1,0,0,0,0,21,0,30
TETON1,0,4,0,94,0,0,0,11,0,0,47,0,43,0,125,3,1,44,6,22,328,0,529
TETON2,0,3,0,68,0,0,0,14,0,1,31,0,36,0,74,0,0,30,12,8,160,0,284
TETON3,1,0,0,27,0,0,0,7,0,0,11,0,17,0,70,1,0,3,0,11,71,0,156
TETON4,1,1,0,64,0,0,0,24,0,0,26,0,21,1,147,0,2,28,17,27,123,0,345
TETON5,0,3,0,50,0,0,1,7,0,0,8,0,24,1,104,2,1,20,9,9,138,0,284
TETON6,0,1,0,62,0,0,0,7,0,0,22,0,24,1,170,5,0,30,18,15,193,0,432
TETON7,1,1,1,60,0,0,0,19,0,0,29,0,36,0,149,3,1,19,5,15,194,0,386
TWIN FALLSBUHL 1,0,2,0,103,0,0,0,17,0,0,15,0,76,2,56,5,2,24,0,8,345,0,442
TWIN FALLSBUHL 2,1,4,0,126,0,0,0,12,0,1,13,0,110,5,62,2,1,22,10,19,473,0,594
TWIN FALLSBUHL 3,0,4,0,74,1,0,1,3,0,0,27,0,56,2,81,2,1,21,2,10,304,0,423
TWIN FALLSBUHL 4,1,1,1,66,0,0,0,6,0,0,12,0,55,3,79,2,2,25,5,23,288,0,427
TWIN FALLSBUHL 5,2,2,1,81,1,0,0,5,0,0,14,0,36,3,122,0,7,22,3,18,287,0,462
TWIN FALLSCASTLEFORD,2,2,0,97,1,1,1,11,0,0,20,1,49,2,50,5,2,7,0,10,304,0,380
TWIN FALLSDEEP CREEK,0,3,0,72,0,0,0,12,0,1,9,0,50,0,36,3,1,21,8,8,242,0,319
TWIN FALLSFILER 1,1,2,0,127,0,0,0,15,0,0,19,0,78,3,84,1,3,28,4,25,421,0,569
TWIN FALLSFILER 2,0,3,0,111,0,0,0,15,0,2,28,2,72,2,62,1,3,31,11,23,361,0,494
TWIN FALLSFILER 3,2,7,0,145,0,0,0,12,0,2,30,1,73,0,70,5,5,42,1,28,405,0,556
TWIN FALLSHANSEN,2,4,1,147,0,0,3,16,0,2,31,0,85,1,103,9,3,14,2,17,443,0,592
TWIN FALLSHOLLISTER,1,3,1,92,0,0,2,11,0,0,13,0,73,4,43,3,1,19,3,6,304,0,383
TWIN FALLSKIMBERLY 1,0,1,0,131,1,0,1,16,0,0,37,0,60,2,59,3,4,56,6,31,394,0,555
TWIN FALLSKIMBERLY 2,0,3,0,139,1,2,0,18,0,0,30,0,56,2,71,7,1,76,0,11,393,0,561
TWIN FALLSKIMBERLY 3,0,1,0,179,1,0,0,26,0,0,29,0,61,2,72,5,3,64,12,21,539,0,718
TWIN FALLSKIMBERLY 4,0,0,0,92,0,0,1,5,0,1,25,0,39,1,67,1,0,44,5,18,394,0,530
TWIN FALLSMAROA,1,1,0,67,0,0,0,3,0,0,8,0,27,2,28,1,0,12,1,5,175,0,224
TWIN FALLSMURTAUGH,0,2,0,74,0,0,0,4,0,1,6,0,34,0,40,2,0,25,3,10,184,0,264
TWIN FALLSTWIN FALLS 1,0,5,0,64,0,0,0,12,0,0,18,0,58,3,111,4,7,18,16,34,274,0,467
TWIN FALLSTWIN FALLS 10,1,3,1,87,0,0,0,4,0,1,28,0,33,1,84,0,0,34,5,11,228,0,363
TWIN FALLSTWIN FALLS 11,0,3,0,106,1,0,0,19,0,0,37,0,49,0,85,0,0,58,2,31,317,0,493
TWIN FALLSTWIN FALLS 12,0,3,0,118,0,0,1,27,0,0,28,0,76,2,87,3,1,30,16,25,353,0,517
TWIN FALLSTWIN FALLS 13,0,0,0,121,0,0,0,6,0,0,17,0,68,3,110,5,2,36,4,23,396,0,579
TWIN FALLSTWIN FALLS 14,1,4,1,102,0,0,0,6,0,1,17,0,51,3,108,4,2,40,7,30,378,0,572
TWIN FALLSTWIN FALLS 15,2,5,1,61,0,0,0,2,0,0,15,1,42,4,48,1,0,12,5,11,197,0,278
TWIN FALLSTWIN FALLS 16,0,5,0,47,2,0,0,5,0,0,11,1,41,5,71,1,1,21,8,10,220,0,337
TWIN FALLSTWIN FALLS 17,0,3,1,67,0,0,0,9,0,0,24,1,37,1,89,0,0,38,9,36,249,0,422
TWIN FALLSTWIN FALLS 18,2,2,0,120,1,0,0,15,0,1,35,0,50,1,91,4,1,44,8,21,295,0,465
TWIN FALLSTWIN FALLS 19,0,5,0,120,1,0,1,19,0,0,34,1,45,1,90,0,1,67,4,19,304,0,486
TWIN FALLSTWIN FALLS 2,2,0,0,56,0,0,0,4,0,1,20,0,40,2,97,5,2,28,7,32,264,0,437
TWIN FALLSTWIN FALLS 20,1,3,0,189,0,0,0,21,0,0,35,0,82,1,155,2,5,103,3,39,479,0,787
TWIN FALLSTWIN FALLS 21,0,3,0,86,1,0,0,14,0,1,20,0,47,0,91,2,0,33,4,17,217,0,364
TWIN FALLSTWIN FALLS 22,0,1,0,87,0,0,0,17,0,0,30,0,45,2,78,1,3,37,5,14,189,0,329
TWIN FALLSTWIN FALLS 23,0,5,0,150,0,0,0,29,0,0,33,1,53,1,85,0,1,50,3,14,288,0,442
TWIN FALLSTWIN FALLS 24,0,5,0,103,0,0,0,38,0,0,35,0,60,1,65,5,0,26,2,14,277,0,390
TWIN FALLSTWIN FALLS 25,1,3,0,98,0,0,2,15,0,0,31,0,54,3,51,0,0,24,5,9,267,0,359
TWIN FALLSTWIN FALLS 26,0,0,0,116,0,0,0,14,0,0,20,0,74,2,51,0,0,24,5,17,287,0,386
TWIN FALLSTWIN FALLS 3,0,4,0,77,0,0,0,9,1,0,29,1,36,2,151,5,0,30,9,25,294,0,516
TWIN FALLSTWIN FALLS 4,1,2,3,97,0,0,1,20,0,0,32,0,39,2,119,0,0,48,11,24,285,0,489
TWIN FALLSTWIN FALLS 5,2,6,0,104,1,0,0,21,0,3,20,1,78,3,89,2,2,52,7,10,325,0,490
TWIN FALLSTWIN FALLS 6,0,5,1,108,0,0,0,32,0,0,50,0,78,0,83,1,1,34,0,18,298,0,435
TWIN FALLSTWIN FALLS 7,2,6,0,91,0,0,0,16,0,1,33,0,47,5,115,1,2,25,7,24,277,0,456
TWIN FALLSTWIN FALLS 8,0,1,1,94,0,0,0,16,0,1,23,0,47,0,88,8,0,32,7,11,293,0,439
TWIN FALLSTWIN FALLS 9,1,2,0,105,0,0,0,12,0,0,29,0,70,3,126,4,0,35,8,30,349,0,555
VALLEYABSENTEE,3,6,0,26,3,0,0,14,0,1,35,0,78,2,808,7,5,52,17,73,957,0,1921
VALLEYALPHA,0,2,0,45,0,0,0,11,0,0,14,0,50,1,19,1,1,9,3,2,158,0,194
VALLEYCASCADE,1,3,0,36,0,0,1,18,0,2,16,0,79,2,52,2,1,20,0,6,212,0,295
VALLEYDONNELLY,0,0,0,7,0,0,0,1,0,0,2,0,8,0,10,0,0,5,3,6,24,0,48
VALLEYMCCALL,0,2,1,112,1,1,1,41,0,0,45,0,94,2,471,3,2,37,12,62,430,0,1019
VALLEYPAYETTE,0,1,1,58,1,0,0,33,0,0,17,0,51,1,216,5,1,16,8,24,276,0,547
VALLEYROSEBERRY,1,7,2,123,0,0,0,54,0,0,38,0,155,3,284,7,4,45,7,48,607,0,1005
VALLEYWEST MOUNTAIN,2,2,0,66,0,0,0,24,0,0,19,0,43,2,45,1,0,9,2,9,211,0,279
VALLEYYELLOW PINE,0,2,0,3,0,0,0,1,0,0,2,0,17,0,8,0,0,1,1,0,31,0,41
WASHINGTON01 EATON HALE,0,4,1,89,1,0,0,17,1,0,28,0,109,2,67,1,1,14,2,11,405,0,503
WASHINGTON02 WEST WEISER,0,4,0,54,1,0,0,11,0,1,30,0,57,0,103,3,2,13,4,15,267,0,407
WASHINGTON03 SOUTH WEISER,0,4,0,27,0,0,0,3,0,2,9,0,51,2,69,2,0,9,5,9,188,0,284
WASHINGTON04 WEISER,4,2,0,58,1,0,1,30,1,0,34,1,62,2,115,3,2,22,3,23,276,0,446
WASHINGTON05 MIDDLE WEISER,2,9,0,49,1,0,1,10,0,1,14,0,47,2,69,2,1,12,3,15,227,0,331
WASHINGTON06 EAST WEISER,0,4,1,60,0,0,0,8,0,1,24,0,51,2,55,2,1,14,1,13,207,0,295
WASHINGTON07 MIDVALE,1,9,0,120,0,0,0,11,0,1,14,0,96,3,31,2,0,4,0,3,403,0,446
WASHINGTON08 CAMBRIDGE,1,9,2,121,0,0,0,9,0,1,42,0,72,0,68,2,0,29,2,8,398,0,507
WASHINGTON09 PIONEER,2,7,1,46,1,0,0,16,0,0,24,2,52,1,110,2,1,14,4,18,288,0,438
WASHINGTON10 SUNNYSIDE,1,8,1,98,2,0,1,16,1,2,20,0,88,4,48,2,1,24,1,15,359,0,454
WASHINGTON11 MINERAL,4,8,0,61,0,0,1,14,0,1,22,0,71,4,41,4,0,20,1,8,265,0,343
