precinct,pri_dem_CLINTON,pri_dem_FUENTE,pri_dem_SANDERS,pri_rep_BUSH,pri_rep_CARSON,pri_rep_CRUZ,pri_rep_KASICH,pri_rep_RUBIO,pri_rep_TRUMP,gen_con_CASTLE,gen_dem_CLINTON,gen_grn_STEIN,gen_lib_JOHNSON,gen_rep_TRUMP,dem_primary_total,general_total,rep_primary_total
10ALLEGHENY,16,0,19,0,1,39,17,2,64,6,40,0,5,205,35,256,123
10BRADY,48,2,57,1,1,43,22,0,114,1,138,5,21,380,107,545,181
10BRUIN,12,0,9,1,1,25,7,0,63,1,25,1,5,149,21,181,97
10CALLERY,16,3,11,0,0,13,14,0,51,2,41,2,12,150,30,207,78
10CHERRY,47,3,57,1,0,40,17,0,127,2,141,3,21,392,107,559,185
10CHERRYVALLEY,7,0,4,0,0,0,4,0,6,0,6,3,1,19,11,29,10
10CHICORA,50,2,34,1,3,28,16,0,99,2,81,1,14,328,86,426,147
10CLAY,104,7,95,2,1,67,40,4,251,7,250,9,27,867,206,1160,365
10CLEARFIELD,87,5,129,2,2,92,32,1,247,5,244,8,34,826,221,1117,376
10CLINTON,110,3,104,3,6,147,132,5,398,6,379,2,54,1158,217,1599,691
10CONCORD,45,4,75,3,3,51,47,2,171,1,117,4,16,544,124,682,277
10CONNOQUENESSING,206,8,204,4,11,255,190,3,668,13,678,20,107,1950,418,2768,1131
10DONEGAL,80,2,105,1,5,83,40,0,214,6,192,6,23,672,187,899,343
10EASTBUTLER,41,1,41,1,2,27,10,1,54,2,83,3,14,240,83,342,95
10EAUCLAIRE,9,1,2,1,0,7,6,0,29,1,21,1,7,70,12,100,43
10EVANSCITY,92,2,91,0,1,86,53,1,176,4,264,10,43,589,185,910,317
10FAIRVIEW,90,6,110,1,4,75,51,1,241,4,212,2,35,838,206,1091,373
10FORWARD,102,3,120,2,6,113,120,2,349,11,362,10,46,1020,225,1449,592
10FRANKLIN,134,6,147,6,4,140,99,2,387,8,343,10,39,1115,287,1515,638
10HARMONY,45,0,63,0,3,47,55,1,100,5,181,9,23,331,108,549,206
10HARRISVILLE,25,2,41,0,0,38,35,1,92,6,81,2,14,273,68,376,166
10JACKSON,194,1,172,2,3,205,163,2,446,9,651,14,63,1531,367,2268,821
10KARNSCITY,8,1,12,1,0,5,4,1,25,0,15,0,1,70,21,86,36
10LANCASTER,114,2,100,2,6,163,124,5,347,11,375,8,53,1046,216,1493,647
10MARION,62,1,62,0,0,44,30,0,109,1,140,4,8,419,125,572,183
10MARS,60,3,68,4,2,73,59,2,158,2,203,8,23,493,131,729,298
10MERCER,26,2,32,0,1,52,27,1,130,2,82,7,17,400,60,508,211
10MUDDYCREEK,61,4,75,2,4,128,63,2,245,4,196,10,37,874,140,1121,444
10OAKLAND,125,8,134,5,8,91,70,2,331,4,308,8,47,1074,267,1441,507
10PARKER,14,0,23,1,3,32,22,2,75,3,37,1,8,245,37,294,135
10PETROLIA,8,1,14,0,0,3,2,0,5,0,19,0,5,42,23,66,10
10PORTERSVILLE,6,1,10,0,0,23,15,1,36,0,30,2,7,96,17,135,75
10PROSPECT,51,4,54,3,3,61,27,1,153,7,136,1,25,408,109,577,248
10SAXONBURG,92,1,69,3,2,67,77,1,180,3,242,6,24,506,162,781,330
10SEVENFIELDS,145,3,88,2,0,114,180,4,268,3,587,5,53,953,236,1601,568
10SLIPPERYROCK,284,6,385,5,12,210,179,5,513,10,1648,57,181,2016,675,3912,924
10VALENCIA,55,4,28,4,1,24,52,2,64,0,120,2,7,217,87,346,147
10VENANGO,22,2,28,1,0,17,13,0,97,1,58,3,4,302,52,368,128
10WASHINGTON,48,2,33,2,2,31,17,1,166,3,112,1,11,473,83,600,219
10WESTLIBERTY,20,0,15,0,3,14,10,1,47,0,42,4,6,139,35,191,75
10WESTSUNBURY,2,0,11,0,0,6,4,0,24,0,22,0,2,56,13,80,34
10WINFIELD,115,8,155,0,8,198,135,6,438,11,417,8,33,1403,278,1872,785
10WORTH,58,1,73,2,5,83,40,1,186,3,188,5,29,602,132,827,317
11ALLEGHENY,86,4,117,2,2,46,29,3,152,1,190,6,16,651,207,864,234
11ASHVILLE,14,3,20,0,0,6,1,0,14,0,29,2,3,91,37,125,21
11BLACKLICK,107,7,121,1,2,41,15,0,140,4,242,2,9,666,235,923,199
11BROWNSTOWN,65,1,81,0,0,17,6,2,50,1,129,7,4,220,147,361,75
11CARROLLTOWN,86,4,85,1,2,19,12,2,92,6,151,1,15,392,175,565,128
11CASSANDRA,11,2,11,0,0,3,1,0,17,0,16,0,1,55,24,72,21
11CHEST,23,1,19,1,3,18,7,0,57,1,43,1,2,178,43,225,86
11CHESTSPRINGS,4,1,15,0,0,3,4,0,13,0,15,1,2,68,20,86,20
11CLEARFIELD,76,7,124,2,5,42,11,0,171,4,169,5,11,602,207,791,231
11CRESSON,240,21,263,2,8,113,75,2,305,1,201,6,18,475,524,701,505
11DAISYTOWN,28,2,29,0,0,3,6,0,31,0,45,0,3,134,59,182,40
11DALE,52,4,45,1,0,20,20,0,46,1,140,4,11,213,101,369,87
11DEAN,27,1,16,0,0,6,9,0,53,1,50,1,0,145,44,197,68
11EASTCONEMAUGH,85,5,68,0,0,11,1,1,36,1,142,4,14,224,158,385,49
11EHRENFELD,9,2,19,0,0,1,2,0,11,0,30,0,0,55,30,85,14
11ELDER,53,7,68,0,0,23,6,0,53,1,108,6,6,299,128,420,82
11FERNDALE,81,5,90,0,1,51,24,0,117,4,217,3,19,444,176,687,193
11FRANKLIN,40,2,26,0,0,1,0,0,11,0,80,0,2,55,68,137,12
11GALLITZIN,146,12,186,0,2,59,34,0,264,8,299,11,23,980,344,1321,359
11HASTINGS,84,6,89,0,0,22,11,1,61,1,150,4,13,338,179,506,95
11LORAIN,53,1,30,0,0,5,5,0,47,2,82,0,5,171,84,260,57
11LORETTO,23,4,18,1,0,19,9,0,21,1,92,3,8,168,45,272,50
11MIDDLETAYLOR,57,5,55,2,0,32,12,0,81,3,108,1,9,263,117,384,127
11MUNSTER,24,9,36,0,1,49,16,1,89,3,45,3,2,332,69,385,156
11SANKERTOWN,34,5,59,1,0,14,7,2,46,5,63,2,4,196,98,270,70
11SCALPLEVEL,70,1,38,1,0,12,6,1,42,3,118,1,5,198,109,325,62
11SOUTHFORK,46,0,38,2,1,6,10,0,69,1,100,2,6,244,84,353,88
11SUMMERHILL,150,14,207,0,3,76,33,1,270,1,71,2,9,196,371,279,383
11TUNNELHILL,6,2,21,1,0,0,1,0,21,0,18,0,5,79,29,102,23
11VINTONDALE,18,1,23,0,0,15,2,0,32,5,42,0,3,128,42,178,49
11WASHINGTON,64,1,85,0,0,17,2,0,62,3,117,1,8,320,150,449,81
11WESTTAYLOR,54,5,49,1,0,14,6,1,67,3,87,3,4,284,108,381,89
11WHITE,31,4,40,1,1,40,9,1,89,3,77,0,7,341,75,428,141
11WILMORE,6,3,11,1,0,8,6,0,17,1,22,0,2,79,20,104,32
12DRIFTWOOD,3,0,4,0,0,1,3,0,13,0,8,0,1,28,7,37,17
12GIBSON,5,0,13,0,0,7,3,0,35,1,16,0,1,81,18,99,45
12GROVE,7,2,9,0,0,6,2,0,16,0,15,0,2,47,18,64,24
12LUMBER,10,3,16,0,0,8,7,0,30,0,36,3,3,83,29,125,45
12PORTAGE,5,2,8,0,0,11,4,0,15,0,15,0,2,63,15,80,30
13BEAVERMEADOWS,41,1,52,0,0,19,8,0,83,3,96,2,12,273,94,386,110
13BOWMANSTOWN,46,2,44,0,0,18,13,0,85,1,104,4,7,260,92,376,116
13EASTSIDE,15,0,18,1,0,3,2,0,28,2,28,2,5,84,33,121,34
13LAUSANNE,10,1,15,0,0,4,1,0,39,1,24,0,2,91,26,118,44
13LEHIGH,8,0,17,1,0,20,6,1,91,1,41,4,2,200,25,248,119
13PACKER,41,2,43,2,2,38,8,1,236,3,81,3,5,480,86,572,287
13PARRYVILLE,21,1,25,0,1,12,4,0,31,1,45,2,7,145,47,200,48
13WEISSPORT,13,2,29,0,1,11,0,1,14,1,38,2,7,77,44,125,27
14BURNSIDE,14,0,16,0,0,13,3,0,64,0,45,0,2,157,30,204,80
14CENTREHALL,67,1,81,4,4,75,36,3,125,2,230,2,23,443,149,700,247
14GREGG,102,5,112,3,5,116,56,3,203,7,313,11,31,736,219,1098,386
14HAINES,57,4,81,2,0,51,25,0,110,3,171,9,16,349,142,548,188
14HOWARD,84,0,84,6,4,56,40,7,238,5,239,6,24,578,168,852,351
14HUSTON,47,0,63,2,0,93,40,3,173,4,171,9,26,509,110,719,311
14LIBERTY,97,3,73,3,2,68,27,1,163,2,184,5,25,557,173,773,264
14MARION,43,3,54,2,2,58,22,2,109,1,128,3,16,347,100,495,195
14MILESBURG,48,4,59,1,1,37,21,2,101,1,143,2,15,352,111,513,163
14MILLHEIM,43,1,97,2,2,35,10,2,63,0,169,5,14,233,141,421,114
14PENN,43,4,70,0,3,62,22,0,112,1,130,8,13,335,117,487,199
14PORTMATILDA,17,1,33,0,1,26,8,2,51,2,70,1,8,195,51,276,88
14SNOWSHOE,136,4,103,1,5,66,28,2,279,2,83,6,1,236,243,328,381
14TAYLOR,20,1,34,1,2,39,13,1,151,0,76,2,7,347,55,432,207
14UNION,41,1,68,3,4,90,27,0,209,6,126,5,13,587,110,737,333
14UNIONVILLE,5,2,20,0,0,17,6,0,36,2,27,0,5,117,27,151,59
14WORTH,20,1,40,2,0,50,14,0,106,1,97,2,6,304,61,410,172
15ATGLEN,58,0,47,0,5,44,36,0,99,2,241,5,19,293,105,560,184
15AVONDALE,37,1,35,0,1,18,22,0,32,2,200,5,9,112,73,328,73
15CHARLESTOWN,415,2,283,4,10,182,356,5,423,3,1772,20,106,1299,700,3200,980
15EASTNANTMEAL,116,0,97,0,0,83,117,2,208,6,510,4,27,550,213,1097,410
15ELK,76,2,77,0,3,86,54,1,171,9,360,7,24,474,155,874,315
15ELVERSON,72,1,55,2,4,128,110,6,174,1,305,7,14,542,128,869,424
15FRANKLIN,211,4,239,2,3,168,185,4,351,19,1127,25,96,1303,454,2570,713
15HIGHLAND,42,0,39,3,1,63,56,4,95,4,213,6,12,337,81,572,222
15HONEYBROOK,307,4,282,8,20,348,291,13,722,1,288,8,18,427,593,742,1402
15LONDONBRITAIN,199,2,198,3,4,117,157,4,236,6,949,22,56,835,399,1868,521
15LONDONDERRY,103,1,108,3,6,96,81,2,245,2,498,10,37,742,212,1289,433
15MALVERN,291,0,248,3,4,86,195,2,244,6,1164,19,58,711,539,1958,534
15MODENA,24,0,24,0,1,9,3,0,11,0,100,4,4,43,48,151,24
15NEWLIN,94,0,76,0,1,54,90,5,157,4,400,11,24,397,170,836,307
15NEWLONDON,279,3,274,3,10,212,243,5,506,8,1368,25,128,1741,556,3270,979
15PENN,334,1,214,12,6,183,276,7,463,12,1335,20,74,1474,549,2915,947
15POCOPSON,272,0,166,3,2,118,238,9,312,4,1155,17,55,952,438,2183,682
15SOUTHCOATESVILLE,126,0,72,1,1,12,17,1,35,1,484,4,6,136,198,631,67
15SOUTHCOVENTRY,131,1,139,5,2,88,120,5,210,7,610,6,57,744,271,1424,430
15UPPEROXFORD,81,1,71,1,5,123,93,2,234,4,386,13,35,735,153,1173,458
15WALLACE,173,0,195,3,3,145,175,6,378,5,884,13,67,1102,368,2071,710
15WESTFALLOWFIELD,80,1,67,5,6,90,87,0,195,6,308,9,25,684,148,1032,383
15WESTMARLBOROUGH,56,0,51,4,1,25,46,0,80,0,270,2,13,179,107,464,156
15WESTNANTMEAL,83,0,86,1,5,106,81,2,243,5,383,10,30,705,169,1133,438
15WESTNOTTINGHAM,61,1,69,0,6,92,44,2,223,6,327,11,31,743,131,1118,367
15WESTPIKELAND,244,3,197,4,4,115,303,7,393,5,1221,11,75,1210,444,2522,826
15WESTSADSBURY,85,2,79,1,3,92,64,2,146,8,334,6,20,562,166,930,308
16ASHLAND,16,2,25,2,7,91,43,1,136,6,64,4,12,445,43,531,280
16BEAVER,56,5,51,4,3,101,50,2,225,3,146,10,23,622,112,804,385
16BRADY,3,0,0,0,0,0,1,0,15,0,2,0,0,30,3,32,16
16CALLENSBURG,3,1,16,0,1,5,3,0,18,0,9,2,3,47,20,61,27
16EASTBRADY,56,2,42,1,0,29,15,1,75,3,137,3,12,236,100,391,121
16ELK,64,6,37,2,3,75,43,0,230,4,150,1,15,570,107,740,353
16FOXBURG,14,1,5,0,0,2,4,1,21,0,30,1,3,58,20,92,28
16HAWTHORN,7,1,11,1,1,20,7,0,65,0,22,3,3,167,19,195,94
16HIGHLAND,35,0,22,1,3,26,23,1,83,0,81,0,7,226,57,314,137
16KNOX,119,5,89,3,4,83,68,1,216,10,270,1,26,686,213,993,375
16LICKING,17,2,19,1,0,19,5,0,50,1,32,1,5,161,38,200,75
16LIMESTONE,57,3,80,2,2,76,52,5,296,6,191,6,20,757,140,980,433
16MADISON,71,0,47,1,3,34,14,0,114,3,121,3,8,384,118,519,166
16MILLCREEK,21,0,38,5,1,9,12,0,63,0,51,1,6,174,59,232,90
16MONROE,58,2,82,2,2,68,67,1,214,7,213,4,27,527,142,778,354
16NEWBETHLEHEM,43,2,30,3,7,26,23,0,99,1,95,0,7,315,75,418,158
16PAINT,90,3,84,8,9,60,66,2,185,4,270,2,22,569,177,867,330
16PERRY,31,1,41,0,1,36,24,0,106,4,74,4,7,346,73,435,167
16RICHLAND,14,0,14,0,0,17,12,0,60,0,37,1,3,202,28,243,89
16RIMERSBURG,34,1,28,1,1,26,26,1,106,0,79,2,7,264,63,352,161
16SALEM,26,5,44,3,6,67,35,1,101,3,67,3,11,342,75,426,213
16SHIPPENVILLE,16,0,16,0,3,16,16,1,63,1,59,0,6,166,32,232,99
16SLIGO,26,1,21,1,1,12,20,0,53,1,62,1,6,206,48,276,87
16ST.PETERSBURG,15,0,11,2,1,21,6,0,33,3,24,0,4,118,26,149,63
16STRATTANVILLE,18,0,27,3,2,13,12,1,49,3,40,2,6,175,45,226,80
16TOBY,24,2,34,1,1,32,14,3,111,3,70,0,8,348,60,429,162
16WASHINGTON,75,0,71,0,2,62,44,1,173,4,165,4,22,585,146,780,282
17BELL,18,0,21,1,0,38,14,1,113,0,52,2,6,317,39,377,167
17BIGLER,43,4,45,0,3,23,8,0,136,1,112,0,5,427,92,545,170
17BLOOM,9,0,18,0,1,14,16,0,54,0,34,3,1,177,27,215,85
17BOGGS,84,1,76,1,1,42,26,1,184,2,165,2,21,596,161,786,255
17BRADY,45,1,61,0,7,53,44,1,189,1,145,4,15,644,107,809,294
17BRISBIN,22,0,16,0,1,15,5,0,50,1,35,0,5,144,38,185,71
17BURNSIDE,41,3,43,2,4,34,30,0,139,0,91,3,5,456,87,555,209
17CHEST,22,0,22,0,1,15,2,0,68,2,42,0,4,190,44,238,86
17CHESTERHILL,41,2,32,0,1,19,14,0,79,1,102,3,7,215,75,328,113
17COALPORT,18,2,21,1,0,11,4,0,48,0,40,2,4,150,41,196,64
17COVINGTON,26,2,24,2,0,22,10,1,65,4,38,1,6,220,52,269,100
17CURWENSVILLE,123,8,118,2,3,50,34,4,183,5,300,9,18,625,249,957,276
17FERGUSON,15,0,26,0,1,27,13,0,38,2,45,2,9,185,41,243,79
17GIRARD,17,1,18,0,0,20,7,0,59,2,42,3,7,185,36,239,86
17GLENHOPE,7,0,3,0,0,3,4,0,22,1,10,2,5,57,10,75,29
17GOSHEN,9,0,16,0,0,8,7,0,61,0,19,1,2,165,25,187,76
17GRAHAM,46,2,50,0,0,67,16,3,160,5,139,5,19,491,98,659,246
17GRAMPIAN,19,1,12,1,3,13,3,0,38,4,39,0,4,103,32,150,58
17GREENWOOD,8,0,17,0,2,7,6,0,54,3,27,1,8,141,25,180,69
17GULICH,91,7,75,2,1,10,18,0,117,9,178,4,9,420,173,620,148
17HOUTZDALE,59,1,51,0,0,12,14,1,99,0,115,6,14,257,111,392,126
17HUSTON,48,2,72,1,0,28,15,2,152,1,120,7,7,440,122,575,198
17IRVONA,23,2,26,0,0,14,8,0,43,0,50,0,2,195,51,247,65
17JORDAN,14,0,20,0,1,26,12,0,51,0,21,2,2,180,34,205,90
17KARTHAUS,10,0,20,1,1,21,13,1,70,1,38,1,5,175,30,220,107
17KNOX,17,3,38,0,1,27,8,0,60,0,44,1,6,217,58,268,96
17MAHAFFEY,14,1,13,1,0,9,8,0,33,0,31,0,5,114,28,150,51
17NEWBURG,2,0,6,0,0,3,0,0,16,0,6,1,1,31,8,39,19
17NEWWASHINGTON,4,0,0,1,0,6,2,0,15,0,3,0,1,35,4,39,24
17OSCEOLA,56,1,51,0,1,17,13,1,86,2,136,4,7,276,108,425,118
17PENN,52,1,58,1,4,55,27,1,173,4,118,2,11,512,111,647,261
17PIKE,74,4,118,5,4,69,42,2,277,5,215,8,26,865,196,1119,399
17PINE,3,0,4,0,0,2,2,0,7,0,13,0,0,19,7,32,11
17RAMEY,18,0,19,0,1,12,3,0,67,0,46,0,2,175,37,223,83
17TROUTVILLE,8,1,7,0,0,7,5,0,36,0,19,1,2,67,16,89,48
17UNION,24,1,44,2,2,46,13,0,180,2,72,4,17,401,69,496,243
17WALLACETON,16,1,16,0,1,16,3,0,29,0,38,1,8,96,33,143,49
17WESTOVER,17,0,15,0,3,10,8,0,29,1,20,0,3,110,32,134,50
18ALLISON,17,0,15,0,1,7,4,1,25,1,28,2,2,82,32,115,38
18AVIS,65,0,64,1,1,53,15,2,136,0,177,5,8,436,129,626,208
18BALDEAGLE,74,1,80,2,4,51,39,1,204,1,231,4,22,569,155,827,301
18BEECHCREEK,102,3,76,1,2,45,19,0,183,0,200,1,11,525,181,737,250
18CASTANEA,74,3,59,1,0,16,20,0,103,0,146,6,13,282,136,447,140
18CHAPMAN,47,2,58,2,0,13,4,0,93,3,112,1,10,280,107,406,112
18COLEBROOK,14,1,10,0,0,11,2,0,16,2,31,1,4,62,25,100,29
18CRAWFORD,32,2,25,0,0,31,16,0,83,0,60,3,10,300,59,373,130
18DUNNSTABLE,59,4,47,0,0,35,19,1,127,0,129,2,9,359,110,499,182
18EASTKEATING,1,0,1,0,0,0,0,0,4,0,2,0,0,8,2,10,4
18FLEMINGTON,86,2,73,1,1,39,18,1,107,0,211,4,22,349,161,586,167
18GALLAGHER,11,0,17,0,1,26,6,1,51,0,25,1,0,162,28,188,85
18GREENE,27,1,52,0,2,87,25,0,108,0,96,0,14,425,80,535,222
18GRUGAN,5,0,3,0,0,6,0,0,5,0,8,0,0,13,8,21,11
18LAMAR,109,4,84,3,4,67,36,1,233,5,274,10,33,672,197,994,344
18LEIDY,9,2,3,0,0,8,2,0,35,1,8,1,0,76,14,86,45
18LOGAN,24,2,30,0,3,21,16,1,74,2,59,1,9,193,56,264,115
18LOGANTON,38,3,26,0,0,18,7,1,33,0,64,2,5,131,67,202,59
18MILLHALL,80,1,63,3,2,34,21,0,119,1,194,3,13,390,144,601,179
18NOYES,13,0,21,0,2,15,6,0,48,1,33,0,2,134,34,170,71
18PORTER,55,3,48,2,5,62,31,3,171,1,149,2,18,461,106,631,274
18RENOVO,47,4,56,0,0,10,5,1,50,3,124,3,15,209,107,354,66
18SOUTHRENOVO,31,1,24,1,0,2,1,0,19,0,76,1,3,89,56,169,23
18WAYNE,89,1,69,1,4,37,34,1,151,1,188,1,12,445,159,647,228
18WESTKEATING,0,0,0,0,0,2,1,0,3,0,0,0,0,16,0,16,6
18WOODWARD,159,10,121,4,5,83,55,1,272,2,391,6,30,789,290,1218,420
19BEAVER,33,2,44,0,1,23,9,0,129,1,88,6,10,331,79,436,162
19BENTON,89,2,98,2,3,68,34,0,261,4,232,5,28,680,189,949,368
19BRIARCREEK,134,8,172,1,3,103,71,1,418,1,49,1,3,115,314,169,597
19CATAWISSA,77,3,118,0,4,55,50,6,250,9,278,8,42,700,198,1037,365
19CENTRALIA,0,0,1,0,0,0,1,0,1,0,1,0,0,2,1,3,2
19CLEVELAND,49,0,41,1,1,32,18,0,142,1,103,1,12,376,90,493,194
19CONYNGHAM,43,1,31,0,0,7,1,2,69,1,68,1,10,189,75,269,79
19FISHINGCREEK,58,4,70,1,5,69,35,4,183,5,162,2,22,528,132,719,297
19FRANKLIN,19,2,40,2,3,31,13,2,66,4,65,4,15,196,61,284,117
19GREENWOOD,53,2,98,3,4,53,40,2,213,5,194,8,34,612,153,853,315
19HEMLOCK,111,4,137,5,4,85,60,5,263,6,388,6,35,725,252,1160,422
19JACKSON,22,0,24,0,4,26,11,2,113,3,50,2,9,274,46,338,156
19LOCUST,66,3,70,2,3,57,28,0,185,4,180,2,26,499,139,711,275
19MADISON,59,2,74,2,5,81,34,0,198,6,168,10,19,576,135,779,320
19MAIN,73,1,79,2,2,44,34,1,111,6,199,3,25,406,153,639,194
19MIFFLIN,97,8,119,1,1,57,35,2,247,5,254,6,33,742,224,1040,343
19MILLVILLE,34,2,49,1,4,37,17,3,105,1,122,5,11,275,85,414,167
19MONTOUR,60,1,79,0,1,39,21,0,127,8,190,6,6,373,140,583,188
19MT.PLEASANT,50,3,86,3,3,83,39,1,199,4,199,5,24,567,139,799,328
19NORTHCENTRE,58,3,86,3,2,73,42,3,251,9,197,5,21,714,147,946,374
19ORANGE,63,1,89,1,2,44,31,1,178,5,211,5,15,415,153,651,257
19ORANGEVILLE,22,0,19,1,1,6,3,1,30,0,62,2,8,85,41,157,42
19PINE,35,1,48,1,1,28,18,0,135,0,83,2,5,367,84,457,183
19ROARINGCREEK,29,1,16,0,0,26,7,1,95,0,58,0,6,224,46,288,129
19SOUTHCENTRE,58,3,86,0,4,49,24,0,190,5,210,6,19,544,147,784,267
19STILLWATER,7,0,14,0,0,8,2,0,30,0,27,1,1,78,21,107,40
19SUGARLOAF,27,0,42,0,2,33,16,0,137,3,93,2,8,340,69,446,188
1ABBOTTSTOWN,37,1,44,0,1,42,6,0,95,2,119,3,13,274,82,411,144
1ARENDTSVILLE,42,1,36,3,1,41,30,1,65,2,143,2,7,235,79,389,141
1BENDERSVILLE,13,1,28,0,0,27,17,0,56,1,83,5,15,153,42,257,100
1BERWICK,105,0,69,2,7,104,47,4,255,2,257,10,24,816,174,1109,419
1BIGLERVILLE,35,2,42,4,3,46,48,2,87,3,148,3,13,314,79,481,190
1BONNEAUVILLE,59,6,73,2,5,57,27,0,155,3,191,8,24,519,138,745,246
1BUTLER,80,2,81,7,10,148,85,2,266,4,308,9,21,882,163,1224,518
1EASTBERLIN,61,0,61,1,6,78,38,2,184,4,217,10,27,523,122,781,309
1FAIRFIELD,33,1,32,1,1,25,21,0,49,1,102,4,7,175,66,289,97
1FREEDOM,43,2,46,1,2,45,34,3,111,5,152,4,19,356,91,536,196
1GERMANY,69,4,84,1,7,127,62,3,331,5,255,6,22,1028,157,1316,531
1HAMILTON,77,3,94,2,4,144,73,3,298,4,278,13,26,1006,174,1327,524
1HAMILTONBAN,70,2,107,5,4,83,45,3,278,6,273,9,28,804,179,1120,418
1HIGHLAND,44,1,31,2,5,48,41,1,134,1,147,4,8,385,76,545,231
1HUNTINGTON,48,2,62,4,13,158,76,0,257,8,215,4,20,864,112,1111,508
1LATIMORE,85,1,108,3,13,174,67,3,337,7,297,15,44,1013,194,1376,597
1LIBERTY,57,1,56,1,4,55,39,1,165,6,205,3,17,501,114,732,265
1MENALLEN,93,1,99,4,10,161,65,2,345,8,384,9,36,1136,193,1573,587
1NEWOXFORD,82,0,55,0,3,50,26,2,105,4,250,13,19,403,137,689,186
1TYRONE,51,0,66,4,5,115,28,1,212,2,236,9,36,710,117,993,365
1UNION,73,3,113,2,13,142,74,4,347,3,311,14,34,1155,189,1517,582
1YORKSPRINGS,10,0,23,0,2,17,13,0,41,0,65,2,8,114,33,189,73
20ATHENS,6,0,16,1,2,57,19,0,82,3,50,1,5,274,22,333,161
20BEAVER,25,2,22,3,2,15,19,0,63,5,74,1,7,214,49,301,102
20BLOOMFIELD,91,3,61,0,4,71,35,1,161,7,228,2,21,556,155,814,272
20BLOOMINGVALLEY,14,1,10,2,1,29,8,1,47,0,33,0,8,134,25,175,88
20CAMBRIDGE,88,3,111,1,3,67,64,1,151,3,276,4,27,485,202,795,287
20CAMBRIDGESPRINGS,56,1,86,2,3,80,42,1,107,5,208,6,24,408,143,651,235
20CENTERVILLE,3,0,8,0,0,10,8,0,17,0,23,2,2,56,11,83,35
20COCHRANTON,52,2,39,5,5,57,47,2,121,2,146,3,24,381,93,556,237
20CONNEAUT,49,7,55,1,3,55,32,2,140,5,140,2,12,427,111,586,233
20CONNEAUTLAKE,37,1,20,0,1,29,19,0,56,5,81,1,6,186,58,279,105
20CONNEAUTVILLE,55,1,43,0,3,29,16,2,47,2,107,6,6,190,99,311,97
20CUSSEWAGO,65,4,85,0,4,87,43,4,152,6,181,6,24,538,154,755,290
20EASTFAIRFIELD,29,0,31,1,1,51,17,1,96,1,82,3,9,297,60,392,167
20EASTFALLOWFIELD,37,2,26,3,1,56,20,0,93,1,92,5,9,365,65,472,173
20EASTMEAD,60,3,78,2,5,74,37,2,156,0,121,2,21,499,141,643,276
20FAIRFIELD,28,3,28,2,2,60,26,1,132,3,76,1,8,395,59,483,223
20GREENWOOD,39,3,35,0,0,55,19,3,154,1,97,0,12,496,77,606,231
20HAYFIELD,133,7,139,3,10,166,90,3,325,6,318,8,42,1057,279,1431,597
20HYDETOWN,21,0,12,1,2,18,13,2,59,3,59,2,2,167,33,233,95
20LINESVILLE,53,2,45,2,3,43,26,1,63,3,131,4,15,298,100,451,138
20NORTHSHENANGO,97,2,81,2,1,30,21,1,104,6,191,4,11,438,180,650,159
20OILCREEK,68,1,52,2,3,89,44,3,186,9,157,6,14,639,121,825,327
20PINE,33,0,21,0,0,20,7,0,40,3,67,0,7,132,54,209,67
20RANDOLPH,46,6,61,4,8,94,50,1,195,9,150,3,23,582,113,767,352
20RICHMOND,57,2,72,3,3,75,37,2,180,2,167,4,27,496,131,696,300
20ROCKDALE,59,5,69,2,3,58,35,0,80,1,159,5,16,364,133,545,178
20ROME,21,2,35,0,2,74,24,0,96,3,68,6,13,374,58,464,196
20SADSBURY,149,8,142,2,5,120,113,4,393,3,438,2,30,1108,299,1581,637
20SAEGERTOWN,31,1,43,5,2,35,22,0,102,3,105,6,11,266,75,391,166
20SOUTHSHENANGO,115,3,86,1,0,48,60,1,213,4,292,6,20,655,204,977,323
20SPARTA,28,1,33,1,3,67,24,2,98,3,81,3,12,346,62,445,195
20SPARTANSBURG,17,0,8,1,3,25,9,1,31,6,33,1,0,111,25,151,70
20SPRING,89,2,68,1,2,54,27,0,129,5,197,1,16,416,159,635,213
20SPRINGBORO,31,1,16,0,1,13,11,0,38,1,71,2,10,108,48,192,63
20STEUBEN,27,1,23,2,3,26,25,2,82,1,67,1,5,269,51,343,140
20SUMMERHILL,56,4,56,5,2,56,21,1,101,5,129,2,20,353,116,509,186
20SUMMIT,91,2,74,2,4,98,61,3,201,4,231,9,27,644,167,915,369
20TOWNVILLE,6,0,13,1,2,22,14,1,36,1,25,1,3,107,19,137,76
20TROY,41,0,32,2,2,59,16,3,121,3,107,4,4,379,73,497,203
20UNION,24,0,43,0,3,41,26,3,106,2,87,7,15,331,67,442,179
20VENANGO,44,3,69,0,4,66,52,1,129,5,180,5,34,405,116,629,252
20WAYNE,33,1,59,2,1,110,53,1,166,6,125,3,24,539,93,697,333
20WESTFALLOWFIELD,29,2,35,4,1,11,17,1,68,1,53,1,5,215,66,275,102
20WESTSHENANGO,22,4,23,0,0,5,14,1,48,1,57,0,7,147,49,212,68
20WOODCOCK,79,5,116,0,5,131,96,10,308,8,292,6,33,1004,200,1343,550
21COOKE,5,1,13,0,2,15,6,1,15,1,26,0,4,74,19,105,39
21HOPEWELL,62,4,78,1,6,121,41,1,204,4,200,5,25,809,144,1043,374
21LOWERFRANKFORD,43,4,69,1,2,95,29,5,171,4,180,2,24,594,116,804,303
21LOWERMIFFLIN,42,4,62,2,1,79,21,3,147,3,149,4,24,592,108,772,253
21MT.HOLLYSPRINGS,63,1,77,3,4,72,32,4,145,10,265,10,30,482,141,797,260
21NEWBURG,13,0,13,2,1,17,6,0,36,1,30,0,4,115,26,150,62
21NORTHNEWTON,68,1,83,2,4,114,35,2,242,1,190,8,15,789,152,1003,399
21PENN,89,1,91,1,3,137,53,2,280,3,314,12,29,917,181,1275,476
21SHIPPENSBURG,229,3,423,9,8,128,99,6,312,4,961,31,89,692,655,1777,562
21SHIREMANSTOWN,77,3,94,3,3,77,61,2,157,5,317,3,23,471,174,819,303
21SOUTHNEWTON,41,2,43,0,5,61,20,1,141,2,123,2,10,423,86,560,228
21UPPERFRANKFORD,41,1,64,0,7,120,33,3,196,9,167,1,27,717,106,921,359
21UPPERMIFFLIN,26,2,41,2,1,56,16,1,152,1,98,1,11,498,69,609,228
22BERRYSBURG,17,0,15,0,1,15,5,0,48,1,28,0,2,129,32,160,69
22DAUPHIN,49,2,42,0,2,33,26,1,97,2,150,3,10,237,93,402,159
22ELIZABETHVILLE,39,0,31,2,2,55,32,2,129,12,130,4,19,416,70,581,222
22GRATZ,10,1,14,2,3,42,11,3,84,1,51,0,7,230,25,289,145
22HALIFAX,135,6,138,6,9,249,132,9,508,0,74,5,14,214,279,307,913
22JACKSON,82,3,82,0,7,100,59,0,295,8,225,11,24,730,167,998,461
22JEFFERSON,14,0,24,0,2,32,12,1,52,1,46,1,3,151,38,202,99
22LYKENS,88,0,72,1,8,126,54,3,270,1,80,2,7,305,160,395,462
22MIFFLIN,16,0,14,1,2,55,18,0,75,2,30,2,5,227,30,266,151
22PAXTANG,127,1,153,1,4,54,51,4,91,4,481,11,33,286,281,815,205
22PILLOW,15,0,12,0,2,10,5,1,46,2,34,0,4,113,27,153,64
22REED,10,1,7,0,1,26,3,0,52,2,25,2,3,106,18,138,82
22RUSH,2,0,4,0,0,8,9,0,52,0,10,0,1,99,6,110,69
22WASHINGTON,71,4,65,2,2,105,46,6,261,3,219,9,23,734,140,988,422
22WAYNE,40,2,55,2,9,97,45,6,228,5,141,5,26,591,97,768,387
23CHESTERHEIGHTS,181,1,134,3,3,70,137,3,246,10,774,7,33,736,316,1560,462
23MILLBOURNE,100,0,43,0,0,6,2,0,14,0,292,1,0,46,143,339,22
23MORTON,235,3,177,2,5,65,64,4,183,7,969,14,24,471,415,1485,323
23PARKSIDE,134,2,130,7,10,70,35,7,174,8,590,15,36,464,266,1113,303
23ROSEVALLEY,140,0,124,0,1,26,136,1,76,2,487,9,24,224,264,746,240
23RUTLEDGE,92,0,92,5,3,31,53,9,80,2,302,12,16,206,184,538,181
24BENEZETT,11,1,15,0,2,4,5,1,61,0,30,0,6,136,27,172,73
24HORTON,49,5,61,0,5,27,26,1,158,4,130,3,20,457,115,614,217
24JAY,122,4,125,1,3,51,20,2,159,4,280,1,20,639,251,944,236
24MILLSTONE,11,0,6,0,0,5,2,0,14,0,30,0,1,36,17,67,21
24SPRINGCREEK,13,2,13,1,0,12,3,0,17,1,29,2,0,76,28,108,33
25ALBION,110,4,111,0,6,55,33,2,102,2,261,8,20,385,225,676,198
25AMITY,75,2,52,2,4,37,26,1,73,4,162,5,18,323,129,512,143
25CONCORD,49,2,43,2,3,67,44,1,108,8,121,5,19,438,94,591,225
25CONNEAUT,84,2,91,4,3,83,35,3,129,5,247,3,33,492,177,780,257
25CRANESVILLE,27,1,31,0,1,27,12,0,38,0,81,3,10,155,59,249,78
25ELGIN,12,1,19,0,0,13,7,0,18,0,31,1,3,70,32,105,38
25ELKCREEK,103,4,102,1,3,86,57,2,126,0,287,5,29,568,209,889,275
25FRANKLIN,97,3,112,1,1,80,56,4,143,2,300,4,31,511,212,848,285
25GIRARD,529,5,510,4,16,330,227,8,629,7,609,12,49,837,1044,1514,1214
25GREENFIELD,103,3,122,1,3,76,36,2,173,4,261,9,38,582,228,894,291
25LAKECITY,180,5,180,4,4,95,54,3,199,15,517,13,51,722,365,1318,359
25LEBOEUF,71,2,101,2,5,86,50,3,179,5,225,9,27,542,174,808,325
25MCKEAN,337,10,330,3,7,236,163,3,458,0,90,4,8,140,677,242,870
25MILLVILLAGE,32,3,20,1,1,14,10,1,30,0,65,1,7,108,55,181,57
25PLATEA,24,0,29,0,1,10,11,1,41,2,52,2,8,132,53,196,64
25SPRINGFIELD,163,0,158,2,2,147,81,3,272,7,474,12,41,889,321,1423,507
25UNION,94,2,96,4,2,74,60,0,172,6,244,6,31,549,192,836,312
25VENANGO,100,4,131,0,6,84,62,4,213,11,292,12,36,779,235,1130,369
25WASHINGTON,311,5,332,6,8,213,169,10,432,15,968,27,72,1356,648,2438,838
25WATERFORD,244,8,297,13,14,233,145,3,503,6,212,3,18,401,549,640,911
25WATTSBURG,14,2,29,0,0,15,7,0,35,1,43,5,10,105,45,164,57
25WAYNE,66,4,53,2,3,83,42,2,163,7,174,3,20,578,123,782,295
26BELLEVERNON,79,0,50,0,1,11,5,0,58,0,156,2,7,262,129,427,75
26BROWNSVILLE,322,4,172,1,1,18,19,0,97,0,133,1,4,132,498,270,136
26CONNELLSVILLE,537,18,487,3,9,164,116,3,618,3,237,0,19,673,1042,932,913
26DAWSON,22,2,17,0,0,8,5,0,27,0,37,2,1,92,41,132,40
26DUNBAR,525,20,411,1,4,109,70,1,594,0,112,1,12,280,956,405,779
26EVERSON,45,2,51,1,1,15,3,0,47,1,94,1,13,157,98,266,67
26FAIRCHANCE,153,4,81,0,1,17,15,2,110,3,250,1,15,487,238,756,145
26FAYETTECITY,49,0,37,0,0,19,2,0,32,1,78,0,4,138,86,221,53
26HENRYCLAY,53,5,52,4,2,37,27,0,206,8,134,5,7,584,110,738,276
26JEFFERSON,155,5,106,0,3,41,17,0,181,4,268,4,18,648,266,942,242
26MARKLEYSBURG,9,0,3,1,0,6,7,0,23,2,17,1,1,70,12,91,37
26NEWELL,64,3,28,0,0,1,1,0,34,1,106,0,2,122,95,231,36
26NICHOLSON,88,5,113,0,2,16,7,2,98,6,175,2,11,554,206,748,125
26OHIOPYLE,2,0,4,0,0,3,3,3,6,0,9,0,0,18,6,27,15
26PERRY,192,11,134,1,2,45,14,2,158,6,390,3,12,713,337,1124,222
26PERRYOPOLIS,202,7,114,0,1,27,23,0,115,1,361,1,12,476,323,851,166
26POINTMARION,47,4,54,0,1,11,7,0,72,1,137,2,13,244,105,397,91
26SALTLICK,103,1,117,1,3,92,36,1,310,2,281,10,24,974,221,1291,443
26SMITHFIELD,53,4,41,0,1,15,12,0,72,4,90,0,9,291,98,394,100
26SOUTHCONNELLSVILLE,94,8,112,1,0,44,19,3,144,1,188,4,12,527,214,732,211
26STEWART,19,0,25,1,1,48,14,0,86,1,57,2,6,262,44,328,150
26UPPERTYRONE,65,1,66,0,3,41,26,0,171,2,157,3,11,533,132,706,241
26VANDERBILT,31,2,29,0,0,8,2,1,39,0,61,2,5,125,62,193,50
26WHARTON,145,8,152,3,3,78,65,0,373,4,378,16,21,1087,305,1506,522
27BARNETT,24,1,15,0,0,14,9,1,65,0,39,4,7,173,40,223,89
27GREEN,16,0,17,1,0,18,4,0,61,1,50,3,3,152,33,209,84
27HARMONY,30,0,22,0,0,21,12,2,67,2,88,1,10,173,52,274,102
27HICKORY,24,2,23,1,1,11,14,0,42,2,57,2,2,145,49,208,69
27HOWE,8,1,8,0,1,6,7,0,24,0,18,0,1,56,17,75,38
27JENKS,54,2,61,3,1,47,45,0,158,5,165,3,17,437,117,627,254
27KINGSLEY,21,1,17,1,0,10,7,1,44,1,48,2,3,114,39,168,63
27TIONESTA,74,3,58,6,1,53,40,2,137,1,161,4,17,433,135,616,239
28LURGAN,30,0,34,2,5,84,39,2,223,5,121,5,15,678,64,824,355
28MERCERSBURG,74,1,68,1,2,33,48,4,131,4,272,8,23,393,143,700,219
28MONTALTO,38,1,49,0,6,54,37,2,178,3,162,8,21,531,88,725,277
28ORRSTOWN,6,0,11,0,0,9,1,1,24,0,20,0,2,63,17,85,35
28SHIPPENSBURG,90,2,75,0,4,52,33,0,90,7,275,2,24,309,167,617,179
28WARREN,10,0,18,1,1,29,12,0,36,1,32,1,5,153,28,192,79
29AYR,54,2,48,4,6,71,32,2,245,2,124,8,18,777,104,929,360
29BELFAST,28,1,35,1,7,100,24,4,185,7,67,5,8,653,64,740,321
29BETHEL,31,2,30,0,2,74,20,3,185,6,99,3,11,601,63,720,284
29BRUSHCREEK,31,1,19,2,5,30,14,0,108,1,63,2,5,308,51,379,159
29DUBLIN,26,1,18,0,1,48,13,0,154,2,58,0,7,455,45,522,216
29LICKINGCREEK,38,1,30,2,16,75,27,0,200,4,71,3,8,618,69,704,320
29MCCONNELLSBURG,42,1,28,2,1,25,21,0,100,6,100,1,7,266,71,380,149
29TAYLOR,17,1,30,3,6,61,10,1,130,0,54,6,7,464,48,531,211
29THOMPSON,31,1,35,1,3,55,16,3,156,2,64,3,6,482,67,557,234
29TODD,48,5,54,2,7,51,46,1,147,4,140,4,12,546,107,706,254
29UNION,10,1,18,0,2,48,11,0,111,0,37,2,3,342,29,384,172
29VALLEY-HI,0,0,0,0,0,1,0,0,5,0,4,0,0,6,0,10,6
29WELLS,10,1,20,1,0,21,8,1,53,1,31,0,1,176,31,209,84
2ALEPPO,160,2,100,5,2,52,146,1,185,5,433,7,19,544,262,1008,391
2BELLACRES,122,0,95,2,1,58,85,2,123,3,380,4,25,439,217,851,271
2BENAVONHEIGHTS,32,0,35,0,0,21,43,1,39,1,129,1,12,116,67,259,104
2BRADFORDWOODS,118,2,61,0,2,62,117,1,132,3,334,4,33,426,181,800,314
2CHALFANT,85,0,80,1,0,27,11,0,29,1,220,8,13,183,165,425,68
2ELIZABETH,1242,46,985,5,13,328,306,15,1354,1,226,6,10,385,2273,628,2021
2GLENFIELD,14,0,14,1,0,2,10,0,20,0,41,0,4,63,28,108,33
2HAYSVILLE,2,0,6,0,0,3,4,0,8,0,16,0,2,23,8,41,15
2KILBUCK,65,1,62,0,0,31,48,0,75,1,212,2,13,233,128,461,154
2LINCOLN,72,2,85,1,0,20,18,0,86,1,137,4,8,378,159,528,125
2OSBORNE,69,0,28,1,0,16,34,0,40,0,187,1,16,139,97,343,91
2PENNSBURYVILLAGE,87,3,47,1,0,18,23,2,41,2,234,4,20,189,137,449,85
2ROSSLYNFARMS,59,0,28,0,1,20,44,0,48,2,161,0,15,139,87,317,113
2SEWICKLEYHEIGHTS,47,0,43,1,3,36,74,1,89,2,226,0,10,307,90,545,204
2SEWICKLEYHILLS,52,0,41,0,1,25,46,0,73,1,181,0,7,224,93,413,145
2SOUTHVERSAILLES,18,3,18,0,2,4,4,0,37,1,37,0,1,119,39,158,47
2SPRINGDALE,417,13,382,1,1,102,93,2,318,1,352,6,17,494,812,870,517
2WALL,33,0,31,0,0,4,3,0,24,2,74,1,7,94,64,178,31
2WESTELIZABETH,28,2,20,0,1,6,4,0,23,0,66,0,7,103,50,176,34
30ALEPPO,30,1,28,0,0,21,5,0,35,0,48,1,1,160,59,210,61
30CARMICHAELS,31,2,29,0,1,12,6,0,44,0,64,1,12,151,62,228,63
30CENTER,74,4,78,2,2,52,25,3,102,8,142,3,10,453,156,616,186
30CLARKSVILLE,12,1,16,0,0,2,0,0,13,0,34,1,1,61,29,97,15
30FREEPORT,11,0,19,0,0,8,3,1,20,0,29,0,1,87,30,117,32
30GILMORE,19,2,13,0,0,10,2,0,18,0,32,1,2,80,34,115,30
30GRAY,15,2,9,0,0,11,3,1,15,0,23,0,2,59,26,84,30
30GREENE,29,1,37,0,0,12,10,0,44,0,57,1,3,170,67,231,66
30GREENSBORO,20,0,17,0,0,5,1,0,16,2,27,0,4,76,37,109,22
30JACKSON,15,0,26,0,0,5,9,0,40,1,46,2,1,144,41,194,54
30JEFFERSON,247,15,198,2,4,69,37,1,211,2,53,0,1,90,460,146,324
30MORRIS,40,1,27,0,2,37,13,0,66,4,71,2,6,257,68,340,118
30PERRY,99,8,76,0,1,45,11,0,106,1,210,5,18,526,183,760,163
30RICESLANDING,42,2,25,1,0,14,9,1,23,1,68,4,5,148,69,226,48
30RICHHILL,57,3,37,0,0,26,7,0,66,1,87,0,3,289,97,380,99
30SPRINGHILL,20,1,22,0,0,3,2,0,28,1,44,3,1,99,43,148,33
30WASHINGTON,68,4,56,0,2,46,26,0,98,0,147,1,8,411,128,567,172
30WHITELEY,41,3,35,0,0,12,4,0,49,1,70,0,5,209,79,285,65
31ALEXANDRIA,10,0,17,0,1,20,12,0,43,4,61,0,5,113,27,183,76
31BARREE,13,0,18,0,6,24,17,0,67,0,48,2,9,193,31,252,114
31BIRMINGHAM,8,0,6,0,0,2,0,1,20,0,19,0,1,34,14,54,23
31BRADY,12,0,25,1,5,43,24,0,110,6,34,2,9,323,37,374,183
31BROADTOPCITY,19,0,16,0,0,5,10,1,48,1,36,1,2,127,35,167,64
31CARBON,17,1,13,0,3,22,1,0,40,1,37,0,1,138,31,177,66
31CASS,32,2,26,2,4,63,21,1,154,5,63,2,7,433,60,510,245
31CASSVILLE,3,0,6,0,0,4,0,0,25,0,10,0,0,66,9,76,29
31CLAY,11,2,22,1,2,43,7,1,106,4,30,1,7,333,35,375,160
31COALMONT,2,2,3,0,0,0,0,0,3,1,7,0,0,36,7,44,3
31CROMWELL,24,2,42,0,7,64,18,2,219,5,72,4,7,615,68,703,310
31DUBLIN,22,0,30,4,5,36,11,0,200,3,75,0,7,493,52,578,256
31DUDLEY,6,0,14,1,0,5,2,0,16,3,18,0,3,57,20,81,24
31FRANKLIN,15,0,14,1,6,38,32,0,60,0,51,2,8,175,29,236,137
31HENDERSON,25,1,47,3,2,55,15,2,121,0,117,4,8,348,73,477,198
31JACKSON,24,0,34,1,5,65,27,0,120,2,95,4,10,342,58,453,218
31JUNIATA,18,0,21,0,1,29,16,1,92,3,49,0,2,212,39,266,139
31LINCOLN,5,1,9,2,2,31,16,0,79,1,15,1,9,153,15,179,130
31LOGAN,19,0,18,0,1,46,18,0,82,0,55,1,5,256,37,317,147
31MAPLETON,13,0,14,2,2,9,6,1,45,2,28,0,3,121,27,154,65
31MARKLESBURG,5,1,0,0,0,9,4,0,38,1,18,2,4,88,6,113,51
31MILLCREEK,2,1,6,3,0,7,3,0,43,0,13,0,2,106,9,121,56
31MILLER,19,2,25,0,1,37,17,2,70,1,61,3,9,191,46,265,127
31MORRIS,13,0,17,2,2,25,10,0,61,0,41,0,3,173,30,217,100
31ONEIDA,45,2,57,1,6,53,34,4,154,11,175,8,13,387,104,594,252
31ORBISONIA,11,1,10,0,2,9,3,0,54,5,27,0,7,128,22,167,68
31PETERSBURG,3,0,11,4,1,14,7,0,57,0,28,0,8,153,14,189,83
31PORTER,56,1,86,1,8,130,55,4,275,16,208,1,22,793,143,1040,473
31ROCKHILL,9,0,10,0,0,14,2,1,50,3,23,3,2,110,19,141,67
31SALTILLO,9,0,6,0,1,15,3,0,38,2,23,0,4,104,15,133,57
31SHADEGAP,3,0,1,1,0,5,0,0,16,0,3,0,0,27,4,30,22
31SHIRLEYSBURG,1,0,4,2,0,1,3,0,14,1,9,0,2,50,5,62,20
31SMITHFIELD,52,1,53,2,7,69,28,1,189,5,160,2,12,468,106,647,296
31SPRINGFIELD,13,1,20,1,3,31,10,0,100,1,50,3,3,270,34,327,145
31SPRUCECREEK,6,2,14,1,1,9,10,1,49,1,36,3,6,115,22,161,71
31TELL,27,0,21,1,1,18,10,0,82,0,63,1,2,240,48,306,112
31THREESPRINGS,11,0,5,2,0,22,8,1,60,3,32,1,0,174,16,210,93
31TODD,23,1,20,2,0,26,17,0,136,2,56,0,9,355,44,422,181
31UNION,14,0,38,3,3,50,18,0,126,5,59,6,9,403,52,482,200
31WALKER,79,2,77,3,8,108,71,4,282,6,233,4,26,785,158,1054,476
31WARRIORSMARK,58,2,53,0,7,137,73,1,266,3,160,3,13,813,113,992,484
31WEST,22,0,22,0,2,27,17,1,84,1,57,0,6,208,44,272,131
31WOOD,20,2,20,0,0,16,9,0,42,0,54,1,0,189,42,244,67
32ARMAGH,7,0,5,0,0,6,1,0,18,0,16,0,3,35,12,54,25
32BLACKLICK,50,1,60,2,4,47,34,2,166,4,134,4,19,499,111,660,255
32BRUSHVALLEY,78,3,70,0,8,60,40,2,215,4,167,2,13,600,151,786,325
32CANOE,43,2,51,0,3,17,22,0,163,2,102,0,8,464,96,576,205
32CHERRYTREE,14,1,5,1,0,16,10,0,38,2,22,0,7,109,20,140,65
32CREEKSIDE,19,1,16,0,0,6,3,1,19,0,44,2,7,85,36,138,29
32EASTMAHONING,17,2,26,2,4,43,48,0,138,4,84,0,9,374,45,471,235
32ERNEST,27,2,17,0,2,6,5,3,32,2,67,2,8,104,46,183,48
32GLENCAMPBELL,17,2,14,0,0,5,3,0,21,0,30,0,1,69,33,100,29
32GRANT,25,2,29,0,0,29,18,2,82,2,46,3,9,272,56,332,131
32MARIONCENTER,9,0,13,2,1,21,16,0,48,1,33,2,10,155,22,201,88
32MONTGOMERY,57,2,50,0,2,46,16,0,163,2,120,3,6,491,109,622,227
32NORTHMAHONING,16,0,28,2,3,53,15,4,160,2,63,1,9,387,44,462,237
32PLUMVILLE,13,1,14,1,0,9,9,0,31,2,30,0,1,97,28,130,50
32RAYNE,110,5,112,4,3,153,60,1,386,4,299,2,36,1108,227,1449,607
32SALTSBURG,65,1,40,2,3,13,13,0,65,4,132,0,10,211,106,357,96
32SHELOCTA,0,0,6,0,0,1,2,0,18,1,5,0,2,35,6,43,21
32SMICKSBURG,2,0,2,0,1,1,0,0,4,0,3,0,1,21,4,25,6
32WASHINGTON,35,5,41,1,2,46,35,2,256,6,129,4,8,703,81,850,342
32WESTMAHONING,12,0,13,0,0,23,7,0,59,0,18,0,2,165,25,185,89
33BARNETT,13,1,7,1,2,11,5,0,40,2,28,1,2,122,21,155,59
33BEAVER,14,0,14,0,1,35,11,2,67,0,31,0,3,218,28,252,116
33BELL,37,2,57,2,2,84,35,1,264,4,150,4,17,806,96,981,388
33BIGRUN,10,3,25,3,1,24,12,0,58,4,50,2,4,197,38,257,98
33BROCKWAY,121,6,97,4,3,42,39,2,166,5,264,7,27,573,224,876,256
33CLOVER,15,1,16,2,0,38,15,0,70,0,32,0,5,196,32,233,125
33CORSICA,18,1,5,0,1,8,8,0,44,0,30,2,4,129,24,165,61
33ELDRED,34,3,45,1,1,48,36,3,230,0,109,3,17,565,82,694,319
33FALLSCREEK,32,4,54,1,1,31,19,2,77,3,96,4,16,316,90,435,131
33GASKILL,7,2,19,1,3,20,14,0,93,0,38,0,5,231,28,274,131
33HEATH,5,0,6,1,0,2,6,0,28,1,17,0,5,48,11,71,37
33HENDERSON,21,9,61,1,2,28,16,1,119,1,93,1,12,377,91,484,167
33KNOX,11,1,35,1,5,48,28,0,166,1,42,0,6,449,47,498,248
33MCCALMONT,23,2,25,1,1,26,17,1,97,4,50,3,10,314,50,381,143
33PERRY,21,0,37,2,2,30,25,0,158,1,66,1,10,485,58,563,217
33PINECREEK,23,0,31,2,3,61,32,0,163,3,76,2,16,415,54,512,261
33POLK,4,0,6,2,1,10,10,0,50,0,17,1,1,123,10,142,73
33PORTER,1,3,1,0,1,13,9,0,51,1,6,0,1,123,5,131,74
33REYNOLDSVILLE,90,5,89,3,3,45,42,5,238,7,230,5,26,736,184,1004,336
33RINGGOLD,15,2,17,0,1,29,22,2,88,1,32,1,2,282,34,318,142
33ROSE,16,3,25,3,8,41,52,2,171,4,85,4,8,436,44,537,277
33SNYDER,85,3,102,5,7,65,56,5,237,0,231,5,36,784,190,1056,375
33SUMMERVILLE,8,1,17,0,2,40,9,1,47,1,29,4,2,182,26,218,99
33SYKESVILLE,52,4,57,0,1,18,9,0,98,1,91,3,6,345,113,446,126
33TIMBLIN,0,0,3,0,1,9,4,0,13,0,3,0,0,51,3,54,27
33UNION,21,2,37,1,0,42,29,2,129,1,62,5,5,362,60,435,203
33WARSAW,20,2,27,1,1,74,36,1,190,1,61,1,8,531,49,602,303
33WASHINGTON,51,4,64,3,3,80,58,7,285,3,158,11,21,737,119,930,436
33WINSLOW,79,5,86,1,2,88,39,2,317,5,218,2,20,1010,170,1255,449
33WORTHVILLE,1,0,1,0,0,3,4,0,22,1,2,0,0,43,2,46,29
33YOUNG,68,4,49,0,3,62,52,1,254,1,165,0,16,670,121,852,372
34BEALE,21,3,37,3,1,30,9,0,105,2,51,7,5,276,61,341,148
34DELAWARE,27,1,37,6,6,119,56,3,164,9,104,2,12,636,65,763,354
34FAYETTE,72,6,89,8,19,229,85,4,343,17,207,6,27,1284,167,1541,688
34FERMANAGH,75,5,99,5,13,158,99,4,308,9,269,5,39,1018,179,1340,587
34GREENWOOD,13,0,20,1,5,34,15,0,73,3,45,2,6,244,33,300,128
34LACK,15,3,19,1,3,23,7,0,66,1,39,3,3,229,37,275,100
34MIFFLIN,16,2,22,1,0,21,6,0,27,2,37,1,2,125,40,167,55
34MIFFLINTOWN,37,1,30,1,4,19,22,0,52,3,92,5,11,182,68,293,98
34MILFORD,88,4,103,0,6,57,58,2,224,6,238,9,18,701,195,972,347
34MONROE,60,3,45,3,8,118,36,2,171,8,101,3,12,796,108,920,338
34PORTROYAL,44,3,31,1,1,27,17,0,98,2,88,2,3,287,78,382,144
34SPRUCEHILL,28,1,34,2,2,48,17,1,93,2,85,9,7,288,63,391,163
34SUSQUEHANNA,27,2,29,2,5,50,17,0,154,4,76,6,16,451,58,553,228
34THOMPSONTOWN,21,0,23,1,1,38,11,1,48,4,65,6,6,189,44,270,100
34TURBETT,26,1,37,4,2,36,30,1,103,5,58,1,9,328,64,401,176
34TUSCARORA,35,1,38,0,1,33,9,1,133,4,63,1,4,331,74,403,177
34WALKER,59,2,61,7,3,123,59,3,232,7,193,3,20,825,122,1048,427
35BENTON,127,5,110,0,3,89,54,3,274,6,368,4,38,642,242,1058,423
35CLARKSGREEN,203,6,174,0,2,50,66,3,128,3,571,7,23,395,383,999,249
35CLIFTON,63,1,58,0,0,31,23,0,166,4,208,8,12,466,122,698,220
35COVINGTON,169,0,145,3,0,58,46,1,300,6,429,19,21,764,314,1239,408
35DALTON,124,2,92,3,2,64,54,1,161,2,372,4,17,366,218,761,285
35ELMHURST,66,0,48,1,1,27,16,1,94,4,178,1,7,232,114,422,140
35GLENBURN,96,0,88,2,0,42,67,1,180,2,377,4,21,423,184,827,292
35GREENFIELD,198,3,165,2,2,50,21,0,279,2,409,5,21,793,366,1230,354
35JEFFERSON,325,5,253,2,1,96,46,1,465,3,740,14,42,1284,583,2083,611
35LAPLUME,20,0,23,0,2,11,13,0,42,2,76,7,7,118,43,210,68
35MADISON,172,3,167,2,1,70,44,1,302,4,442,7,27,825,342,1305,420
35MOSCOW,202,3,181,1,1,63,48,2,231,2,508,14,20,622,386,1166,346
35NEWTON,181,3,138,5,1,90,78,1,411,4,559,11,25,955,322,1554,586
35NORTHABINGTON,47,3,51,0,2,30,28,1,93,2,163,3,11,232,101,411,154
35ROARINGBROOK,217,4,149,1,1,40,55,3,257,1,479,8,30,700,370,1218,357
35SPRINGBROOK,204,5,195,2,0,66,37,3,368,5,532,14,21,864,404,1436,476
35THORNHURST,51,0,68,0,0,28,12,1,112,0,177,6,9,294,119,486,153
35VANDLING,78,1,48,0,0,13,8,0,82,0,162,0,4,195,127,361,103
35WAVERLY,216,0,132,8,1,34,80,1,219,3,581,4,27,488,348,1103,343
35WESTABINGTON,40,0,20,0,1,16,15,0,39,0,83,1,7,102,60,193,71
36ADAMSTOWN,74,2,82,1,3,77,50,3,156,3,307,7,37,560,158,914,290
36BART,34,0,44,0,4,79,48,1,140,6,143,3,15,512,78,679,272
36CAERNARVON,63,1,52,5,12,294,109,1,273,11,276,10,37,1124,116,1458,694
36CHRISTIANA,25,0,29,0,6,45,30,1,52,1,133,2,16,241,54,393,134
36COLERAIN,57,0,87,2,16,154,80,3,317,5,301,7,24,932,144,1269,572
36CONESTOGA,96,3,166,5,6,234,131,3,384,13,461,19,73,1374,265,1940,763
36CONOY,65,2,96,3,4,241,100,5,422,5,319,4,79,1259,163,1666,775
36DENVER,93,1,119,2,8,219,116,2,330,15,437,16,70,1150,213,1688,677
36DRUMORE,36,0,57,2,6,94,93,5,191,2,195,8,33,682,93,920,391
36EASTDRUMORE,69,0,88,2,15,253,122,5,312,13,320,10,31,1181,157,1555,709
36EDEN,31,1,32,3,10,64,50,5,119,4,152,6,15,435,64,612,251
36ELIZABETH,74,2,87,1,13,370,151,8,332,9,389,9,52,1353,163,1812,875
36FULTON,42,2,56,2,8,146,60,3,200,7,204,3,28,826,100,1068,419
36LEACOCK,51,0,35,6,14,214,85,1,175,8,205,2,20,956,86,1191,495
36LITTLEBRITAIN,64,1,92,2,10,158,72,1,330,2,342,14,36,1090,157,1484,573
36MOUNTVILLE,135,1,167,4,5,112,89,3,250,6,595,12,55,774,303,1442,463
36PARADISE,66,1,74,7,13,253,119,3,326,11,335,9,54,1236,141,1645,721
36QUARRYVILLE,71,1,62,4,10,185,105,4,229,10,306,7,36,822,134,1181,537
36SADSBURY,40,2,65,5,10,146,46,7,168,3,253,3,25,698,107,982,382
36STRASBURG,199,1,240,12,19,480,312,7,586,17,397,9,48,1181,440,1652,1416
36TERREHILL,11,0,23,2,5,119,39,3,101,4,104,4,19,473,34,604,269
37BESSEMER,66,2,51,2,2,23,18,1,84,2,173,4,13,331,119,523,130
37ELLPORT,114,2,81,1,3,32,20,0,66,3,209,5,21,329,197,567,122
37ENONVALLEY,10,1,11,0,0,10,10,0,50,4,28,0,6,111,22,149,70
37LITTLEBEAVER,38,4,43,0,2,81,27,4,110,4,109,3,17,432,85,565,224
37NEWWILMINGTON,90,0,75,1,9,64,89,0,96,4,325,14,26,394,165,763,259
37PLAINGROVE,20,2,34,3,0,37,20,1,98,5,68,3,11,331,56,418,159
37SNPJ,2,0,1,0,0,1,0,0,1,0,3,0,0,3,3,6,2
37SOUTHNEWCASTLE,44,1,31,0,0,10,9,1,51,2,100,1,2,201,76,306,71
37TAYLOR,116,2,62,0,0,16,3,0,43,2,194,3,10,255,180,464,62
37VOLANT,9,1,8,0,0,4,5,0,15,0,25,0,4,43,18,72,24
37WAMPUM,44,1,24,0,0,10,15,0,33,1,115,2,5,165,69,288,58
37WASHINGTON,40,0,25,0,2,34,21,1,102,3,84,1,5,309,65,402,160
38CLEONA,83,0,104,4,9,108,77,1,217,9,317,13,38,661,187,1038,416
38CORNWALL,307,1,197,5,9,325,289,10,620,6,1059,20,75,1662,505,2822,1258
38EASTHANOVER,49,0,68,1,5,214,80,2,383,4,228,7,21,1118,117,1378,685
38JONESTOWN,29,1,52,0,3,88,44,4,170,2,159,4,27,553,82,745,309
38MILLCREEK,101,5,117,2,3,148,63,3,360,8,342,8,47,1153,223,1558,579
38MT.GRETNA,30,0,19,0,0,9,24,1,16,0,90,3,3,53,49,149,50
38NORTHANNVILLE,58,0,76,4,15,251,73,2,291,8,216,10,23,992,134,1249,636
38RICHLAND,36,0,51,3,3,62,37,3,189,2,133,1,30,521,87,687,297
38SOUTHANNVILLE,97,2,110,3,12,216,110,3,353,4,386,10,47,1083,209,1530,697
38SWATARA,127,6,117,6,8,256,91,3,577,6,455,10,50,1636,250,2157,941
38WESTCORNWALL,121,0,95,6,3,122,95,1,262,2,411,14,31,739,216,1197,489
38WESTLEBANON,32,1,31,4,0,29,15,1,76,1,106,3,10,236,64,356,125
39ALBURTIS,115,1,148,1,2,82,41,3,170,4,495,12,39,600,264,1150,299
39COOPERSBURG,144,1,164,0,8,104,63,3,192,6,488,21,38,618,309,1171,370
39HANOVER,83,1,90,0,1,22,17,1,93,1,323,10,17,295,174,646,134
39HEIDELBERG,135,3,168,4,8,125,92,4,370,5,492,13,54,1167,306,1731,603
39LOWERMILFORD,204,1,179,2,6,264,134,5,399,7,764,23,63,1366,384,2223,810
39LOWHILL,107,4,111,2,5,98,85,3,300,3,416,7,36,833,222,1295,493
39MACUNGIE,186,3,209,4,3,110,87,6,240,5,748,12,58,810,398,1633,450
39WEISENBERG,228,5,216,9,7,260,204,2,579,13,823,13,90,1885,449,2824,1061
3APOLLO,82,6,78,0,0,28,16,0,86,4,198,2,11,352,166,567,130
3APPLEWOLD,21,1,16,0,0,6,6,0,32,2,43,1,1,103,38,150,44
3ATWOOD,5,2,2,0,0,1,4,0,19,1,9,0,1,47,9,58,24
3BETHEL,65,2,61,1,0,47,18,1,165,2,144,3,8,452,128,609,232
3BOGGS,23,2,16,0,2,36,14,2,173,1,50,0,4,414,41,469,227
3BRADYSBEND,41,1,40,2,6,22,8,0,94,2,99,2,9,271,82,383,132
3BURRELL,23,1,27,4,3,23,13,0,125,3,53,1,6,302,51,365,168
3CADOGAN,20,1,20,0,1,7,6,0,29,0,34,2,4,107,41,147,43
3DAYTON,11,0,15,0,1,16,15,0,93,1,32,2,3,209,26,247,125
3ELDERTON,10,1,13,0,2,8,9,1,36,0,26,0,4,124,24,154,56
3FORDCLIFF,23,3,33,0,1,10,6,1,30,1,43,4,2,141,59,191,48
3HOVEY,4,0,5,0,0,3,1,1,9,0,7,0,0,25,9,32,14
3KITTANNING,216,9,247,6,11,169,109,5,599,8,189,3,30,807,472,1037,899
3MADISON,22,0,30,1,0,28,16,0,140,4,47,4,10,363,52,428,185
3MAHONING,45,2,60,0,2,57,30,3,160,1,123,3,11,554,107,692,252
3MANORVILLE,32,1,22,1,1,10,7,1,56,1,52,0,3,144,55,200,76
3NORTHAPOLLO,68,6,86,0,1,35,21,0,104,1,162,2,20,360,160,545,161
3PERRY,25,1,18,0,1,11,3,0,50,0,40,1,4,128,44,173,65
3PINE,7,0,4,1,1,17,7,0,49,1,20,1,0,163,11,185,75
3PLUMCREEK,51,4,73,3,1,77,51,2,276,2,142,1,10,838,128,993,410
3RAYBURN,46,2,58,0,1,40,29,1,163,4,134,4,15,508,106,665,234
3REDBANK,16,0,28,0,4,37,14,1,129,2,46,0,7,407,44,462,185
3RURALVALLEY,39,2,33,0,2,29,35,1,89,5,102,3,6,270,74,386,156
3SOUTHBEND,38,0,44,0,5,36,10,1,154,1,88,0,6,415,82,510,206
3SOUTHBETHLEHEM,15,0,16,0,2,17,9,1,69,0,39,2,6,168,31,215,98
3SUGARCREEK,51,2,53,1,2,58,40,0,167,2,122,4,20,498,106,646,268
3VALLEY,19,0,34,0,5,31,12,1,122,0,46,1,4,313,53,364,171
3WASHINGTON,32,1,46,1,2,31,23,2,135,1,93,2,8,395,79,499,194
3WAYNE,20,2,31,2,4,47,24,2,219,0,53,1,13,492,53,559,298
3WESTFRANKLIN,67,4,85,1,3,105,47,4,281,3,156,2,20,819,156,1000,441
3WESTKITTANNING,56,0,53,0,8,50,42,1,173,1,154,3,9,458,109,625,274
3WORTHINGTON,20,1,30,1,2,18,15,2,91,2,63,0,8,237,51,310,129
40BEARCREEKVILLAGE,25,0,33,0,0,18,10,0,40,0,69,0,3,105,58,177,68
40BUCK,25,0,22,0,0,8,5,0,48,1,49,3,6,150,47,209,61
40CONYNGHAM,199,3,190,5,3,72,63,1,475,2,494,11,32,1096,392,1635,619
40COURTDALE,51,1,71,0,1,14,5,1,94,2,119,1,8,231,123,361,115
40DENNISON,44,0,53,0,2,17,15,0,181,1,136,1,11,380,97,529,215
40DORRANCE,132,3,116,0,1,53,28,0,311,4,301,7,17,778,251,1107,393
40EXETER,759,6,531,4,3,101,63,3,798,4,379,9,17,747,1296,1156,972
40FAIRMOUNT,37,0,37,0,1,40,13,1,179,1,118,4,7,419,74,549,234
40FAIRVIEW,325,2,264,1,4,96,100,7,478,1,888,17,44,1322,591,2272,686
40FRANKLIN,92,3,89,0,2,54,38,3,282,7,257,6,12,636,184,918,379
40HARVEYSLAKE,141,4,184,1,2,62,47,2,396,7,458,8,29,935,329,1437,510
40HOLLENBACK,37,0,64,0,1,53,21,0,180,1,109,0,11,481,101,602,255
40HUGHESTOWN,200,5,138,0,0,10,6,0,85,1,369,4,7,382,343,763,101
40HUNLOCK,94,6,108,0,0,90,36,1,289,3,250,14,23,749,208,1039,416
40HUNTINGTON,74,4,95,2,1,73,28,1,291,7,217,18,11,706,173,959,396
40JACKSON,196,4,145,1,3,64,68,1,442,4,475,8,13,991,345,1491,579
40JEDDO,7,0,7,0,0,4,1,0,11,0,6,0,0,45,14,51,16
40LAFLIN,165,9,134,0,1,25,16,0,144,3,355,7,14,500,308,879,186
40LAKE,69,2,88,4,3,57,20,2,292,1,219,6,15,678,159,919,378
40LAURELRUN,28,1,28,0,0,10,4,0,70,2,69,3,1,156,57,231,84
40NESCOPECK,61,4,72,1,2,85,40,0,341,2,229,6,30,848,137,1115,469
40NEWCOLUMBUS,1,0,12,0,0,12,3,0,33,5,14,1,0,77,13,97,48
40NUANGOLA,55,1,38,0,1,19,20,0,88,1,127,0,5,238,94,371,128
40PENNLAKEPARK,22,0,41,0,1,15,4,0,49,0,76,3,11,115,63,205,69
40PLYMOUTH,533,13,466,1,2,48,35,1,436,1,260,4,12,536,1012,813,523
40PRINGLE,79,4,68,0,2,19,10,0,70,0,148,7,9,276,151,440,101
40RICE,218,4,224,3,2,79,59,4,397,3,581,12,30,1055,446,1681,544
40ROSS,118,3,111,3,2,130,42,2,427,5,295,11,17,1075,232,1403,606
40SHICKSHINNY,36,0,54,1,0,23,8,1,71,1,85,6,6,211,90,309,104
40SLOCUM,87,2,60,1,2,23,8,1,153,1,163,2,13,377,149,556,188
40SUGARLOAF,155,9,169,0,2,79,78,4,698,5,447,15,22,1534,333,2023,861
40SUGARNOTCH,87,2,83,0,0,13,9,0,68,1,171,2,13,216,172,403,90
40UNION,105,2,111,1,1,71,28,1,247,0,250,11,31,686,218,978,349
40WARRIORRUN,45,1,48,0,0,4,1,0,63,1,92,4,9,166,94,272,68
40WHITEHAVEN,46,6,82,0,0,19,12,1,114,1,136,7,26,311,134,481,146
40YATESVILLE,80,0,62,0,0,10,7,1,59,1,153,3,2,189,142,348,77
41ANTHONY,19,0,10,1,3,59,19,0,162,4,51,4,6,409,29,474,244
41ARMSTRONG,12,2,26,0,2,30,14,0,118,1,51,4,5,274,40,335,164
41BASTRESS,8,0,29,0,1,44,8,2,82,2,32,1,5,260,37,300,137
41BRADY,16,1,11,0,3,29,5,0,74,1,37,0,3,196,28,237,111
41BROWN,2,1,2,0,0,5,4,0,39,0,4,0,1,63,5,68,48
41CASCADE,8,1,19,0,1,21,9,1,93,0,35,0,4,203,28,242,125
41COGANHOUSE,18,0,31,0,6,70,11,3,162,0,67,2,12,397,49,478,252
41CUMMINGS,11,0,22,0,0,16,9,1,40,1,49,1,6,115,33,172,66
41DUBOISTOWN,34,0,67,4,1,73,34,1,200,2,130,7,17,474,101,630,313
41ELDRED,44,2,99,2,8,146,51,5,365,3,197,4,28,907,145,1139,577
41FAIRFIELD,90,3,90,5,9,164,75,1,382,8,319,4,36,1059,183,1426,636
41FRANKLIN,18,2,28,2,3,32,19,0,128,1,64,2,11,357,48,435,184
41GAMBLE,16,1,39,0,2,65,22,2,150,1,59,2,8,367,56,437,241
41HEPBURN,80,2,121,2,1,189,80,2,343,8,280,9,24,1048,203,1369,617
41JACKSON,12,0,15,1,2,25,5,0,69,2,30,6,2,161,27,201,102
41JORDAN,29,1,31,1,1,28,11,0,86,1,61,6,8,289,61,365,127
41LEWIS,23,4,43,3,1,45,17,1,132,3,76,2,10,357,70,448,199
41LIMESTONE,47,4,70,2,6,124,32,1,283,2,145,4,13,796,121,960,448
41LYCOMING,47,1,63,1,2,124,20,0,223,3,141,3,12,579,111,738,370
41MCHENRY,8,0,7,0,0,9,5,0,30,0,17,0,5,55,15,77,44
41MCINTYRE,17,2,15,1,3,27,4,1,45,3,28,1,6,147,34,185,81
41MCNETT,4,0,0,0,0,5,0,0,19,0,9,0,0,40,4,49,24
41MIFFLIN,20,2,25,0,1,65,14,1,189,1,58,2,11,453,47,525,270
41MILLCREEK,13,1,23,0,3,43,7,0,96,2,53,0,5,256,37,316,149
41MONTGOMERY,38,1,57,2,0,36,15,3,125,3,147,4,24,332,96,510,181
41MORELAND,20,0,50,0,4,59,17,1,154,2,79,2,15,420,70,518,235
41MUNCY,124,1,158,2,12,180,93,7,419,2,86,7,8,418,283,521,713
41MUNCYCREEK,108,7,110,2,6,156,80,2,438,4,329,10,27,1203,225,1573,684
41NIPPENOSE,20,1,18,1,0,42,9,0,80,1,36,3,3,254,39,297,132
41PENN,28,2,33,0,2,24,17,1,147,2,86,0,14,351,63,453,191
41PIATT,23,1,27,1,1,65,12,1,146,2,66,5,5,407,51,485,226
41PICTUREROCKS,23,2,26,2,0,26,16,2,83,2,64,2,10,236,51,314,129
41PINE,3,0,8,0,0,12,8,0,68,0,13,3,7,136,11,159,88
41PLUNKETTSCREEK,19,3,38,0,0,37,10,0,107,1,62,3,4,278,60,348,154
41PORTER,43,2,45,1,5,96,23,0,203,4,135,3,13,602,90,757,328
41SALLADASBURG,5,0,18,0,0,3,1,1,32,0,18,4,0,70,23,92,37
41SHREWSBURY,9,1,11,0,1,11,9,0,50,0,25,1,3,148,21,177,71
41SUSQUEHANNA,37,1,56,0,1,39,12,3,146,2,78,7,9,417,94,513,201
41UPPERFAIRFIELD,43,6,92,2,7,118,53,1,258,5,165,2,20,769,141,961,439
41WASHINGTON,60,1,45,2,3,85,25,3,193,0,107,8,13,566,106,694,311
41WATSON,16,0,21,0,0,24,8,0,95,1,54,2,6,220,37,283,127
41WOLF,100,4,141,4,5,128,71,3,356,7,293,8,37,1054,245,1399,567
41WOODWARD,63,3,59,1,4,133,30,1,287,3,175,4,16,772,125,970,456
42ANNIN,12,1,16,0,2,32,17,2,75,1,50,5,5,230,29,291,128
42CERES,12,0,14,0,4,53,25,0,106,5,40,0,6,353,26,404,188
42CORYDON,11,1,17,0,0,10,7,0,33,0,35,1,4,105,29,145,50
42ELDRED,42,1,50,2,2,83,51,0,237,1,173,10,23,741,93,948,375
42HAMILTON,19,2,27,0,0,21,10,0,59,0,58,2,5,200,48,265,90
42LAFAYETTE,38,2,35,0,1,23,17,1,113,1,100,4,3,341,75,449,155
42LEWISRUN,26,0,15,1,2,13,6,2,59,2,63,1,4,163,41,233,83
42LIBERTY,26,2,32,0,2,63,35,2,195,3,110,2,10,526,60,651,297
42MT.JEWETT,30,4,25,1,2,28,27,1,94,1,81,4,9,294,59,389,153
42NORWICH,17,0,13,0,2,12,11,1,71,4,44,2,3,174,30,227,97
42SERGEANT,9,1,7,0,0,4,7,0,13,0,18,1,1,36,17,56,24
42SMETHPORT,27,2,40,6,2,75,69,4,193,5,169,4,16,523,69,717,349
42WETMORE,59,0,71,0,4,58,38,3,219,3,203,5,22,634,130,867,322
43CLARK,39,0,21,2,1,3,18,1,67,1,112,1,7,214,60,335,92
43COOLSPRING,87,4,72,2,2,90,93,5,248,5,265,3,20,793,163,1086,440
43DEERCREEK,17,0,21,0,1,19,24,0,61,1,51,2,10,171,38,235,105
43DELAWARE,101,5,104,1,2,59,82,1,202,6,315,10,22,737,210,1090,347
43EASTLACKAWANNOCK,56,1,57,1,4,61,72,1,150,4,202,3,24,557,114,790,289
43FAIRVIEW,29,4,21,1,1,34,30,2,84,2,74,3,6,313,54,398,152
43FINDLEY,48,4,42,0,4,60,53,1,134,3,163,7,20,491,94,684,252
43FREDONIA,23,1,18,0,0,16,19,0,44,2,67,2,7,144,42,222,79
43FRENCHCREEK,22,0,31,0,1,30,13,0,67,2,93,1,4,234,53,334,111
43GREENE,45,0,54,1,1,25,42,2,92,3,130,2,18,352,99,505,163
43JACKSON,48,1,52,1,1,48,50,0,163,3,134,4,14,506,101,661,263
43JACKSONCENTER,14,0,15,1,1,7,3,0,13,0,34,0,3,58,29,95,25
43JAMESTOWN,43,1,30,1,1,19,28,3,43,3,105,3,8,197,74,316,95
43LACKAWANNOCK,117,1,87,4,2,57,46,3,166,3,294,9,33,716,205,1055,278
43LAKE,13,0,13,1,4,29,25,0,64,0,66,1,6,232,26,305,123
43LIBERTY,61,1,43,0,4,99,71,0,153,6,173,9,22,567,105,777,327
43MILLCREEK,23,0,26,0,2,50,32,1,87,2,56,6,20,313,49,397,172
43NEWLEBANON,11,0,5,0,0,4,7,0,12,2,19,0,0,55,16,76,23
43NEWVERNON,15,1,19,0,2,35,32,1,70,1,56,2,6,212,35,277,140
43OTTERCREEK,18,0,25,0,1,19,20,0,63,0,62,1,3,203,43,269,103
43PERRY,50,6,34,2,6,53,55,2,157,8,145,5,20,522,90,700,275
43SALEM,21,1,25,2,1,25,33,6,83,0,68,0,9,280,47,357,150
43SANDYCREEK,29,0,15,0,0,24,25,1,95,3,70,2,8,294,44,377,145
43SANDYLAKEBORO,22,1,14,1,1,37,29,1,58,0,65,3,13,216,37,297,127
43SANDYLAKETWP,39,4,44,1,4,54,47,1,165,1,125,3,11,506,87,646,272
43SHEAKLEYVILLE,4,0,3,0,0,5,6,1,15,2,9,1,1,56,7,69,27
43STONEBORO,36,3,42,1,2,38,26,1,87,1,124,4,22,323,81,474,155
43SUGARGROVE,41,1,48,4,2,43,55,1,103,2,129,3,10,378,90,522,208
43WESTMIDDLESEX,63,2,39,1,2,21,28,0,72,3,161,4,10,260,104,438,124
43WHEATLAND,69,1,33,0,0,4,6,0,34,2,157,3,8,117,103,287,44
43WILMINGTON,28,0,45,4,10,61,53,1,142,1,129,2,10,467,73,609,271
43WOLFCREEK,30,0,19,1,5,32,45,0,95,2,87,5,12,313,49,419,178
43WORTH,31,2,25,0,3,54,30,0,94,4,78,2,13,352,58,449,181
44BRATTON,18,0,33,1,1,63,36,0,126,4,51,0,8,448,51,511,227
44BROWN,145,1,131,2,11,166,152,5,420,8,405,8,53,1306,277,1780,756
44BURNHAM,69,2,81,1,7,63,24,3,178,3,187,7,25,638,152,860,276
44JUNIATATERRACE,29,1,16,0,1,9,7,1,42,2,48,1,9,140,46,200,60
44KISTLER,11,0,7,0,2,3,0,1,27,0,31,0,1,85,18,117,33
44MCVEYTOWN,16,1,16,3,1,22,5,0,35,1,35,0,4,122,33,162,66
44MENNO,11,2,5,1,8,74,28,0,77,2,26,0,4,310,18,342,188
44NEWTONHAMILTON,2,0,7,0,0,3,2,1,22,0,7,0,1,68,9,76,28
44OLIVER,53,0,54,1,3,74,45,3,260,2,124,2,21,729,107,878,386
44UNION,58,4,51,4,9,197,113,8,231,2,176,2,35,995,113,1210,562
44WAYNE,47,1,50,1,1,77,23,2,272,4,153,2,11,811,98,981,376
45DELAWAREWATERGAP,54,1,65,2,1,8,14,0,49,2,205,8,6,151,120,372,74
45ELDRED,100,4,123,2,3,71,35,4,283,3,359,15,27,856,227,1260,398
45JACKSON,339,8,310,1,3,155,70,5,531,8,1321,27,59,1625,657,3040,765
45MT.POCONO,134,1,125,1,3,29,22,2,152,4,656,11,14,521,260,1206,209
45PARADISE,180,2,138,4,2,59,51,2,261,3,627,15,51,745,320,1441,379
45POLK,302,14,298,0,3,134,59,3,650,13,1010,31,78,2164,614,3296,849
45PRICE,192,3,148,2,1,64,32,4,176,5,727,16,32,705,343,1485,279
45ROSS,228,5,251,0,5,126,76,5,466,8,809,20,67,1599,484,2503,678
45TUNKHANNOCK,299,4,242,3,3,69,37,5,387,3,1188,18,48,1177,545,2434,504
46BRYNATHYN,64,0,122,0,2,50,166,2,62,3,365,12,80,277,186,737,282
46BRYNATHYNINDEPENDENT,0,0,0,0,0,0,0,0,0,0,0,0,0,0,0,0,0
46EASTGREENVILLE,94,1,169,1,3,79,42,1,141,6,510,17,46,604,264,1183,267
46GREENLANE,19,0,32,0,1,22,15,1,47,1,100,1,11,137,51,250,86
46HATFIELD,1173,9,1072,13,18,597,553,26,1329,1,822,9,48,515,2254,1395,2536
46MARLBOROUGH,160,1,197,2,9,138,86,3,386,8,668,11,52,1136,358,1875,624
46PENNSBURG,136,1,160,3,3,99,52,5,206,6,625,21,63,739,297,1454,368
46REDHILL,129,3,156,2,1,89,51,5,179,13,501,10,39,639,288,1202,327
46ROCKLEDGE,161,2,206,4,3,73,114,8,245,7,686,13,42,646,369,1394,447
46SALFORD,142,1,118,6,6,177,101,5,341,6,582,10,55,1019,261,1672,636
46SCHWENKSVILLE,59,0,86,1,2,34,27,5,79,4,264,10,22,266,145,566,148
46TELFORD,95,5,139,3,5,110,85,5,172,8,507,17,42,600,239,1174,380
46TRAPPE,226,2,174,4,2,126,152,4,313,8,939,19,50,921,402,1937,601
46UPPERFREDERICK,181,0,158,0,2,162,88,8,297,3,720,14,54,997,339,1788,557
46UPPERPOTTSGROVE,281,5,289,4,8,145,110,5,419,14,1272,21,90,1400,575,2797,691
46UPPERSALFORD,139,2,170,6,9,190,151,4,386,11,695,17,45,1038,311,1806,746
46WESTCONSHOHOCKEN,108,2,105,0,1,20,67,3,83,1,472,7,37,304,215,821,174
46WESTPOTTSGROVE,152,3,175,1,3,55,48,5,215,9,669,13,54,769,330,1514,327
47ANTHONY,53,2,48,1,4,55,21,1,155,0,130,1,15,485,103,631,237
47COOPER,43,1,44,1,2,46,26,1,115,3,144,7,9,304,88,467,191
47DERRY,37,0,49,1,1,21,8,0,105,1,82,2,12,283,86,380,136
47LIBERTY,66,5,73,1,1,48,46,1,240,9,195,9,20,647,144,880,337
47LIMESTONE,24,0,33,1,0,76,32,0,119,1,73,3,15,364,57,456,228
47MAYBERRY,10,0,11,0,2,10,9,1,37,3,41,1,10,103,21,158,59
47VALLEY,104,2,117,1,3,107,65,5,287,6,328,11,47,771,223,1163,468
47WASHINGTONVILLE,17,0,6,0,2,1,3,0,11,1,26,1,2,38,23,68,17
47WESTHEMLOCK,17,1,29,0,1,17,24,2,69,3,69,2,9,197,47,280,113
48ALLEN,346,9,286,1,3,149,100,6,482,5,966,25,71,1610,641,2677,741
48BATH,125,2,107,2,2,58,24,5,185,5,425,13,46,598,234,1087,276
48CHAPMAN,5,1,16,0,0,8,4,0,17,3,26,1,7,60,22,97,29
48EASTBANGOR,38,0,55,2,0,26,10,2,61,4,137,6,15,290,93,452,101
48FREEMANSBURG,143,0,138,0,2,30,13,0,93,3,626,15,32,366,281,1042,138
48GLENDON,25,0,18,0,0,3,2,0,17,0,70,5,8,67,43,150,22
48PORTLAND,14,1,36,1,0,11,7,0,48,0,76,3,5,161,51,245,67
48ROSETO,88,0,77,0,2,34,16,2,132,3,235,7,17,502,165,764,186
48STOCKERTOWN,60,1,55,0,0,26,13,2,71,1,151,3,10,275,116,440,112
48TATAMY,70,4,54,0,1,39,23,0,98,1,222,1,11,325,128,560,161
48WALNUTPORT,78,1,82,2,1,44,29,4,150,2,264,15,26,522,161,829,230
48WESTEASTON,60,2,82,0,2,32,14,0,68,1,231,4,18,294,144,548,116
48WINDGAP,115,4,118,2,4,49,34,4,171,3,396,11,25,687,237,1122,264
49EASTCAMERON,27,1,28,0,1,15,1,2,88,2,57,3,3,244,56,309,107
49EASTCHILLISQUAQUE,10,0,21,1,1,21,30,1,80,0,47,1,16,225,31,289,134
49HERNDON,6,0,10,1,1,13,5,0,33,1,35,1,2,95,16,134,53
49JACKSON,21,0,33,2,2,61,19,2,107,5,49,1,8,353,54,416,193
49JORDAN,8,1,22,1,1,32,27,0,106,3,47,0,6,316,31,372,167
49LEWIS,53,4,58,2,3,78,41,2,208,6,163,3,18,578,115,768,334
49LITTLEMAHANOY,17,0,9,1,3,22,2,0,42,0,31,1,4,149,26,185,70
49LOWERAUGUSTA,35,0,45,2,3,71,16,0,117,3,92,4,13,407,80,519,209
49LOWERMAHANOY,40,3,53,1,6,103,29,2,200,5,125,1,16,626,96,773,341
49MARIONHEIGHTS,36,3,39,0,1,12,4,0,40,2,87,1,8,174,78,272,57
49MCEWENSVILLE,8,1,11,0,3,13,10,1,29,0,21,3,4,90,20,118,56
49ROCKEFELLER,62,1,77,2,10,160,57,2,317,10,201,10,25,914,140,1160,548
49RUSH,35,1,37,2,1,72,30,1,130,5,132,2,8,411,73,558,236
49SHAMOKIN,340,12,380,3,8,175,93,6,812,2,237,5,33,901,732,1178,1097
49SNYDERTOWN,16,0,17,0,0,14,7,1,51,4,32,0,3,121,33,160,73
49TURBOT,63,0,55,3,2,92,39,4,180,2,212,6,22,597,118,839,320
49TURBOTVILLE,32,2,32,1,2,35,13,2,56,2,98,1,7,223,66,331,109
49UPPERMAHANOY,15,0,23,0,1,21,12,1,71,1,46,2,1,237,38,287,106
49WASHINGTON,21,3,24,0,3,36,25,1,79,1,50,2,9,246,48,308,144
49WESTCAMERON,13,0,11,0,1,17,3,0,75,1,28,0,3,183,24,215,96
49WESTCHILLISQUAQUE,63,0,69,3,5,112,43,7,204,1,202,7,15,683,132,908,374
49ZERBE,50,2,64,2,4,44,19,1,150,8,123,3,16,514,116,664,220
4BIGBEAVER,153,4,114,1,3,63,36,0,178,9,331,8,18,633,271,999,281
4BRIDGEWATER,55,1,53,0,2,11,19,1,68,3,134,3,15,207,109,362,101
4DARLINGTON,88,3,78,1,3,80,48,1,181,8,243,6,21,667,169,945,314
4EASTROCHESTER,48,0,45,1,0,7,8,0,36,1,111,0,8,156,93,276,52
4EASTVALE,9,0,18,0,0,1,1,0,15,0,21,2,1,58,27,82,17
4FALLSTON,36,0,15,0,0,8,7,0,11,4,59,2,7,61,51,133,26
4FRANKFORTSPRINGS,12,0,6,0,0,5,7,0,16,0,23,0,0,51,18,74,28
4FREEDOM,92,2,74,0,2,15,10,0,58,2,238,5,14,345,168,604,85
4GEORGETOWN,7,0,6,0,0,9,4,0,21,0,13,1,6,77,13,97,34
4GLASGOW,10,0,9,0,0,0,0,0,1,0,19,2,0,14,19,35,1
4GREENE,120,6,97,3,1,78,52,4,240,7,323,6,19,834,223,1189,378
4HOMEWOOD,17,0,11,0,0,4,0,0,5,1,27,1,1,29,28,59,9
4HOOKSTOWN,7,0,9,1,0,4,4,0,20,0,20,1,1,48,16,70,29
4INDEPENDENCE,133,1,124,2,3,103,46,2,233,3,366,7,21,890,258,1287,389
4INDUSTRY,150,2,107,2,2,45,32,2,114,3,315,7,23,555,259,903,197
4KOPPEL,73,1,54,1,1,18,4,0,33,1,134,1,9,192,128,337,57
4MARION,43,3,41,0,1,35,41,2,106,4,124,3,9,352,87,492,185
4NEWGALILEE,19,1,21,0,1,11,10,1,24,0,40,2,2,101,41,145,47
4PATTERSONHEIGHTS,50,1,36,1,0,23,38,1,79,3,112,4,6,222,87,347,142
4POTTER,47,2,43,1,1,17,12,0,48,1,83,1,6,205,92,296,79
4PULASKI,79,8,72,0,1,31,19,1,64,1,203,4,12,377,159,597,116
4SHIPPINGPORT,1,0,5,0,0,3,2,0,19,1,13,0,2,66,6,82,24
4SOUTHBEAVER,140,2,108,2,0,83,79,2,225,3,349,3,25,986,250,1366,391
4SOUTHHEIGHTS,27,1,27,0,0,6,5,0,23,2,83,1,4,120,55,210,34
4VANPORT,176,5,113,1,0,32,28,0,96,3,349,6,16,386,294,760,157
4WESTMAYFIELD,81,3,67,0,1,35,9,0,58,6,191,7,17,328,151,549,103
4WHITE,100,0,70,1,0,16,16,1,57,5,220,5,15,292,170,537,91
50BLAIN,5,0,2,2,1,28,1,0,32,0,19,0,3,86,7,108,64
50BLOOMFIELD,38,0,51,1,5,84,38,0,120,7,129,3,13,343,89,495,248
50BUFFALO,36,1,52,1,2,91,30,2,159,3,115,9,18,514,89,659,285
50CARROLL,130,2,197,10,14,306,108,7,694,9,511,15,73,1905,329,2513,1139
50CENTRE,62,1,97,4,10,149,67,2,306,6,215,11,35,899,160,1166,538
50DUNCANNON,55,2,65,3,1,69,17,2,154,1,174,8,30,436,122,649,246
50GREENWOOD,40,1,58,2,6,74,56,2,139,1,137,4,20,415,99,577,279
50HOWE,17,0,23,1,2,32,10,2,68,3,54,2,3,170,40,232,115
50JACKSON,19,0,9,0,0,25,19,0,36,3,33,0,2,132,28,170,80
50JUNIATA,54,1,68,6,2,97,34,2,174,4,196,1,11,510,123,722,315
50LANDISBURG,6,0,4,0,2,16,2,0,15,0,25,0,1,58,10,84,35
50LIVERPOOL,70,4,71,3,11,121,52,1,250,7,196,7,30,698,145,938,438
50MARYSVILLE,95,4,133,9,4,118,52,2,265,6,375,11,43,759,232,1194,450
50MILLER,17,2,33,1,2,66,20,1,118,3,77,4,11,339,52,434,208
50MILLERSTOWN,32,0,26,2,5,68,29,0,86,3,95,0,13,266,58,377,190
50NEWBUFFALO,1,0,7,0,1,7,3,0,17,1,5,1,0,43,8,50,28
50NEWPORT,34,0,52,1,2,78,30,5,132,5,133,9,24,379,86,550,248
50NORTHEASTMADISON,19,0,42,4,3,55,15,1,86,4,75,1,11,262,61,353,164
50OLIVER,68,1,67,6,2,69,52,3,210,6,230,6,22,544,136,808,342
50PENN,87,4,114,7,11,156,72,2,395,9,354,18,53,1075,205,1509,643
50RYE,75,3,111,5,3,163,77,1,403,6,294,13,34,965,189,1312,652
50SAVILLE,50,2,70,2,5,150,56,4,286,9,166,3,34,818,122,1030,503
50SOUTHWESTMADISON,23,0,22,0,1,69,26,0,74,5,70,2,8,283,45,368,170
50SPRING,76,4,94,3,6,153,70,2,263,3,230,10,37,817,174,1097,497
50TUSCARORA,22,1,37,3,6,80,18,2,161,3,98,2,8,461,60,572,270
50TYRONE,62,1,56,2,4,128,31,3,178,9,150,12,32,576,119,779,346
50WATTS,37,1,46,1,7,69,33,2,185,5,142,5,11,508,84,671,297
50WHEATFIELD,76,4,131,3,6,235,69,4,453,4,298,6,37,1203,211,1548,770
52BLOOMINGGROVE,222,3,180,4,0,80,56,3,433,7,886,14,42,1433,405,2382,576
52GREENE,117,2,147,1,4,94,48,4,382,7,487,17,31,1105,266,1647,533
52MILFORD,125,2,129,0,2,54,54,1,300,2,538,11,33,801,256,1385,411
52PALMYRA,142,1,112,2,3,100,91,4,428,2,536,5,33,1231,255,1807,628
52PORTER,25,0,12,0,0,13,4,0,45,1,70,4,2,146,37,223,62
52SHOHOLA,70,1,111,0,2,55,55,0,253,7,411,5,30,770,182,1223,365
52WESTFALL,85,0,96,5,0,34,48,2,266,0,383,10,23,811,181,1227,355
53ABBOTT,2,0,12,0,1,8,0,0,53,0,17,3,0,121,14,141,62
53ALLEGANY,5,0,19,1,1,26,15,3,67,0,27,2,4,193,24,226,113
53AUSTIN,25,3,26,0,0,8,5,1,55,0,67,1,6,161,54,235,69
53BINGHAM,6,0,21,0,2,28,13,0,85,0,25,3,5,208,27,241,128
53CLARA,7,0,1,1,1,8,4,0,42,0,19,0,0,88,8,107,56
53EULALIA,13,0,26,3,0,45,30,0,120,1,58,1,6,337,39,403,198
53GENESEE,18,1,27,1,1,28,16,0,117,3,48,0,2,290,46,343,163
53HARRISON,7,3,22,1,2,33,19,1,130,1,30,1,7,376,32,415,186
53HEBRON,11,1,14,0,3,48,20,3,123,3,36,1,3,300,26,343,197
53HECTOR,4,0,13,0,0,14,8,0,57,0,18,0,2,154,17,174,79
53HOMER,15,1,10,0,0,24,13,0,79,1,44,0,5,193,26,243,116
53KEATING,5,0,11,0,0,10,9,0,59,1,16,0,7,138,16,162,78
53OSWAYO,17,0,7,0,4,18,5,0,60,0,25,0,1,167,24,193,87
53PIKE,8,0,4,0,0,8,5,0,56,1,22,0,5,112,12,140,69
53PLEASANTVALLEY,3,0,2,0,0,2,6,0,15,0,7,0,1,40,5,48,23
53PORTAGE,8,0,11,1,0,4,3,0,38,0,23,0,4,72,19,99,46
53ROULETTE,17,1,38,0,1,40,17,3,152,3,77,3,12,375,56,470,213
53SHINGLEHOUSE,18,0,23,2,2,59,17,3,104,2,66,6,17,348,41,439,187
53STEWARDSON,3,0,4,1,0,5,4,0,15,0,6,0,0,44,7,50,25
53SUMMIT,7,1,6,0,0,8,13,0,29,0,18,0,6,77,14,101,50
53SWEDEN,15,0,29,1,4,39,15,1,132,1,65,5,11,362,44,444,192
53SYLVANIA,3,0,4,0,0,2,0,0,16,1,11,0,1,36,7,49,18
53ULYSSES,36,3,38,4,8,67,28,3,172,8,83,0,7,455,77,553,282
53WESTBRANCH,17,1,13,3,1,15,17,1,72,0,36,0,4,178,31,218,109
53WHARTON,7,0,4,1,0,7,7,0,30,0,13,1,3,52,11,69,45
54AUBURN,19,0,21,0,2,22,12,0,88,2,76,4,12,234,40,328,124
54BARRY,25,1,36,0,1,42,29,1,152,0,77,2,15,353,62,447,225
54BLYTHE,65,2,45,0,2,12,17,1,120,2,118,1,6,284,112,411,152
54BRANCH,132,4,137,3,0,21,22,2,188,3,288,4,20,572,273,887,236
54CRESSONA,46,2,57,4,1,56,28,4,181,5,179,4,19,524,105,731,274
54DEERLAKE,38,0,30,1,2,21,17,0,129,2,107,1,11,286,68,407,170
54DELANO,31,1,17,0,0,6,4,0,48,2,60,1,4,109,49,176,58
54EASTBRUNSWICK,58,2,45,3,4,86,51,2,337,7,174,1,23,792,105,997,483
54EASTNORWEGIAN,85,7,63,1,2,12,15,0,115,3,189,1,5,352,155,550,145
54EASTUNION,54,0,81,0,1,28,22,1,247,2,156,4,22,646,135,830,299
54ELDRED,16,0,12,0,3,38,25,1,92,4,59,0,6,272,28,341,159
54FOSTER,17,0,19,1,0,9,4,0,39,0,45,0,3,97,36,145,53
54FRAILEY,16,0,7,0,0,1,2,0,59,0,20,2,8,122,23,152,62
54GILBERTON,41,1,41,2,1,7,10,2,79,0,88,0,4,201,83,293,101
54GIRARDVILLE,86,4,80,0,1,8,13,1,120,1,188,2,7,330,170,528,143
54GORDON,41,1,34,0,2,26,17,1,113,2,107,1,7,261,76,378,159
54HUBLEY,13,0,20,1,2,31,21,0,114,2,49,0,5,289,33,345,169
54KLINE,66,1,80,0,0,22,16,1,307,0,160,6,9,594,147,769,346
54LANDINGVILLE,6,0,4,0,0,1,3,1,30,0,18,1,1,62,10,82,35
54MAHANOY,55,2,45,0,0,14,10,1,94,0,114,9,3,305,102,431,119
54MECHANICSVILLE,30,0,23,0,0,8,11,0,44,0,59,0,3,147,53,209,63
54MIDDLEPORT,28,0,22,0,0,11,5,0,49,0,51,3,5,129,50,188,65
54MT.CARBON,9,0,11,0,0,1,0,0,12,0,20,0,2,26,20,48,13
54NEWCASTLE,32,0,17,0,0,6,3,0,22,3,43,1,2,100,49,149,31
54NEWPHILADELPHIA,97,1,67,0,0,17,7,1,81,2,172,5,11,296,165,486,106
54NEWRINGGOLD,9,1,12,1,0,4,6,0,34,0,27,0,2,93,22,122,45
54NORTHUNION,36,0,57,0,0,31,20,2,214,3,138,8,9,488,93,646,267
54PORTCLINTON,15,0,14,0,1,5,3,0,33,3,34,2,4,72,29,115,42
54REILLY,53,3,33,0,1,8,5,0,69,2,87,3,0,211,89,303,83
54RINGTOWN,38,1,31,0,0,19,8,1,142,0,83,2,6,300,70,391,170
54RYAN,85,1,80,1,4,33,30,3,312,1,188,8,14,665,166,876,383
54SCHUYLKILL,58,0,51,0,0,22,18,0,172,3,144,2,13,404,109,566,212
54SOUTHMANHEIM,90,1,117,2,6,84,63,3,373,9,315,2,39,1014,208,1379,531
54TOWERCITY,21,1,29,0,2,43,14,1,158,1,75,3,12,408,51,499,218
54TREMONT,53,3,61,5,3,29,21,0,205,2,144,5,20,530,117,701,263
54UNION,51,1,56,0,0,36,29,1,241,0,138,1,12,533,108,684,307
54UPPERMAHANTONGO,16,1,13,0,3,21,13,2,112,2,37,1,7,266,30,313,151
54WALKER,23,1,35,0,2,29,40,2,190,2,94,4,16,412,59,528,263
55ADAMS,27,0,18,2,9,55,18,1,115,1,73,1,12,329,45,416,200
55BEAVER,16,0,8,0,4,41,25,1,80,0,38,0,6,218,24,262,151
55BEAVERTOWN,25,0,22,2,3,76,20,0,139,7,67,2,14,359,47,449,240
55CENTER,24,2,40,4,6,246,25,2,183,11,100,4,13,836,66,964,466
55CHAPMAN,23,2,22,3,4,50,22,0,68,0,66,1,4,255,47,326,147
55FRANKLIN,33,1,39,3,8,153,65,0,269,4,126,5,10,608,73,753,498
55FREEBURG,22,0,16,0,3,17,24,0,70,1,74,3,10,383,38,471,114
55JACKSON,39,3,40,3,3,91,36,2,151,2,113,3,13,174,82,305,286
55MCCLURE,32,1,17,3,6,56,22,1,84,1,61,3,19,549,50,633,172
55MIDDLEBURG,32,0,25,0,2,82,32,3,130,3,135,1,13,798,57,950,249
55MIDDLECREEK,47,2,52,4,5,151,58,0,277,2,167,7,19,609,101,804,495
55PERRY,47,0,35,0,8,106,38,3,210,3,128,5,21,415,82,572,365
55SHAMOKINDAM,98,1,56,3,5,74,50,2,153,1,271,10,24,805,155,1111,287
55SPRING,20,1,33,1,5,90,38,2,181,5,86,1,18,411,54,521,317
55UNION,24,2,23,0,5,71,27,1,113,6,74,3,24,297,49,404,217
55WASHINGTON,49,4,42,0,5,117,43,0,136,4,142,3,16,615,95,780,301
55WESTBEAVER,10,0,8,0,4,57,16,0,151,1,29,0,5,314,18,349,228
55WESTPERRY,21,0,18,1,6,71,34,0,106,2,67,1,8,820,39,898,218
56ADDISON,45,0,44,2,3,29,22,3,148,1,110,2,8,380,89,501,207
56ALLEGHENY,17,4,27,0,2,29,12,1,126,0,63,0,8,300,48,371,170
56BENSON,9,2,13,0,0,7,2,0,8,0,29,2,2,63,24,96,17
56BERLIN,59,5,79,5,13,124,44,2,292,3,136,6,16,844,143,1005,480
56BLACK,21,2,19,1,3,64,17,2,96,1,55,1,4,360,42,421,183
56BOSWELL,93,8,69,2,2,30,15,0,74,2,169,5,13,368,170,557,123
56BROTHERSVALLEY,49,3,74,3,11,137,72,2,362,9,141,5,16,1074,126,1245,587
56CALLIMONT,3,0,0,0,0,5,1,0,0,0,6,0,0,16,3,22,6
56CASSELMAN,3,0,5,0,1,1,2,0,15,1,6,1,3,31,8,42,19
56CENTRALCITY,69,4,71,0,1,18,8,0,66,1,118,4,8,309,144,440,93
56CONFLUENCE,34,2,31,0,0,21,4,1,65,1,87,2,6,197,67,293,91
56ELKLICK,32,2,39,2,8,99,34,0,163,3,117,4,19,575,73,718,306
56FAIRHOPE,7,0,4,0,0,5,2,0,20,1,12,1,5,55,11,74,27
56GARRETT,26,0,21,0,0,8,2,0,40,0,47,0,2,126,47,175,50
56GREENVILLE,19,1,14,0,6,26,9,0,83,1,48,0,5,221,34,275,124
56HOOVERSVILLE,35,1,29,1,0,16,14,0,72,1,82,0,7,219,65,309,103
56INDIANLAKE,26,1,23,0,0,26,26,1,98,1,82,2,3,213,50,301,151
56JEFFERSON,66,0,63,1,5,71,43,3,236,2,209,0,7,607,129,825,359
56JENNERSTOWN,30,2,41,1,1,51,17,1,97,1,65,0,6,310,73,382,168
56LARIMER,19,2,21,1,2,39,7,0,84,3,34,1,1,269,42,308,133
56LINCOLN,56,6,54,6,8,85,37,1,288,2,127,2,27,716,116,874,425
56LOWERTURKEYFOOT,17,0,19,0,3,15,10,1,62,2,46,0,9,171,36,228,91
56MEYERSDALE,90,2,86,3,6,90,30,3,206,6,207,1,17,692,178,923,338
56MIDDLECREEK,37,0,28,1,1,54,30,1,148,2,100,1,8,397,65,508,235
56MILFORD,55,0,49,2,4,85,49,1,282,2,130,2,10,702,104,846,423
56NEWBALTIMORE,17,0,18,0,2,2,1,0,10,2,29,1,0,64,35,96,15
56NEWCENTERVILLE,8,0,4,1,0,19,8,1,36,0,20,0,0,96,12,116,65
56NORTHAMPTON,17,1,19,0,2,29,6,0,63,1,34,1,4,171,37,211,100
56OGLE,18,1,32,0,3,20,10,0,69,1,54,1,3,206,51,265,102
56PAINT,257,10,237,5,11,179,76,6,472,5,143,1,6,276,504,431,749
56QUEMAHONING,70,3,82,2,7,83,31,1,243,5,152,3,22,747,155,929,367
56ROCKWOOD,24,2,34,0,1,39,13,3,99,4,60,5,8,306,60,383,155
56SALISBURY,12,1,30,0,2,34,26,4,77,2,78,2,11,264,43,357,143
56SEVENSPRINGS,0,0,0,0,0,3,3,0,2,0,4,0,0,7,0,11,8
56SHANKSVILLE,3,0,8,0,1,11,2,0,27,0,12,0,4,91,11,107,41
56SOUTHAMPTON,15,0,19,0,1,38,5,1,102,5,24,1,1,289,34,320,147
56STONYCREEK,53,5,62,7,5,139,53,4,389,5,132,3,19,1008,120,1167,597
56STOYSTOWN,15,0,22,1,1,23,11,2,49,0,35,0,3,142,37,180,87
56SUMMIT,74,5,82,5,7,112,32,1,251,7,151,6,10,825,161,999,408
56UPPERTURKEYFOOT,27,1,37,2,6,91,25,1,206,0,69,0,11,538,65,618,331
56URSINA,6,0,13,3,0,2,2,0,16,2,13,1,2,60,19,78,23
56WELLERSBURG,7,0,4,0,0,7,3,0,30,0,14,0,1,86,11,101,40
57CHERRY,86,3,99,0,1,32,37,2,165,2,150,1,8,434,188,595,237
57COLLEY,16,0,27,0,4,36,9,2,59,0,12,1,2,71,43,86,110
57DAVIDSON,24,1,34,1,0,21,10,1,77,0,55,2,0,231,59,288,110
57DUSHORE,37,1,23,0,1,23,19,3,57,3,96,2,5,170,61,276,103
57EAGLESMERE,10,0,2,0,0,8,18,3,38,1,39,0,5,64,12,109,67
57ELKLAND,6,1,19,0,7,44,18,1,101,0,32,1,8,258,26,299,171
57FORKS,26,3,10,2,2,25,10,0,53,1,48,1,3,156,39,209,92
57FORKSVILLE,6,1,9,0,1,1,10,0,23,0,15,0,0,50,16,65,35
57FOX,12,1,11,1,0,14,6,0,57,1,30,0,4,134,24,169,78
57HILLSGROVE,7,0,4,0,1,12,9,0,46,1,13,2,4,109,11,129,68
57LAPORTE,67,3,45,5,0,23,29,0,102,1,146,1,17,261,115,426,159
57SHREWSBURY,15,0,13,0,0,8,8,0,64,0,39,2,2,129,28,172,80
58APOLACON,17,0,13,2,0,31,13,0,55,1,18,2,8,66,30,95,101
58ARARAT,27,1,25,0,0,18,9,1,89,1,77,1,7,192,53,278,117
58AUBURN,54,4,81,2,6,90,30,1,243,5,159,6,30,654,139,854,372
58BRIDGEWATER,100,2,91,2,7,155,89,5,366,3,320,13,42,895,193,1273,624
58BROOKLYN,35,1,25,0,2,50,32,1,111,0,101,2,10,331,61,444,196
58CHOCONUT,39,3,19,0,2,30,27,0,87,1,111,2,13,252,61,379,146
58CLIFFORD,111,2,110,2,3,95,44,2,306,5,330,10,30,774,223,1149,452
58DIMOCK,53,2,60,1,2,62,37,0,186,1,155,6,22,448,115,632,288
58FORESTCITY,88,4,73,1,0,31,17,0,132,4,226,1,8,387,165,626,181
58FORESTLAKE,45,2,36,1,1,101,35,3,131,5,121,5,16,444,83,591,272
58FRANKLIN,28,0,31,1,3,52,25,3,131,2,90,6,12,334,59,444,215
58FRIENDSVILLE,5,0,9,0,0,5,1,0,16,0,9,1,3,42,14,55,22
58GIBSON,33,1,35,2,2,83,36,1,165,3,115,4,16,535,69,673,289
58GREATBEND,86,1,85,4,4,130,50,5,263,5,321,21,35,750,172,1132,456
58HALLSTEAD,56,0,42,2,2,55,20,1,89,6,128,5,24,304,98,467,169
58HARFORD,51,0,47,5,3,95,64,0,201,6,170,5,19,496,98,696,368
58HARMONY,19,1,19,0,1,12,9,1,71,0,62,0,2,178,39,242,94
58HERRICK,50,1,33,3,2,19,25,0,104,3,131,5,8,239,84,386,153
58HOPBOTTOM,16,1,12,1,2,12,4,0,31,0,35,5,10,78,29,128,50
58JACKSON,34,0,28,0,1,69,25,5,136,3,90,1,9,357,62,460,236
58JESSUP,17,2,24,0,2,41,13,1,98,2,66,1,11,203,43,283,155
58LANESBORO,18,0,22,0,0,18,5,0,46,0,57,3,7,122,40,189,69
58LATHROP,53,0,29,1,2,29,15,1,110,5,108,3,14,258,82,388,158
58LENOX,67,4,74,1,4,77,45,1,281,4,204,15,23,659,145,905,409
58LIBERTY,37,2,35,4,3,60,23,1,140,2,122,3,14,374,74,515,231
58LITTLEMEADOWS,5,1,10,1,1,11,12,0,35,1,29,0,3,108,16,141,60
58MIDDLETOWN,11,0,13,0,0,17,12,1,79,0,33,0,3,154,24,190,109
58NEWMILFORD,83,1,98,3,4,156,71,8,340,2,300,13,26,495,182,836,582
58OAKLAND,47,0,59,1,0,43,19,0,103,3,144,8,14,300,106,469,166
58RUSH,43,2,48,1,2,58,21,0,158,4,128,4,17,400,93,553,240
58SILVERLAKE,76,0,85,0,1,90,59,1,215,3,295,13,31,646,161,988,366
58SPRINGVILLE,69,4,64,0,3,85,47,0,197,1,219,9,26,476,137,731,332
58SUSQUEHANNADEPOT,82,0,49,3,1,35,12,2,81,2,186,7,10,279,131,484,134
58THOMPSON,43,0,35,0,1,28,19,0,68,0,122,3,11,186,78,322,116
58UNIONDALE,5,0,16,0,0,10,9,0,36,0,27,0,4,112,21,143,55
59BLOSS,13,1,14,1,0,4,8,2,58,0,31,0,5,134,28,170,73
59BLOSSBURG,41,2,65,3,5,40,48,2,149,4,160,9,20,454,108,647,247
59BROOKFIELD,14,0,12,1,0,20,9,1,65,2,34,1,2,164,26,203,96
59CHARLESTON,67,2,108,5,10,169,121,7,438,15,332,10,48,1231,177,1636,750
59CHATHAM,13,0,27,2,1,27,27,0,99,2,64,4,9,261,40,340,156
59CLYMER,20,0,21,0,4,12,10,2,79,1,50,1,2,222,41,276,107
59COVINGTON,16,2,20,1,2,64,29,0,146,6,57,5,17,405,38,490,242
59DEERFIELD,8,2,20,1,2,28,18,1,87,2,29,3,10,258,30,302,137
59DUNCAN,3,0,7,0,0,5,4,0,15,0,11,3,2,76,10,92,24
59ELK,2,0,1,0,3,1,1,1,9,0,1,0,2,17,3,20,15
59ELKLAND,69,1,58,4,0,28,30,3,111,5,188,3,30,410,128,636,176
59FARMINGTON,33,0,17,1,2,19,16,0,99,1,70,0,6,242,50,319,137
59GAINES,25,2,31,1,2,16,7,1,117,0,61,2,5,238,58,306,144
59HAMILTON,12,0,12,4,0,11,6,0,58,1,41,1,2,157,24,202,79
59JACKSON,34,1,55,4,3,93,46,3,220,3,172,8,34,679,90,896,369
59KNOXVILLE,24,0,26,3,0,14,11,3,57,1,65,1,9,173,50,249,88
59LAWRENCE,34,1,31,1,6,46,48,1,173,2,119,2,12,561,66,696,275
59LAWRENCEVILLE,12,1,17,1,0,16,9,4,55,4,46,7,12,164,30,233,85
59LIBERTY,22,1,33,3,4,97,44,2,164,3,85,3,12,504,56,607,314
59MANSFIELD,80,2,151,2,3,73,68,3,117,7,436,15,41,442,233,941,266
59MIDDLEBURY,18,0,32,1,3,85,39,3,190,8,81,2,19,530,50,640,321
59MORRIS,18,0,16,4,4,39,28,1,80,3,37,1,7,261,34,309,156
59NELSON,17,0,18,2,1,23,10,1,55,2,44,0,15,155,35,216,92
59OSCEOLA,21,1,15,1,1,23,7,0,55,3,48,2,3,213,37,269,87
59PUTNAM,8,0,15,0,2,23,10,1,51,1,29,0,2,144,23,176,87
59RICHMOND,52,0,75,3,7,89,82,4,269,3,245,5,26,803,127,1082,454
59ROSEVILLE,4,0,6,0,0,5,6,0,25,0,12,0,4,57,10,73,36
59RUTLAND,13,1,35,0,2,61,15,0,113,1,64,4,10,332,49,411,191
59SULLIVAN,31,1,45,0,0,79,28,5,198,7,119,3,24,571,77,724,310
59TIOGA,26,1,43,1,3,38,36,5,210,2,110,4,27,532,70,675,293
59UNION,33,2,24,0,4,45,25,3,99,1,80,2,15,325,59,423,176
59WARD,5,0,3,0,0,10,3,0,33,0,18,0,2,85,8,105,46
59WESTFIELD,55,0,41,2,5,71,42,0,181,9,141,2,19,568,96,739,301
5BLOOMFIELD,19,3,24,1,2,65,16,0,156,3,55,2,6,446,46,512,240
5COALDALE,8,1,9,0,0,5,3,0,9,0,12,0,1,45,18,58,17
5COLERAIN,41,2,32,0,6,74,23,2,187,1,104,0,4,491,75,600,292
5CUMBERLANDVALLEY,45,0,61,2,5,84,22,2,222,0,127,2,6,686,106,821,337
5EASTPROVIDENCE,26,0,29,4,7,101,39,7,265,1,87,2,10,720,55,820,423
5EASTST.CLAIR,73,1,91,5,22,165,53,7,342,6,234,7,20,1219,165,1486,594
5EVERETT,36,0,40,4,8,49,27,4,172,4,108,2,12,520,76,646,264
5HARRISON,33,2,36,1,3,90,29,0,113,3,82,4,5,407,71,501,236
5HOPEWELL,65,1,58,1,8,72,33,1,279,1,160,4,9,872,124,1046,394
5HYNDMAN,28,4,18,1,2,35,13,1,121,0,55,2,4,354,50,415,173
5JUNIATA,30,2,40,0,5,55,24,2,110,0,77,3,4,400,72,484,196
5KIMMEL,69,3,60,1,2,72,22,2,163,3,130,6,3,634,132,776,262
5KING,21,3,32,3,1,56,22,1,145,2,60,0,8,524,56,594,228
5LIBERTY,67,8,61,0,3,53,25,0,173,1,158,7,8,561,136,735,254
5LINCOLN,11,2,12,1,1,37,3,0,68,0,20,1,1,198,25,220,110
5LONDONDERRY,48,3,43,4,6,90,24,0,266,3,103,0,7,769,94,882,390
5MANN,14,0,17,1,2,14,3,1,84,0,36,2,4,236,31,278,105
5MANNSCHOICE,12,1,16,0,0,9,1,1,20,0,37,4,5,91,29,137,31
5MONROE,33,1,24,3,5,60,27,0,178,3,65,2,4,569,58,643,273
5NAPIER,60,3,68,2,9,123,61,2,343,0,138,1,7,1002,131,1148,540
5NEWPARIS,4,0,6,1,0,7,1,0,15,1,12,0,1,65,10,79,24
5PAVIA,4,0,6,1,0,12,10,0,35,0,17,3,1,116,10,137,58
5PLEASANTVILLE,4,1,3,0,0,17,1,1,32,2,14,0,1,77,8,94,51
5RAINSBURG,1,1,3,0,1,7,3,0,8,0,5,0,0,52,5,57,19
5SAXTON,20,1,16,0,1,9,16,1,54,0,49,1,3,181,37,234,81
5SCHELLSBURG,4,0,8,0,0,19,3,1,45,0,32,1,3,112,12,148,68
5SNAKESPRING,72,0,44,4,6,105,59,6,275,4,196,4,19,730,116,953,455
5SOUTHAMPTON,16,1,17,1,1,33,10,1,150,2,47,2,2,386,34,439,196
5SOUTHWOODBURY,29,2,38,1,14,105,26,2,325,4,86,4,8,892,69,994,473
5ST.CLAIRSVILLE,2,0,1,0,0,2,2,0,6,1,6,0,1,34,3,42,10
5WESTPROVIDENCE,74,2,56,8,16,180,72,8,509,9,189,4,22,1273,132,1497,793
5WESTST.CLAIR,33,2,51,3,5,137,21,4,240,7,108,1,6,761,86,883,410
5WOODBURY,24,1,29,0,5,110,31,0,184,1,72,1,8,556,54,638,330
60GREGG,24,0,25,2,0,47,19,0,113,4,75,5,15,289,49,388,181
60HARTLETON,2,0,2,2,3,10,5,0,36,1,12,0,2,86,4,101,56
60HARTLEY,36,0,35,0,6,71,22,3,201,3,108,2,13,580,71,706,303
60LEWIS,10,0,19,2,0,68,26,0,110,5,65,3,9,378,29,460,206
60LIMESTONE,43,0,48,3,5,122,51,2,175,4,146,5,13,550,91,718,358
60NEWBERLIN,34,0,30,3,5,44,26,2,92,4,100,1,15,273,64,393,172
60UNION,79,1,87,1,7,105,58,1,189,3,274,9,14,560,167,860,361
60UNIONINDEPENDENT,4,0,6,0,0,6,1,0,10,0,19,0,1,35,10,55,17
60WESTBUFFALO,57,2,55,3,6,193,66,2,303,10,201,7,16,969,114,1203,573
61ALLEGHENY,6,0,6,0,0,24,6,0,36,1,26,1,6,104,12,138,66
61BARKEYVILLE,13,1,14,0,0,3,4,0,19,2,31,2,6,70,28,111,26
61CANAL,40,3,22,0,0,71,28,1,91,3,97,6,13,322,65,441,191
61CHERRYTREE,43,1,61,2,5,81,21,0,169,4,173,4,18,514,105,713,278
61CLINTON,21,2,14,1,2,29,9,1,95,1,61,2,10,261,37,335,137
61CLINTONVILLE,4,1,10,0,4,13,8,0,52,0,34,1,1,147,15,183,77
61COOPERSTOWN,15,1,20,1,0,27,4,1,58,2,40,3,3,163,36,211,91
61EMLENTON,22,2,36,3,2,17,38,0,57,2,107,2,12,201,60,324,117
61FRENCHCREEK,76,6,62,4,3,72,39,1,155,2,194,3,23,531,144,753,274
61IRWIN,27,1,46,0,0,54,20,0,164,3,101,2,13,485,74,604,238
61JACKSON,26,1,17,0,6,64,16,0,108,0,73,0,13,379,44,465,194
61MINERAL,21,1,26,0,1,24,13,0,53,2,56,1,6,192,48,257,91
61OAKLAND,51,1,55,0,2,99,34,1,180,3,155,2,29,587,107,776,316
61OILCREEK,29,1,28,1,1,43,23,0,85,5,79,0,4,302,58,390,153
61PINEGROVE,36,3,44,4,1,71,31,0,157,4,113,5,19,498,83,639,264
61PLEASANTVILLE,33,1,31,2,1,41,20,0,91,1,88,3,4,286,65,382,155
61PLUM,30,8,35,1,2,79,29,2,89,3,93,2,18,325,73,441,202
61POLK,13,4,28,1,0,5,7,3,40,3,53,1,12,135,45,204,56
61PRESIDENT,33,1,35,0,1,29,14,1,70,4,82,0,9,211,69,306,115
61RICHLAND,14,5,23,0,2,52,29,1,88,1,53,0,12,307,42,373,172
61ROUSEVILLE,24,1,25,1,2,18,8,0,36,1,53,7,4,141,50,206,65
61SANDYCREEK,107,5,94,3,9,126,86,1,213,7,291,4,33,728,206,1063,438
61SCRUBGRASS,32,0,23,1,2,27,11,0,97,3,82,3,6,264,55,358,138
61UTICA,8,4,12,0,0,14,5,0,11,0,18,2,0,62,24,82,30
61VICTORY,9,1,11,0,0,24,6,0,38,0,32,0,8,129,21,169,68
62BEARLAKE,3,0,3,1,1,7,3,1,17,2,10,1,2,53,6,68,30
62BROKENSTRAW,73,2,62,1,8,74,36,0,148,4,203,6,25,523,137,761,267
62CHERRYGROVE,12,0,8,0,1,15,2,0,25,3,18,1,1,70,20,93,43
62CLARENDON,13,0,14,0,1,6,7,0,46,1,41,0,4,113,27,159,60
62COLUMBUS,72,2,70,2,8,70,42,2,150,14,195,5,14,532,144,760,274
62DEERFIELD,20,2,15,0,0,7,9,0,34,1,56,2,3,87,37,149,50
62ELDRED,15,1,12,0,1,46,21,1,42,1,49,0,6,214,28,270,111
62ELK,23,4,19,0,0,33,26,0,72,1,54,1,4,247,46,307,131
62FARMINGTON,38,3,44,3,6,66,42,2,130,7,116,4,26,414,85,567,249
62FREEHOLD,47,2,29,0,3,48,25,0,112,3,100,4,9,366,78,482,188
62GLADE,103,0,111,3,6,117,92,5,295,4,307,5,24,843,214,1183,518
62LIMESTONE,18,0,31,0,0,8,6,0,34,0,50,1,10,117,49,178,48
62MEAD,72,4,66,2,4,38,16,1,137,3,170,2,10,436,142,621,198
62PINEGROVE,155,4,108,8,9,155,104,3,269,24,417,11,48,995,267,1495,548
62PITTSFIELD,47,1,49,0,3,61,33,2,121,4,140,3,10,411,97,568,220
62PLEASANT,127,8,116,5,5,108,82,6,257,6,378,5,34,820,251,1243,463
62SHEFFIELD,103,5,104,3,1,46,30,1,180,7,256,8,23,592,212,886,261
62SOUTHWEST,11,0,6,0,0,13,11,1,56,1,33,0,1,163,17,198,81
62SPRINGCREEK,33,1,29,2,1,82,33,3,70,4,68,3,16,295,63,386,191
62SUGARGROVE,76,0,57,3,8,109,36,4,223,4,214,7,28,748,133,1001,383
62TIDIOUTE,34,1,33,1,1,21,10,2,52,5,85,5,2,210,68,307,87
62TRIUMPH,15,0,12,0,1,18,4,2,33,1,30,0,7,95,27,133,58
62WATSON,8,1,15,0,1,6,6,0,36,0,38,1,2,104,24,145,49
62YOUNGSVILLE,74,5,75,1,4,79,36,1,190,2,181,5,40,601,154,829,311
63ALLENPORT,77,2,32,1,0,4,4,0,32,1,93,1,5,126,111,226,41
63BEALLSVILLE,27,1,33,0,1,10,9,1,38,3,77,2,3,137,61,222,59
63BENTLEYVILLE,165,10,137,0,1,50,22,0,127,2,355,2,28,601,312,988,200
63BLAINE,38,1,35,0,4,22,8,0,48,2,83,5,10,228,74,328,82
63BUFFALO,95,8,90,0,1,67,70,1,214,4,218,6,24,763,193,1015,353
63BURGETTSTOWN,133,3,62,0,0,19,19,0,65,1,242,6,16,343,198,608,103
63CLAYSVILLE,30,3,43,1,0,20,16,0,44,2,85,5,12,199,76,303,81
63COALCENTER,15,0,14,1,0,1,0,0,3,0,33,0,3,15,29,51,5
63COKEBURG,76,6,25,0,0,9,3,0,22,0,106,1,8,125,107,240,34
63DEEMSTON,45,2,50,0,0,18,10,1,70,4,106,3,8,259,97,380,99
63DUNLEVY,50,2,35,0,0,7,6,1,20,0,80,1,6,100,87,187,34
63EASTFINLEY,26,2,33,1,0,43,21,1,96,3,78,3,11,409,61,504,162
63EASTWASHINGTON,173,4,109,2,1,34,57,3,140,3,456,8,27,455,286,949,237
63ELCO,21,0,11,0,0,5,0,0,26,3,27,3,4,78,32,115,31
63ELLSWORTH,61,4,68,0,0,10,3,0,32,6,130,2,6,212,133,356,45
63FINLEYVILLE,28,0,14,0,0,9,5,0,33,1,65,2,3,100,42,171,47
63GREENHILLS,0,0,1,0,0,0,2,0,6,0,0,0,0,11,1,11,8
63HOPEWELL,56,4,52,1,1,53,25,0,91,3,104,0,12,356,112,475,171
63HOUSTON,97,4,65,0,1,31,19,0,81,2,215,6,23,334,166,580,132
63JEFFERSON,87,2,54,0,2,29,25,0,96,0,159,5,9,400,143,573,152
63LONGBRANCH,49,0,37,0,0,5,10,0,43,0,81,2,8,159,86,250,58
63MARIANNA,42,0,23,0,0,2,2,0,21,0,78,3,3,90,65,174,25
63MCDONALD,93,4,95,2,4,44,33,0,93,4,266,15,25,386,192,696,176
63MIDWAY,81,1,52,0,0,19,8,0,44,3,142,3,21,236,134,405,71
63MORRIS,34,0,46,1,3,55,22,0,116,3,105,4,17,373,80,502,197
63NORTHBETHLEHEM,126,6,99,2,2,39,34,1,147,5,247,9,25,494,231,780,225
63NORTHCHARLEROI,113,8,75,0,0,19,4,1,62,3,222,5,8,279,196,517,86
63ROSCOE,86,7,68,0,0,12,6,0,57,1,167,1,7,218,161,394,75
63SPEERS,151,3,88,0,2,19,22,2,101,1,269,7,15,362,242,654,146
63STOCKDALE,40,3,25,0,0,2,5,1,33,3,75,1,1,148,68,228,41
63TWILIGHT,21,0,25,0,0,2,1,0,14,0,30,0,1,65,46,96,17
63WESTBETHLEHEM,110,6,95,2,0,36,12,1,116,5,217,4,10,405,211,641,167
63WESTMIDDLETOWN,6,0,9,0,0,5,3,0,10,1,20,1,3,39,15,64,18
64BETHANY,12,0,20,0,1,19,12,1,40,0,69,0,2,85,32,156,73
64BUCKINGHAM,23,1,24,0,0,16,12,1,59,1,96,1,3,169,48,270,88
64CANAAN,37,1,32,1,1,45,24,0,154,3,132,7,11,352,70,505,225
64CHERRYRIDGE,68,1,88,1,2,82,54,2,279,0,285,6,13,659,157,963,420
64DREHER,47,1,54,0,1,34,18,0,165,4,182,9,10,421,102,626,218
64DYBERRY,58,0,71,2,1,61,49,4,223,6,235,10,12,485,129,748,340
64HAWLEY,61,1,66,0,0,34,18,1,98,3,214,12,10,303,128,542,151
64LAKE,180,3,214,4,5,187,86,3,654,11,727,11,48,1780,397,2577,939
64LEBANON,16,0,35,1,3,36,12,0,118,0,92,1,2,301,51,396,170
64LEHIGH,85,0,74,1,1,38,22,1,199,3,314,6,23,540,159,886,262
64MANCHESTER,17,1,25,0,1,50,11,0,122,0,95,0,3,299,43,397,184
64MT.PLEASANT,83,1,78,3,3,51,28,2,184,3,229,4,11,499,162,746,271
64OREGON,19,1,29,1,1,17,26,0,142,2,87,1,15,292,49,397,187
64PALMYRA,51,0,43,0,0,43,27,1,173,0,178,4,14,470,94,666,244
64PAUPACK,124,4,143,2,2,92,66,5,452,4,516,17,31,1334,271,1902,619
64PRESTON,37,0,43,0,1,25,13,0,147,3,141,6,8,346,80,504,186
64PROMPTON,4,1,11,0,0,11,6,0,38,0,27,0,4,93,16,124,55
64SALEM,146,2,149,1,4,150,72,3,579,4,514,12,29,1383,297,1942,809
64SCOTT,4,1,9,1,1,27,4,0,55,1,40,0,3,152,14,196,88
64SOUTHCANAAN,73,3,74,2,3,116,33,3,213,9,247,6,15,616,150,893,370
64STARRUCCA,7,0,9,0,0,8,6,0,30,1,28,3,1,72,16,105,44
64STERLING,49,0,73,1,4,58,24,1,213,6,209,9,22,493,122,739,301
64WAYMART,61,0,36,1,2,44,23,2,166,0,187,6,13,374,97,580,238
65ADAMSBURG,10,0,11,0,0,3,1,0,23,0,20,1,4,59,21,84,27
65ARONA,13,1,18,0,0,16,3,0,22,1,32,0,7,111,32,151,41
65AVONMORE,83,3,51,0,0,12,12,0,37,2,171,2,2,225,137,402,61
65BOLIVAR,25,0,24,0,1,10,5,1,23,0,48,2,10,110,49,170,40
65COOK,70,1,96,1,0,79,73,1,257,4,236,3,42,768,167,1053,411
65DELMONT,141,2,143,2,2,107,78,4,268,2,455,4,46,936,286,1443,461
65DONEGAL,108,9,98,0,1,59,39,3,276,0,27,0,2,32,215,61,378
65EASTVANDERGRIFT,46,0,52,0,1,4,5,0,18,1,131,3,1,144,98,280,28
65EXPORT,53,2,57,0,0,21,7,0,47,0,121,4,11,248,112,384,75
65HUNKER,24,3,24,1,0,19,10,0,25,1,50,2,7,122,51,182,55
65HYDEPARK,31,5,30,0,0,8,3,0,24,1,77,0,9,118,66,205,35
65LAURELMOUNTAIN,12,1,17,0,0,5,8,0,15,0,47,0,2,50,30,99,28
65MADISON,26,0,26,0,0,11,8,0,42,1,61,0,2,142,52,206,61
65MANOR,220,6,162,1,5,136,92,0,331,5,602,8,48,1224,388,1887,565
65NEWALEXANDRIA,40,1,39,0,1,23,18,0,67,2,93,0,8,195,80,298,109
65NEWFLORENCE,19,1,28,0,0,23,13,1,53,1,51,2,10,208,48,272,90
65NEWSTANTON,166,6,115,1,5,59,51,0,201,2,362,7,39,737,287,1147,317
65NORTHIRWIN,70,1,44,0,2,19,20,1,74,0,150,0,17,249,115,416,116
65OKLAHOMA,75,2,50,1,0,21,14,0,73,1,147,4,7,250,127,409,109
65PENN,1320,38,1099,6,14,849,678,26,2255,0,55,2,1,115,2457,173,3828
65SEWARD,18,2,20,0,0,10,4,2,37,0,27,1,2,147,40,177,53
65SMITHTON,45,1,25,0,0,7,3,0,23,0,74,1,5,96,71,176,33
65SUTERSVILLE,27,2,31,1,1,5,7,0,51,1,61,3,6,171,60,242,65
65WESTLEECHBURG,94,4,89,1,0,32,21,1,94,0,226,5,12,402,187,645,149
65YOUNGSTOWN,26,0,26,0,0,4,7,0,30,1,53,2,3,107,52,166,41
66BRAINTRIM,14,0,22,0,1,20,10,0,56,0,44,1,2,153,36,200,87
66CLINTON,64,1,91,2,3,59,32,2,170,1,282,5,15,425,156,728,268
66EATON,76,5,60,2,5,65,34,1,243,1,250,6,20,521,141,798,350
66EXETER,42,1,41,0,0,31,7,0,98,0,96,1,5,252,84,354,136
66FORKSTON,11,1,15,0,0,16,5,0,47,0,33,0,4,129,27,166,68
66LACEYVILLE,7,1,10,2,0,16,5,0,39,0,26,1,8,90,18,125,62
66LEMON,52,1,57,2,5,59,45,2,166,4,183,4,15,387,110,593,279
66MEHOOPANY,26,0,46,0,4,45,16,1,124,1,79,0,11,314,72,405,190
66MESHOPPEN,42,1,36,0,0,30,9,1,173,1,107,4,17,399,79,528,213
66MONROE,61,2,65,2,3,60,33,1,260,5,178,6,17,608,128,814,359
66NICHOLSON,63,3,93,4,1,83,44,1,269,5,177,8,11,493,159,694,402
66NORTHBRANCH,8,1,10,0,1,11,2,2,41,1,27,2,3,93,19,126,57
66NORTHMORELAND,56,2,75,0,5,78,29,3,247,6,196,5,11,548,133,766,362
66NOXEN,28,0,26,0,0,41,9,2,115,2,78,4,7,295,54,386,167
66OVERFIELD,121,1,97,2,4,44,40,2,212,3,317,16,19,514,219,869,304
66WASHINGTON,38,3,41,0,3,74,37,5,164,4,155,3,17,451,82,630,283
66WINDHAM,18,1,33,0,2,34,11,2,103,3,75,2,9,283,52,372,152
67CARROLL,194,6,181,6,9,483,247,6,737,27,839,18,98,2230,381,3212,1488
67CROSSROADS,20,1,22,1,1,38,9,0,77,2,55,1,2,219,43,279,126
67DELTA,17,2,25,1,2,10,14,2,83,1,62,1,7,228,44,299,112
67DILLSBURG,99,4,98,5,11,157,81,3,263,13,354,10,51,780,201,1208,520
67DOVER,898,11,808,18,43,968,415,26,2250,9,229,4,31,566,1717,839,3720
67EASTHOPEWELL,76,4,106,3,4,109,57,2,313,8,285,10,37,1000,186,1340,488
67EASTMANCHESTER,292,4,244,7,17,313,161,3,624,6,968,16,104,2093,540,3187,1125
67EASTPROSPECT,27,0,28,1,1,35,17,1,102,3,81,3,21,289,55,397,157
67FAWN,58,3,86,2,10,117,49,3,440,4,229,9,38,1268,147,1548,621
67FAWNGROVE,10,0,18,0,2,15,18,1,43,1,59,1,12,158,28,231,79
67FELTON,3,0,24,1,0,27,6,3,76,3,28,5,7,173,27,216,113
67FRANKLIN,134,1,175,12,10,347,137,4,578,16,558,18,68,1742,310,2402,1088
67FRANKLINTOWN,11,4,15,0,2,43,11,0,68,3,53,2,14,187,30,259,124
67GLENROCK,77,2,97,1,5,58,35,2,206,6,301,12,27,632,176,978,307
67GOLDSBORO,35,0,42,2,0,42,34,2,105,0,121,3,22,291,77,437,185
67HALLAM,113,2,138,5,6,72,62,3,195,9,447,19,61,707,253,1243,343
67HEIDELBERG,112,3,95,3,5,163,80,4,372,3,357,7,25,1145,210,1537,627
67HOPEWELL,207,8,215,4,9,231,141,6,751,14,710,17,77,2206,430,3024,1142
67JACOBUS,72,1,73,0,6,83,61,2,206,4,298,5,31,662,146,1000,358
67JEFFERSON,38,0,34,2,0,20,15,0,77,2,81,2,6,236,72,327,114
67LEWISBERRY,9,2,14,0,1,21,6,1,44,2,46,0,8,114,25,170,73
67LOGANVILLE,52,2,60,2,9,52,40,2,132,3,180,3,21,419,114,626,237
67MANCHESTER,1091,19,1008,21,42,899,643,28,2210,5,372,6,40,686,2118,1109,3843
67MANHEIM,95,2,115,3,7,205,76,5,474,8,380,11,60,1356,212,1815,770
67MONAGHAN,146,1,106,0,12,263,118,10,403,3,446,6,64,1061,253,1580,806
67MT.WOLF,103,1,92,1,2,37,35,1,89,1,237,9,24,358,196,629,165
67NEWFREEDOM,201,6,235,2,15,205,202,6,533,9,836,26,104,1678,442,2653,963
67NEWSALEM,36,0,38,3,3,34,18,2,98,2,118,2,6,284,74,412,158
67NORTHHOPEWELL,68,3,88,1,12,123,69,2,364,8,275,10,37,1100,159,1430,571
67NORTHYORK,76,0,70,0,2,32,21,1,101,3,324,6,29,348,146,710,157
67PARADISE,112,4,105,2,10,181,69,3,458,9,370,9,61,1329,221,1778,723
67PEACHBOTTOM,82,7,126,3,11,136,79,2,578,13,358,10,53,1757,215,2191,809
67RAILROAD,5,1,14,0,0,11,9,0,14,1,33,1,3,55,20,93,34
67SEVENVALLEYS,11,0,23,1,0,20,12,0,56,2,44,0,13,150,34,209,89
67SHREWSBURY,449,9,470,9,27,476,284,18,1319,2,615,10,48,1302,928,1977,2133
67SPRINGFIELD,252,6,241,5,19,245,161,9,623,12,1017,24,76,1972,499,3101,1062
67SPRINGGROVE,96,4,95,4,1,83,42,2,182,1,278,7,33,681,195,1000,314
67STEWARTSTOWN,85,2,97,2,3,86,48,3,230,7,289,3,39,699,184,1037,372
67WARRINGTON,136,3,150,2,6,274,96,3,526,12,534,21,53,1742,289,2362,907
67WASHINGTON,80,2,83,5,11,189,58,3,336,9,251,2,24,1015,165,1301,602
67WELLSVILLE,9,0,10,0,0,14,3,0,34,0,38,4,2,99,19,143,51
67WESTMANHEIM,280,6,227,7,14,336,167,7,828,10,977,21,92,2797,513,3897,1359
67WINDSOR,735,28,719,28,43,875,468,19,2076,2,99,0,19,310,1482,430,3509
67WINTERSTOWN,19,3,24,1,4,22,9,0,62,1,64,3,7,234,46,309,98
67YOE,31,1,51,0,2,25,12,1,67,2,120,6,22,231,83,381,107
67YORKANA,9,0,12,3,1,9,1,0,24,0,25,3,5,86,21,119,38
67YORKHAVEN,18,1,22,0,1,15,7,2,48,0,63,4,10,146,41,223,73
6ALBANY,64,3,113,1,3,141,30,6,201,12,239,13,39,636,180,939,382
6BETHEL,75,8,91,2,8,206,51,1,393,9,233,4,27,1203,174,1476,661
6NEWMORGAN,1,0,1,0,0,0,1,0,4,0,4,0,0,10,2,14,5
6PENN,87,2,130,1,5,107,57,4,284,4,307,11,21,840,219,1183,458
6PERRY,110,4,152,2,8,99,32,1,307,2,272,11,41,901,266,1227,449
6ST.LAWRENCE,115,2,110,0,1,36,29,1,142,1,370,8,30,463,227,872,209
6TILDEN,136,2,160,1,7,113,48,3,349,9,400,9,42,1100,298,1560,521
6TOPTON,125,1,177,1,2,63,40,0,176,2,379,14,38,547,303,980,282
7BELLWOOD,34,2,70,4,2,65,35,3,199,5,143,1,25,606,106,780,308
7CATHARINE,15,3,20,1,4,51,14,0,111,1,51,2,7,294,38,355,181
7DUNCANSVILLE,51,0,45,2,3,59,32,4,134,5,166,4,10,430,96,615,234
7HUSTON,17,1,23,1,2,125,15,2,155,2,68,5,7,531,41,613,300
7JUNIATA,20,0,22,2,3,73,6,2,151,1,65,1,13,451,42,531,237
7NEWRY,11,0,11,0,0,3,2,0,17,0,22,0,3,63,22,88,22
7NORTHWOODBURY,49,3,34,4,6,194,71,6,328,4,153,6,20,952,86,1135,609
7TAYLOR,45,5,52,5,12,184,58,5,326,5,173,6,22,984,102,1190,590
7WILLIAMSBURG,41,0,39,2,2,57,16,2,152,4,108,3,6,413,80,534,231
7WOODBURY,22,0,25,2,3,102,25,3,177,0,92,5,15,562,47,674,312
8ALBA,2,0,3,0,1,6,5,0,29,0,7,0,3,57,5,67,41
8ALBANY,29,2,30,2,2,38,24,1,107,1,80,0,14,309,61,404,174
8ARMENIA,8,0,5,0,1,3,1,0,39,1,12,1,0,85,13,99,44
8ASYLUM,42,1,27,2,4,35,17,3,159,4,112,1,17,331,70,465,220
8BURLINGTON,19,1,25,2,3,43,25,2,120,2,80,2,8,276,45,368,195
8CANTON,71,1,96,5,14,168,89,9,366,9,261,7,44,1100,168,1421,651
8COLUMBIA,29,1,27,1,3,65,28,1,121,1,97,5,19,371,57,493,219
8FRANKLIN,11,2,14,0,2,24,12,1,73,1,50,1,11,197,27,260,112
8GRANVILLE,26,0,20,0,1,44,28,1,101,1,66,1,13,315,46,396,175
8HERRICK,6,2,25,0,1,41,22,1,118,3,55,1,11,281,33,351,183
8LERAYSVILLE,5,0,8,1,0,6,8,3,29,1,26,0,6,77,13,110,47
8LEROY,13,2,28,1,1,28,25,1,111,4,51,1,12,251,43,319,167
8LITCHFIELD,31,1,49,2,4,54,24,1,137,7,111,4,27,478,81,627,222
8MONROE,41,1,33,0,5,58,38,3,209,2,148,2,26,467,75,645,313
8NEWALBANY,7,0,7,0,3,5,3,1,23,1,18,2,9,62,14,92,35
8NORTHTOWANDA,40,1,23,3,2,52,35,3,96,4,129,3,16,267,64,419,191
8ORWELL,19,2,36,2,5,59,35,3,184,0,102,2,15,423,57,542,288
8OVERTON,6,0,18,1,0,6,3,0,35,2,22,1,1,84,24,110,45
8PIKE,14,0,18,0,3,29,21,2,61,4,47,3,30,187,32,271,116
8RIDGEBURY,46,3,53,3,4,67,44,3,189,4,197,2,40,619,102,862,310
8ROME,26,1,31,1,4,73,42,2,168,7,97,1,21,483,58,609,290
8SHESHEQUIN,30,1,27,1,5,62,41,6,154,1,97,2,9,450,58,559,269
8SMITHFIELD,23,0,40,0,5,93,33,1,195,3,140,3,19,553,63,718,327
8SOUTHCREEK,21,3,31,1,4,55,33,1,146,2,90,3,17,431,55,543,240
8SOUTHWAVERLY,55,1,52,2,3,39,35,1,83,3,189,4,19,286,108,501,163
8SPRINGFIELD,38,0,31,4,2,73,42,3,131,2,119,3,28,418,69,570,255
8STANDINGSTONE,18,1,15,4,2,28,14,0,71,3,66,8,8,203,34,288,119
8STEVENS,10,1,14,0,1,32,9,1,74,2,35,0,6,159,25,202,117
8SYLVANIA,3,0,7,1,0,8,6,0,22,0,18,1,1,63,10,83,37
8TERRY,22,3,22,0,2,32,12,0,129,2,64,3,13,283,47,365,175
8TOWANDA,115,2,123,6,3,130,97,7,340,2,124,1,6,259,240,392,583
8TROY,89,5,85,9,9,133,112,3,369,7,318,7,21,892,179,1245,635
8TUSCARORA,24,2,47,1,1,61,12,1,161,1,86,2,12,411,73,512,237
8ULSTER,40,1,30,2,1,42,26,1,132,2,118,3,13,405,71,541,204
8WARREN,16,1,22,1,7,83,26,1,115,2,65,2,17,397,39,483,233
8WELLS,27,0,23,0,3,44,25,1,146,0,97,7,14,432,50,550,219
8WESTBURLINGTON,14,1,15,0,2,36,19,2,65,4,50,3,6,165,30,228,124
8WILMOT,26,3,37,0,2,39,28,3,163,2,99,2,10,406,66,519,235
8WINDHAM,23,0,27,2,0,50,22,0,128,10,82,3,14,299,50,408,202
8WYALUSING,54,0,51,2,5,90,64,3,276,3,182,0,21,605,105,811,440
8WYSOX,53,1,35,1,0,53,53,0,231,3,151,2,22,500,89,678,338
9BRIDGETON,71,2,124,2,1,32,34,1,125,5,337,13,22,395,197,772,195
9CHALFONT,294,2,229,7,4,124,166,8,311,9,1185,21,63,1068,525,2346,620
9DUBLIN,104,1,102,4,4,66,56,3,139,3,474,6,33,489,207,1005,272
9DURHAM,60,1,104,1,3,54,48,1,145,3,274,14,17,438,165,746,252
9HAYCOCK,117,1,187,2,5,112,77,2,256,5,490,10,26,828,305,1359,454
9HULMEVILLE,82,4,74,1,2,23,27,1,89,5,249,13,10,272,160,549,143
9IVYLAND,50,0,52,0,2,35,23,1,88,4,215,5,6,262,102,492,149
9LANGHORNE,150,2,163,2,3,40,51,4,113,9,498,7,29,355,315,898,213
9LANGHORNEMANOR,66,1,66,1,4,47,55,2,103,2,271,5,20,295,133,593,212
9NEWBRITAIN,1016,6,859,9,28,460,602,28,1263,4,661,13,46,621,1881,1345,2390
9NEWHOPE,314,5,225,0,2,16,85,3,160,7,1077,20,45,490,544,1639,266
9PENNDEL,166,3,156,0,5,65,36,2,125,5,530,9,34,507,325,1085,233
9RICHLANDTOWN,60,2,64,3,4,51,27,1,74,4,244,12,24,318,126,602,160
9RIEGELSVILLE,56,0,69,1,1,30,18,0,87,1,218,10,7,242,125,478,137
9SILVERDALE,44,1,51,1,1,41,39,2,84,4,201,5,16,273,96,499,168
9TELFORD,110,4,108,1,5,64,75,4,150,4,448,9,21,548,222,1030,299
9TRUMBAUERSVILLE,44,1,57,4,0,38,22,1,95,0,157,3,10,272,102,442,160
9TULLYTOWN,266,10,184,1,1,30,9,0,80,5,608,15,25,450,460,1103,121
9WRIGHTSTOWN,221,4,167,3,3,97,173,4,366,4,845,19,34,1037,392,1939,646
9YARDLEY,254,6,224,3,2,51,95,4,194,4,907,22,51,626,484,1610,349
