precinct,pri_dem_CLINTON,pri_dem_FUENTE,pri_dem_SANDERS,pri_rep_BUSH,pri_rep_CARSON,pri_rep_CRUZ,pri_rep_KASICH,pri_rep_RUBIO,pri_rep_TRUMP
10ADAMS,668,5,425,11,10,614,693,16,1564
10BUFFALO,394,14,344,4,9,270,270,6,870
10BUTLER,1715,35,1484,19,44,932,809,28,2667
10CENTER,463,11,369,10,8,416,277,10,1037
10CRANBERRY,1539,22,1053,25,36,1253,1574,45,2923
10JEFFERSON,195,11,166,8,12,296,178,6,649
10MIDDLESEX,259,16,239,10,9,297,242,9,747
10PENN,220,3,196,4,11,286,263,10,797
10SUMMIT,184,13,194,5,13,181,93,7,464
10ZELIENOPLE,217,4,204,8,9,208,203,10,392
11ADAMS,375,26,419,5,6,209,109,5,581
11BARR,91,7,168,1,1,83,29,0,244
11CAMBRIA,370,39,386,4,7,125,85,6,483
11CONEMAUGH,131,9,157,2,5,55,40,1,169
11CROYLE,124,10,171,1,4,79,39,4,242
11EASTCARROLL,83,15,138,0,2,49,18,0,163
11EASTTAYLOR,165,11,247,0,2,57,22,0,194
11EBENSBURG,264,15,293,5,7,81,74,7,236
11GEISTOWN,187,4,190,0,5,81,50,2,240
11JACKSON,237,18,292,2,4,148,77,1,440
11JOHNSTOWN,1227,42,985,9,14,261,109,17,773
11LILLY,56,4,65,0,0,10,13,2,64
11LOWERYODER,217,13,226,2,4,57,33,1,203
11NANTYGLO,192,10,181,1,4,36,13,1,125
11NORTHERNCAMBRIA,228,17,254,0,0,56,28,3,234
11PATTON,149,5,121,3,1,31,13,1,137
11PORTAGE,354,34,430,4,6,117,56,3,403
11READE,45,0,55,0,3,39,19,0,178
11RICHLAND,771,26,733,16,25,505,286,16,1355
11SOUTHMONT,163,3,146,4,5,60,67,5,231
11STONYCREEK,207,6,185,2,6,115,76,5,264
11SUSQUEHANNA,115,11,146,0,1,29,19,0,169
11UPPERYODER,345,14,354,2,5,190,152,5,477
11WESTCARROLL,71,5,81,1,2,15,5,0,100
11WESTMONT,387,13,399,5,8,208,247,9,636
12EMPORIUM,93,7,88,7,6,60,56,5,158
12SHIPPEN,63,4,102,2,11,102,62,6,236
13BANKS,100,3,79,0,1,5,8,0,94
13EASTPENN,132,4,135,3,6,69,47,2,347
13FRANKLIN,181,5,218,4,5,123,77,3,528
13JIMTHORPE,402,10,395,2,4,101,47,2,382
13KIDDER,78,1,81,1,0,36,36,2,241
13LANSFORD,200,8,181,4,3,42,24,1,246
13LEHIGHTON,275,6,249,2,12,123,46,3,350
13LOWERTOWAMENSING,152,6,152,3,2,89,24,0,269
13MAHONING,191,6,230,2,8,114,66,3,443
13NESQUEHONING,225,10,236,4,1,42,25,2,233
13PALMERTON,272,10,259,5,4,129,54,2,337
13PENNFOREST,392,9,427,3,9,203,108,6,883
13SUMMITHILL,282,6,279,0,5,36,24,2,274
13TOWAMENSING,201,2,190,2,4,140,56,5,480
13WEATHERLY,106,6,106,3,3,56,25,1,318
14BELLEFONTE,339,13,539,18,18,272,172,12,484
14BENNER,228,5,233,7,8,201,149,9,508
14BOGGS,100,5,118,0,5,114,52,5,341
14COLLEGE,796,8,857,13,20,438,479,15,678
14CURTIN,31,2,41,3,0,28,4,0,49
14FERGUSON,1349,12,1405,23,21,708,732,30,1043
14HALFMOON,169,3,204,1,8,190,126,4,279
14HARRIS,543,2,477,11,10,268,374,14,498
14MILES,58,4,41,0,2,60,20,0,104
14PATTON,1053,4,1157,7,15,498,563,24,699
14PHILIPSBURG,132,3,131,6,4,80,53,2,236
14POTTER,186,5,183,7,7,203,146,6,392
14RUSH,192,3,183,6,7,129,85,0,474
14SPRING,367,7,402,10,17,366,244,12,748
14STATECOLLEGE,1793,5,3082,20,18,471,848,24,700
14WALKER,238,7,190,6,12,237,124,8,501
15BIRMINGHAM,324,1,158,7,1,148,364,9,407
15CALN,871,3,718,9,8,317,372,15,699
15COATESVILLE,796,3,446,5,7,91,76,5,164
15DOWNINGTOWN,477,0,566,4,13,195,196,10,346
15EASTBRADFORD,766,0,551,9,7,333,670,17,897
15EASTBRANDYWINE,495,3,428,13,11,267,457,6,745
15EASTCALN,304,1,209,5,4,119,191,7,215
15EASTCOVENTRY,335,5,321,4,7,234,190,5,568
15EASTFALLOWFIELD,492,4,393,6,12,238,226,9,458
15EASTGOSHEN,1442,11,865,40,30,699,1522,30,1955
15EASTMARLBOROUGH,614,6,378,8,12,235,579,16,635
15EASTNOTTINGHAM,308,3,281,3,9,282,201,8,654
15EASTPIKELAND,561,1,520,8,9,278,417,11,568
15EASTTOWN,995,5,535,14,10,309,946,13,770
15EASTVINCENT,361,5,369,7,9,237,302,8,507
15EASTWHITELAND,788,2,584,12,10,258,571,9,605
15KENNETT,726,2,387,9,4,200,490,8,636
15KENNETTSQUARE,302,3,292,5,2,83,133,5,188
15LONDONGROVE,369,1,351,7,12,260,296,10,573
15LOWEROXFORD,115,1,222,2,6,79,91,3,272
15NEWGARDEN,571,1,378,10,12,234,457,12,645
15NORTHCOVENTRY,383,7,455,7,9,293,303,10,749
15OXFORD,216,2,182,5,10,114,94,3,217
15PARKESBURG,167,1,175,5,5,105,70,9,178
15PENNSBURY,402,0,212,6,1,119,287,6,331
15PHOENIXVILLE,1099,8,1381,13,15,383,448,19,715
15SADSBURY,178,3,168,2,4,120,83,7,247
15SCHUYLKILL,588,8,458,7,12,269,516,15,656
15SPRINGCITY,142,7,187,4,6,77,61,3,176
15THORNBURY,241,1,141,1,0,94,187,5,358
15TREDYFFRIN,3035,10,1689,26,22,770,2236,47,1854
15UPPERUWCHLAN,636,3,457,11,11,322,551,8,815
15UWCHLAN,1374,8,1028,15,17,566,1084,23,1291
15VALLEY,616,6,412,4,7,192,182,3,352
15WARWICK,140,1,167,3,2,143,88,4,336
15WESTBRADFORD,790,5,696,12,21,445,603,12,1003
15WESTBRANDYWINE,443,5,321,9,11,272,315,11,653
15WESTCALN,434,2,369,10,18,311,190,6,700
15WESTCHESTER,1142,4,1391,19,11,210,445,21,449
15WESTGOSHEN,1560,12,1266,24,19,704,1211,24,1664
15WESTGROVE,131,0,125,1,5,52,54,2,147
15WESTTOWN,692,5,543,12,11,406,684,11,1000
15WESTVINCENT,326,1,266,6,2,174,299,5,457
15WESTWHITELAND,1291,9,1047,10,13,512,750,31,1110
15WILLISTOWN,994,5,617,15,17,406,880,20,1080
16CLARION,297,6,324,7,8,190,193,9,551
16FARMINGTON,119,6,98,2,4,61,49,3,223
16PINEY,19,1,22,0,1,9,6,4,54
16PORTER,43,1,37,1,1,103,38,5,224
16REDBANK,42,0,45,0,1,71,35,0,218
17BECCARIA,74,7,84,2,1,56,25,1,221
17BRADFORD,86,6,105,2,3,121,39,0,348
17CLEARFIELD,304,14,302,9,10,173,145,15,508
17COOPER,102,6,120,3,2,74,34,1,193
17DECATUR,113,4,131,2,8,82,25,4,318
17DUBOIS,312,13,368,6,7,213,181,10,676
17LAWRENCE,354,15,327,8,13,222,147,10,742
17MORRIS,122,5,136,0,1,54,47,0,254
17SANDY,444,16,465,14,16,419,289,14,1327
17WOODWARD,120,7,84,3,1,25,14,0,150
18LOCKHAVEN,308,7,465,4,9,128,84,4,389
18PINECREEK,128,4,149,5,5,148,64,3,394
19BERWICK,357,15,399,8,14,204,84,2,765
19BLOOMSBURG,401,3,1019,6,6,132,136,8,469
19SCOTT,320,6,353,2,12,161,150,7,511
1CARROLLVALLEY,169,3,179,1,13,167,106,7,373
1CONEWAGO,267,3,266,6,19,233,181,6,677
1CUMBERLAND,460,5,376,14,22,263,367,13,759
1FRANKLIN,146,2,190,5,10,228,110,5,508
1GETTYSBURG,360,2,481,9,12,106,148,10,255
1LITTLESTOWN,110,3,180,3,11,162,111,9,396
1MCSHERRYSTOWN,103,1,97,1,2,57,51,1,172
1MT.JOY,181,5,146,3,15,154,158,3,500
1MT.PLEASANT,130,1,167,5,7,164,108,5,408
1OXFORD,245,2,181,12,18,206,127,5,504
1READING,190,5,228,2,14,265,122,5,593
1STRABAN,235,5,200,11,21,184,154,6,455
20MEADVILLE,682,6,796,13,18,363,326,25,690
20TITUSVILLE,239,3,224,3,8,193,117,8,368
20VERNON,293,4,243,6,9,256,181,10,561
20WESTMEAD,259,4,246,9,12,269,187,13,580
21CAMPHILL,667,2,593,16,22,400,527,21,787
21CARLISLE,1116,7,1088,26,27,620,571,26,982
21DICKINSON,222,5,177,8,10,393,194,3,621
21EASTPENNSBORO,1207,16,1048,20,44,871,535,31,1984
21HAMPDEN,1860,14,1375,41,53,1584,1578,58,3354
21LEMOYNE,283,2,300,11,9,167,154,7,393
21LOWERALLEN,986,6,893,21,39,815,710,34,1644
21MECHANICSBURG,507,5,559,18,13,515,352,12,807
21MIDDLESEX,232,2,220,5,10,352,179,10,650
21MONROE,273,10,304,9,14,434,268,15,764
21NEWCUMBERLAND,452,10,485,7,17,336,328,8,777
21NEWVILLE,33,1,59,3,2,47,24,3,84
21NORTHMIDDLETON,502,15,452,7,19,595,332,11,955
21SILVERSPRING,907,15,711,17,40,980,788,27,1961
21SOUTHAMPTON,206,6,254,4,10,290,143,4,582
21SOUTHMIDDLET0N,80,1,83,1,4,106,54,2,202
21SOUTHMIDDLETON,650,6,524,29,33,908,631,27,1470
21UPPERALLEN,1059,14,881,24,55,1280,969,33,1914
21WESTPENNSBORO,214,3,180,6,15,331,157,6,600
21WORMLEYSBURG,166,1,176,7,5,84,85,3,248
22CONEWAGO,136,1,124,1,5,245,113,5,378
22DERRY,1436,18,1325,23,37,1076,1177,29,2052
22EASTHANOVER,199,8,213,10,8,354,188,8,740
22HARRISBURG,4414,25,2571,20,19,350,292,13,572
22HIGHSPIRE,126,2,127,0,3,48,28,3,142
22HUMMELSTOWN,204,3,226,12,11,189,191,8,458
22LONDONDERRY,178,9,168,7,5,276,111,3,697
22LOWERPAXTON,3751,53,2660,50,75,2306,1652,74,4482
22LOWERSWATARA,467,13,404,6,13,404,300,17,982
22MIDDLEPAXTON,285,7,251,9,18,352,197,8,811
22MIDDLETOWN,373,10,425,12,17,260,151,15,544
22MILLERSBURG,81,1,82,0,5,135,57,5,247
22PENBROOK,198,1,168,1,7,77,39,2,129
22ROYALTON,39,3,46,0,1,42,16,0,104
22SOUTHHANOVER,370,5,302,12,12,368,349,9,783
22STEELTON,421,5,283,2,6,78,60,5,223
22SUSQUEHANNA,2653,23,1660,30,39,822,731,39,1567
22SWATARA,1596,19,1313,27,27,832,546,39,1790
22UPPERPAXTON,92,8,102,5,12,280,121,9,411
22WESTHANOVER,582,10,477,15,17,567,416,22,1397
22WICONISCO,33,2,34,1,0,35,15,2,129
22WILLIAMS,28,2,32,0,2,42,22,1,174
22WILLIAMSTOWN,34,2,34,2,1,35,14,3,150
23ALDAN,416,5,296,3,3,116,132,10,309
23ASTON,786,11,667,19,35,477,688,43,1967
23BETHEL,605,4,370,16,12,296,573,18,1095
23BROOKHAVEN,493,6,418,18,15,255,354,13,969
23CHADDSFORD,253,2,176,6,5,134,241,7,390
23CHESTER,3412,22,1305,40,83,364,185,88,317
23CLIFTONHEIGHTS,313,3,288,5,6,106,118,7,578
23COLLINGDALE,557,5,402,12,16,178,119,14,481
23COLWYN,272,0,136,1,2,18,13,2,38
23CONCORD,1103,9,586,26,24,604,1225,36,2007
23DARBY,2007,11,899,19,14,223,219,16,760
23EASTLANSDOWNE,335,4,234,0,1,28,7,3,41
23EDDYSTONE,59,0,81,6,8,76,54,7,237
23EDGMONT,378,3,155,8,4,130,349,8,521
23FOLCROFT,488,9,338,10,6,127,108,5,421
23GLENOLDEN,357,4,341,15,12,165,196,27,619
23HAVERFORD,5515,33,3888,95,61,1381,3320,106,3610
23LANSDOWNE,1657,10,1191,10,12,144,179,17,339
23LOWERCHICHESTER,75,2,110,4,9,77,42,8,294
23MARCUSHOOK,72,1,52,3,3,52,39,5,242
23MARPLE,1546,14,1115,42,19,765,1436,48,2793
23MEDIA,613,3,603,8,16,108,248,9,257
23MIDDLETOWN,1190,13,868,59,31,535,1079,43,1676
23NETHERPROVIDENCE,1717,6,1036,18,18,322,861,24,1029
23NEWTOWN,933,13,557,23,23,535,1088,26,1554
23NORWOOD,323,5,328,11,16,119,156,23,568
23PROSPECTPARK,309,7,376,12,7,192,209,20,608
23RADNOR,2868,16,1452,44,14,556,2027,28,1511
23RIDLEY,1536,18,1285,64,66,941,1325,92,3594
23RIDLEYPARK,436,9,409,16,10,212,335,18,787
23SHARONHILL,613,1,396,5,5,52,44,5,175
23SPRINGFIELD,1589,21,1287,65,36,942,1909,80,3227
23SWARTHMORE,1194,2,843,4,2,85,201,0,154
23THORNBURY,466,4,297,12,11,234,447,12,821
23TINICUM,122,5,170,10,6,123,123,17,623
23TRAINER,77,2,54,0,4,31,20,0,139
23UPLAND,144,1,90,8,9,69,45,8,193
23UPPERCHICHESTER,910,7,643,30,30,433,562,43,1769
23UPPERDARBY,6294,52,4689,113,96,1584,2164,139,4733
23UPPERPROVIDENCE,994,8,797,16,10,350,731,16,944
23YEADON,2343,6,896,3,5,49,42,1,74
24FOX,247,9,228,2,3,63,48,9,275
24HIGHLAND,42,2,31,0,0,8,9,0,58
24JOHNSONBURG,130,7,140,0,2,32,20,3,160
24JONES,71,6,89,1,0,29,25,1,157
24RIDGWAY,322,13,392,6,11,136,110,2,508
24ST.MARYS,583,23,746,11,18,300,309,14,1121
25CORRY,269,9,253,11,10,228,107,5,336
25EDINBORO,262,2,478,4,6,103,120,12,218
25ERIE,7766,105,6501,42,49,1351,1137,48,2740
25FAIRVIEW,865,11,699,12,20,474,593,14,1094
25GREENE,380,4,413,4,5,211,119,3,480
25HARBORCREEK,1470,25,1253,9,17,545,448,20,1155
25LAWRENCEPARK,290,8,346,6,6,113,107,2,234
25MILLCREEK,4806,65,4121,62,51,1793,1882,75,4206
25NORTHEAST,506,9,564,11,22,445,337,14,896
25SUMMIT,636,21,480,3,10,251,197,11,584
25UNIONCITY,121,3,92,6,6,119,36,2,168
25WESLEYVILLE,199,4,213,1,7,79,37,2,148
26BULLSKIN,358,7,344,3,5,236,86,4,677
26FRANKLIN,185,12,138,0,1,39,44,2,170
26GEORGES,421,7,323,1,6,103,41,1,340
26GERMAN,389,11,225,1,2,65,24,1,264
26LOWERTYRONE,84,2,80,0,0,22,16,1,109
26LUZERNE,412,10,265,1,2,38,22,0,202
26MASONTOWN,296,9,181,0,4,40,13,0,154
26MENALLEN,352,7,218,1,2,75,42,0,238
26NORTHUNION,926,35,530,3,5,184,109,1,636
26REDSTONE,442,14,222,0,2,51,26,3,229
26SOUTHUNION,1003,26,606,3,7,197,177,6,754
26SPRINGFIELD,87,2,94,1,3,82,53,2,220
26SPRINGHILL,99,11,110,1,3,46,30,1,205
26UNIONTOWN,741,6,435,0,7,111,105,1,372
26WASHINGTON,346,12,233,3,2,61,24,0,309
28ANTRIM,274,15,331,12,65,1006,336,13,1792
28CHAMBERSBURG,796,7,714,28,45,602,472,20,1392
28FANNETT,51,6,68,4,3,75,23,0,265
28GREENCASTLE,134,6,146,7,20,188,130,6,460
28GREENE,630,10,493,34,50,882,495,22,1903
28GUILFORD,609,15,407,26,36,795,519,38,1860
28HAMILTON,281,5,274,10,27,500,261,15,1216
28LETTERKENNY,48,2,66,2,6,155,62,4,296
28METAL,42,2,46,4,9,81,33,0,222
28MONTGOMERY,114,2,116,11,21,335,106,8,712
28PETERS,127,5,85,14,25,252,88,6,525
28QUINCY,153,5,118,8,16,268,92,2,586
28SOUTHAMPTON,283,10,259,12,29,399,188,6,742
28ST.THOMAS,117,9,129,3,18,275,94,6,629
28WASHINGTON,465,8,391,11,39,574,404,20,1582
28WAYNESBORO,335,7,384,16,30,310,198,11,789
2ASPINWALL,320,4,289,3,0,71,156,6,160
2AVALON,430,7,447,3,1,114,101,3,171
2BALDWIN,2209,47,1851,9,10,362,464,9,1103
2BELLEVUE,589,12,767,5,7,183,160,4,283
2BENAVON,200,1,205,0,0,81,88,1,99
2BETHELPARK,2895,47,2149,18,23,1160,1514,25,2818
2BLAWNOX,128,2,140,0,0,22,32,1,56
2BRACKENRIDGE,207,5,165,0,2,58,39,0,126
2BRADDOCK,292,3,166,0,0,6,2,0,8
2BRADDOCKHILLS,218,3,167,0,1,18,18,2,62
2BRENTWOOD,721,7,796,2,3,185,171,5,500
2BRIDGEVILLE,394,2,314,2,2,126,125,3,270
2CARNEGIE,616,8,578,2,3,120,136,6,319
2CASTLESHANNON,769,11,740,2,5,139,205,5,416
2CHESWICK,199,4,159,1,0,63,46,1,142
2CHURCHILL,563,10,273,3,2,92,164,3,263
2CLAIRTON,796,13,408,0,0,52,28,2,139
2COLLIER,734,12,439,5,6,178,301,8,704
2CORAOPOLIS,561,5,409,1,6,123,95,1,187
2CRAFTON,579,9,560,5,1,126,197,5,244
2CRESCENT,201,3,143,2,4,69,67,1,177
2DORMONT,842,12,1044,3,4,143,243,9,339
2DRAVOSBURG,168,3,144,0,3,30,26,2,105
2DUQUESNE,598,5,317,0,3,25,30,0,80
2EASTDEER,108,1,68,0,1,22,15,0,67
2EASTMCKEESPORT,191,2,171,0,2,31,24,0,100
2EASTPITTSBURGH,184,3,159,0,0,14,6,0,20
2EDGEWOOD,548,2,504,4,2,65,111,1,82
2EDGEWORTH,135,2,77,2,0,39,198,2,149
2EMSWORTH,192,3,219,0,0,54,51,0,122
2ETNA,232,8,304,0,1,43,48,3,136
2FAWN,111,3,143,2,1,63,52,1,180
2FINDLAY,402,5,339,2,2,163,158,5,444
2FORESTHILLS,916,14,829,1,4,188,266,9,300
2FORWARD,219,9,207,0,1,72,31,0,230
2FOXCHAPEL,582,8,323,4,1,140,483,7,432
2FRANKLINPARK,989,9,665,8,14,518,886,20,1217
2FRAZER,76,2,59,1,2,23,22,1,100
2GLASSPORT,322,12,312,3,4,34,24,1,167
2GREENTREE,540,9,355,5,2,110,188,2,337
2HAMPTON,1434,24,1138,11,11,686,1032,23,1532
2HARMAR,261,8,230,2,2,43,102,2,215
2HARRISON,806,31,644,1,6,212,162,5,650
2HEIDELBERG,127,1,88,0,1,19,21,0,49
2HOMESTEAD,446,2,206,0,1,9,4,0,20
2INDIANA,532,8,436,7,1,214,318,3,504
2INGRAM,319,7,310,1,1,67,58,2,165
2JEFFERSONHILLS,832,19,675,2,7,285,298,11,1011
2KENNEDY,1139,29,852,2,1,109,224,3,408
2LEET,135,1,115,1,0,46,103,3,118
2LEETSDALE,113,2,96,0,2,20,31,0,79
2LIBERTY,192,6,215,0,3,48,28,1,169
2MARSHALL,492,8,309,5,6,314,504,5,648
2MCCANDLESS,2254,38,1774,14,13,1057,1642,34,2365
2MCDONALD,19,2,15,0,0,9,7,0,28
2MCKEESPORT,1872,41,1062,0,7,145,95,3,473
2MCKEESROCKS,488,10,321,0,0,24,47,0,89
2MILLVALE,252,5,372,1,0,30,26,0,122
2MONROEVILLE,2970,48,2044,12,15,766,735,18,1703
2MOON,1735,38,1361,9,11,648,903,13,1706
2MT.LEBANON,4232,34,2778,22,11,848,1984,33,1947
2MT.OLIVER,283,7,222,0,2,13,13,3,53
2MUNHALL,1220,25,970,2,0,141,162,7,437
2NEVILLE,113,5,84,1,4,18,30,0,45
2NORTHBRADDOCK,560,3,314,1,2,25,15,0,53
2NORTHFAYETTE,939,19,670,1,5,322,335,8,937
2NORTHVERSAILLES,1023,26,677,1,5,148,111,5,519
2OAKDALE,144,2,123,1,0,29,35,0,97
2OAKMONT,679,8,545,8,4,240,361,4,465
2OHARA,1089,5,739,8,3,242,492,15,616
2OHIO,498,2,295,4,6,204,332,6,455
2PENNHILLS,5485,53,3290,13,25,801,678,19,1558
2PINE,651,7,458,5,4,456,734,7,1008
2PITCAIRN,224,5,224,1,0,51,29,1,131
2PITTSBURGH,36395,347,32163,59,85,2214,3601,108,5499
2PLEASANTHILLS,823,20,586,8,6,240,304,7,661
2PLUM,2081,41,1675,7,19,830,742,7,2037
2PORTVUE,289,9,260,1,0,42,43,1,224
2RANKIN,268,1,118,0,0,7,2,0,18
2RESERVE,342,7,372,5,5,67,69,0,187
2RICHLAND,743,10,655,6,4,505,575,12,967
2ROBINSON,1250,34,985,4,6,310,474,7,979
2ROSS,2808,49,2486,22,15,981,1323,28,2126
2SCOTT,1715,31,1141,18,17,330,565,9,923
2SEWICKLEY,341,2,244,3,1,105,250,6,219
2SHALER,2733,62,2340,14,18,849,1066,20,2230
2SHARPSBURG,291,4,284,0,1,35,24,0,99
2SOUTHFAYETTE,1167,18,782,7,6,396,509,15,1074
2SOUTHPARK,1159,32,931,3,9,354,372,9,931
2STOWE,582,10,461,1,1,55,81,2,119
2SWISSVALE,1135,7,1113,4,1,90,100,5,162
2TARENTUM,235,6,214,0,3,62,42,2,147
2THORNBURG,61,2,36,1,0,13,40,0,48
2TRAFFORD,6,2,2,0,0,1,0,0,4
2TURTLECREEK,424,5,323,2,2,56,26,1,173
2UPPERST.CLAIR,1580,14,1101,15,15,706,1537,25,1906
2VERONA,211,4,219,0,2,33,26,1,99
2VERSAILLES,148,7,86,0,1,15,14,0,68
2WESTDEER,842,25,747,1,1,342,378,9,984
2WESTHOMESTEAD,214,7,199,1,1,31,25,1,80
2WESTMIFFLIN,2143,51,1754,0,11,257,242,13,945
2WESTVIEW,612,11,594,4,2,154,158,5,366
2WHITAKER,125,3,108,0,0,5,7,0,41
2WHITEHALL,1412,30,1073,4,6,299,516,10,1049
2WHITEOAK,821,22,566,3,8,173,164,4,634
2WILKINS,805,12,577,3,3,177,176,5,329
2WILKINSBURG,2541,2,1549,3,3,96,123,6,130
2WILMERDING,157,2,117,0,0,12,9,0,38
30CUMBERLAND,437,16,371,2,5,98,57,1,440
30DUNKARD,117,7,114,2,1,32,13,1,158
30FRANKLIN,336,20,265,4,5,154,101,5,418
30MONONGAHELA,92,5,49,1,0,20,9,0,101
30MORGAN,189,12,160,1,3,61,28,3,185
30WAYNE,44,3,57,2,1,29,10,1,76
30WAYNESBURG,183,8,163,1,2,61,39,2,160
31HOPEWELL,12,0,28,1,2,12,8,0,81
31HUNTINGDON,317,4,477,17,24,228,243,17,518
31MT.UNION,101,3,90,3,9,69,16,4,161
31PENN,22,3,38,1,9,71,33,2,231
31SHIRLEY,53,3,62,3,8,69,16,4,309
32ARMSTRONG,124,9,121,0,4,137,87,2,350
32BANKS,20,3,20,0,3,32,16,0,93
32BLAIRSVILLE,212,7,168,1,4,91,62,6,287
32BUFFINGTON,45,4,53,2,1,55,12,0,149
32BURRELL,210,7,149,1,7,89,62,2,314
32CENTER,359,11,265,1,14,124,66,2,377
32CHERRYHILL,132,5,96,3,4,189,63,2,324
32CLYMER,67,1,50,4,2,33,15,2,80
32CONEMAUGH,118,10,93,4,5,73,40,0,207
32EASTWHEATFIELD,117,9,106,2,3,47,36,2,236
32GREEN,104,11,86,3,8,146,58,3,375
32HOMERCITY,138,4,115,1,1,39,37,1,149
32INDIANA,489,10,934,7,20,230,258,19,541
32PINE,87,1,73,0,4,42,25,0,166
32SOUTHMAHONING,38,0,43,1,5,78,17,0,177
32WESTWHEATFIELD,101,9,97,4,5,68,33,4,207
32WHITE,978,17,685,19,22,508,535,18,1478
32YOUNG,94,8,73,2,1,52,37,1,151
33BROOKVILLE,130,7,176,6,8,150,144,8,456
33OLIVER,24,1,35,1,3,38,26,2,244
33PUNXSUTAWNEY,179,9,181,3,11,162,128,3,492
35ARCHBALD,1146,25,910,2,1,87,63,1,420
35BLAKELY,866,25,649,2,2,102,87,2,414
35CARBONDALE,962,22,705,1,6,113,50,1,537
35CLARKSSUMMIT,546,7,380,5,6,197,173,4,508
35DICKSONCITY,723,12,594,0,1,67,30,3,364
35DUNMORE,2253,34,1490,5,5,162,129,9,673
35FELL,259,6,182,2,1,51,13,0,154
35JERMYN,213,4,137,2,3,51,35,0,182
35JESSUP,887,16,541,0,0,34,23,1,190
35MAYFIELD,207,11,163,0,3,22,19,1,139
35MOOSIC,703,24,553,1,1,79,68,4,429
35OLDFORGE,893,9,577,3,2,112,88,5,817
35OLYPHANT,704,20,664,2,1,73,40,1,262
35RANSOM,108,3,104,2,1,51,28,4,180
35SCOTT,508,16,461,3,5,127,85,1,510
35SCRANTON,7136,83,5371,31,22,644,488,38,2938
35SOUTHABINGTON,835,10,583,3,10,314,302,11,870
35TAYLOR,706,13,483,4,3,68,47,1,445
35THROOP,566,18,456,0,1,46,27,0,195
36AKRON,116,1,196,3,17,329,182,12,322
36BRECKNOCK,112,0,147,1,23,533,181,6,515
36CLAY,161,0,173,3,17,440,172,10,528
36COLUMBIA,486,10,394,6,8,191,128,6,542
36EARL,119,1,92,10,35,413,275,10,456
36EASTCOCALICO,269,5,260,11,20,680,298,12,901
36EASTDONEGAL,262,1,308,9,18,576,282,11,711
36EASTEARL,77,2,83,4,15,448,148,7,394
36EASTHEMPFIELD,1506,8,1256,30,60,1280,1459,30,2234
36EASTLAMPETER,600,5,617,16,43,930,669,18,1167
36EASTPETERSBURG,252,3,271,5,17,237,204,8,343
36ELIZABETHTOWN,331,4,547,19,15,558,371,11,752
36EPHRATA,598,9,726,20,51,1306,673,35,1686
36LANCASTER,4163,23,4804,52,67,1290,1272,49,1885
36LITITZ,444,2,542,20,29,560,450,16,727
36MANHEIM,2651,21,2419,76,101,2267,2580,66,3762
36MANOR,882,7,957,23,55,1158,818,24,1758
36MARIETTA,149,5,181,3,6,83,62,4,208
36MARTIC,121,1,163,4,22,239,139,4,508
36MILLERSVILLE,279,2,487,4,14,234,228,3,377
36MT.JOY,578,7,789,15,62,1259,769,28,1637
36NEWHOLLAND,164,2,176,9,28,361,220,8,447
36PENN,224,2,256,11,22,740,362,7,791
36PEQUEA,127,1,146,3,23,338,174,5,527
36PROVIDENCE,134,0,188,3,19,357,147,4,663
36RAPHO,345,4,291,16,33,985,439,10,1186
36SALISBURY,151,6,192,4,31,433,166,6,554
36UPPERLEACOCK,199,2,191,5,21,441,281,13,478
36WARWICK,703,12,765,23,51,1376,861,20,1685
36WESTCOCALICO,128,2,139,10,17,447,169,3,575
36WESTDONEGAL,344,7,312,26,18,647,489,19,1014
36WESTEARL,174,3,177,5,25,528,278,4,467
36WESTHEMPFIELD,721,8,722,13,60,719,648,16,1380
36WESTLAMPETER,874,10,601,36,52,1150,1165,21,1684
37ELLWOODCITY,580,11,364,6,8,161,117,7,410
37HICKORY,144,4,98,0,4,140,68,4,293
37MAHONING,181,8,139,1,3,79,37,2,227
37NESHANNOCK,798,12,455,4,16,375,345,9,1101
37NEWBEAVER,62,1,50,0,2,47,23,1,149
37NEWCASTLE,1567,27,1006,10,11,315,191,8,877
37NORTHBEAVER,198,5,160,3,3,210,141,1,411
37PERRY,97,5,92,2,1,85,43,1,247
37PULASKI,213,6,111,2,4,99,70,4,279
37SCOTT,96,7,89,1,4,110,93,4,304
37SHENANGO,479,13,328,8,8,259,142,8,696
37SLIPPERYROCK,120,4,134,3,4,137,72,9,360
37UNION,449,12,278,1,3,85,77,1,374
37WAYNE,173,9,139,2,4,92,51,4,247
37WILMINGTON,95,2,92,2,3,120,94,2,245
38ANNVILLE,163,4,220,8,13,170,116,9,345
38BETHEL,105,4,126,1,9,277,84,2,629
38HEIDELBERG,86,2,91,3,13,246,93,5,353
38JACKSON,259,11,245,10,20,461,238,8,1043
38LEBANON,827,13,747,15,33,551,292,13,1180
38MYERSTOWN,71,2,92,4,15,141,62,2,302
38NORTHCORNWALL,303,5,274,9,8,377,237,13,715
38NORTHLEBANON,396,11,372,5,20,519,295,12,1379
38NORTHLONDONDERRY,372,7,349,13,28,661,506,16,1120
38PALMYRA,255,2,339,6,24,385,223,9,714
38SOUTHLEBANON,405,11,320,16,21,492,317,12,1064
38SOUTHLONDONDERRY,298,3,306,6,20,524,309,11,897
38UNION,59,2,81,1,5,157,36,5,439
39ALLENTOWN,5823,45,4740,32,61,1212,855,58,2746
39BETHLEHEM,1537,14,1482,9,17,408,290,12,859
39CATASAUQUA,340,5,378,2,5,140,77,4,330
39COPLAY,258,6,237,2,3,54,39,2,192
39EMMAUS,698,9,857,11,18,397,261,13,727
39FOUNTAINHILL,303,4,414,2,0,90,34,2,171
39LOWERMACUNGIE,1991,17,1584,26,34,1167,1354,32,2760
39LYNN,208,0,182,1,8,234,118,3,506
39NORTHWHITEHALL,795,13,763,12,12,616,459,16,1588
39SALISBURY,981,11,814,6,17,470,414,11,1168
39SLATINGTON,161,3,164,2,4,77,43,3,255
39SOUTHWHITEHALL,1549,21,1236,7,11,648,660,21,1534
39UPPERMACUNGIE,1183,7,1062,19,21,680,706,16,1768
39UPPERMILFORD,458,7,441,4,9,385,286,7,731
39UPPERSAUCON,892,14,788,10,18,605,548,20,1369
39WASHINGTON,298,5,319,6,8,224,111,4,735
39WHITEHALL,1753,24,1592,10,15,607,399,14,1601
3COWANSHANNOCK,103,3,120,2,4,101,36,5,269
3EASTFRANKLIN,183,4,154,4,5,176,117,5,544
3FORDCITY,223,7,163,1,1,46,39,2,235
3FREEPORT,111,5,125,1,3,32,27,5,139
3GILPIN,174,6,151,0,2,53,50,1,237
3KISKIMINETAS,237,17,247,2,6,150,81,2,448
3LEECHBURG,141,4,111,0,0,46,36,2,120
3MANOR,257,10,204,5,10,128,104,5,484
3NORTHBUFFALO,96,2,144,4,4,142,76,6,399
3PARKERCITY,26,1,19,0,0,14,16,0,71
3PARKS,116,7,118,1,6,69,25,0,248
3SOUTHBUFFALO,112,7,140,1,8,138,96,3,407
40ASHLEY,220,2,205,1,0,21,13,0,154
40AVOCA,346,4,285,1,0,19,14,1,167
40BEARCREEK,221,5,215,1,2,70,42,1,418
40BLACKCREEK,72,1,79,0,4,42,25,0,351
40BUTLER,391,7,430,2,8,174,115,4,1391
40DALLAS,614,11,648,5,8,316,339,9,1417
40DUPONT,309,9,305,0,0,32,11,0,178
40DURYEA,541,11,453,1,0,62,28,3,347
40EDWARDSVILLE,325,10,215,1,1,44,26,1,246
40FORTYFORT,352,6,330,2,5,71,115,2,521
40FOSTER,130,13,193,0,2,34,18,0,343
40FREELAND,129,6,151,0,1,36,24,3,302
40HANOVER,642,14,641,4,12,151,132,2,1217
40HAZLE,435,7,505,3,3,68,47,6,1044
40HAZLETON,876,17,774,2,3,138,95,6,1550
40JENKINS,425,10,355,2,3,48,47,2,359
40KINGSTON,1386,21,1185,9,9,412,423,13,2018
40LARKSVILLE,383,13,366,0,3,37,29,0,348
40LEHMAN,179,3,180,5,4,122,79,2,498
40LUZERNE,209,5,189,1,2,32,21,2,177
40NANTICOKE,818,21,676,5,2,96,49,2,616
40NEWPORT,402,11,364,0,1,28,17,0,240
40PITTSTON,1051,28,857,4,2,116,44,3,639
40PLAINS,904,22,684,1,2,103,77,1,694
40SALEM,135,4,147,0,1,111,71,2,499
40SWOYERSVILLE,478,9,400,0,2,70,45,3,460
40WESTHAZLETON,142,4,149,2,0,20,13,3,304
40WESTPITTSTON,368,4,316,2,6,103,97,4,615
40WESTWYOMING,276,8,285,2,1,45,23,2,238
40WILKES-BARRE,2679,51,2309,7,11,278,190,9,1838
40WRIGHT,387,17,347,4,3,108,103,5,770
40WYOMING,289,4,207,2,3,56,48,1,321
41CLINTON,63,1,70,1,3,87,29,2,263
41HUGHESVILLE,87,7,107,2,4,99,29,5,234
41JERSEYSHORE,113,4,109,2,7,189,36,5,349
41LOYALSOCK,456,7,453,13,23,601,372,15,1568
41MONTOURSVILLE,170,8,229,4,13,287,130,8,622
41OLDLYCOMING,210,8,208,7,14,313,120,4,721
41SOUTHWILLIAMSPORT,263,8,345,5,8,262,128,7,720
41WILLIAMSPORT,1068,19,1310,20,52,799,389,28,1543
42BRADFORD,328,5,375,11,17,234,275,13,921
42FOSTER,84,4,95,3,11,126,116,5,503
42HAMLIN,20,1,35,0,1,21,24,1,85
42KANE,168,7,147,7,3,89,66,1,250
42KEATING,50,1,58,2,4,102,58,4,359
42OTTO,30,0,42,2,5,51,33,4,167
42PORTALLEGANY,45,3,76,2,6,53,68,4,149
43FARRELL,582,4,212,0,1,10,18,1,73
43GREENVILLE,233,7,227,1,8,97,131,5,315
43GROVECITY,236,5,251,11,16,386,300,14,404
43HEMPFIELD,180,8,138,1,4,123,212,5,454
43HERMITAGE,1448,37,839,14,27,370,517,14,1305
43JEFFERSON,79,4,79,0,4,63,64,2,227
43MERCER,83,3,100,2,3,64,80,3,167
43PINE,151,7,148,13,5,267,253,7,433
43PYMATUNING,170,6,124,0,2,35,60,2,203
43SHARON,995,30,674,7,4,113,175,5,448
43SHARPSVILLE,394,10,281,2,4,60,83,0,207
43SHENANGO,259,6,172,1,5,84,99,2,329
43SOUTHPYMATUNING,186,5,150,2,2,42,63,2,227
43SPRINGFIELD,51,5,96,4,3,77,58,1,223
43WESTSALEM,190,8,106,3,5,79,118,0,256
44ARMAGH,73,2,96,6,4,151,69,1,433
44DECATUR,61,7,60,4,6,167,56,2,330
44DERRY,264,11,265,8,7,313,197,7,780
44GRANVILLE,139,6,142,4,17,202,128,3,509
44LEWISTOWN,205,6,228,7,13,204,156,10,568
45BARRETT,217,6,217,2,5,93,93,4,359
45CHESTNUTHILL,633,12,625,5,13,292,115,10,1270
45COOLBAUGH,961,9,618,9,3,148,82,4,721
45EASTSTROUDSBURG,405,6,419,6,8,109,99,10,350
45HAMILTON,452,12,475,7,5,217,180,10,734
45MIDDLESMITHFIELD,704,6,485,5,6,194,135,5,757
45POCONO,552,6,464,3,8,156,148,9,781
45SMITHFIELD,407,4,356,8,2,105,75,6,401
45STROUD,1267,16,1041,12,15,268,266,19,1069
45STROUDSBURG,352,3,327,3,5,80,79,0,209
45TOBYHANNA,391,1,315,4,3,122,130,7,646
46ABINGTON,7125,44,4925,62,49,1513,2188,73,3122
46AMBLER,644,1,567,9,7,150,194,9,259
46BRIDGEPORT,253,3,291,3,2,50,60,3,199
46CHELTENHAM,6698,17,4017,12,23,457,773,30,851
46COLLEGEVILLE,326,2,358,3,5,107,187,8,352
46CONSHOHOCKEN,753,2,654,4,5,137,306,9,425
46DOUGLASS,409,10,439,4,18,385,314,14,935
46EASTNORRITON,1317,7,857,12,13,452,447,15,1094
46FRANCONIA,593,6,591,11,22,814,702,15,1269
46HATBORO,596,5,543,6,13,206,273,7,525
46HORSHAM,1836,14,1478,24,36,781,1187,40,2089
46JENKINTOWN,745,6,553,3,4,92,155,3,158
46LANSDALE,1078,8,1173,10,17,384,372,26,764
46LIMERICK,1168,15,932,7,20,599,648,34,1669
46LOWERFREDERICK,249,2,319,7,3,207,150,8,439
46LOWERGWYNEDD,1374,4,622,15,11,329,892,16,923
46LOWERMERION,10384,24,4721,42,18,901,2968,58,2414
46LOWERMORELAND,1175,6,744,7,7,369,626,13,1155
46LOWERPOTTSGROVE,712,3,618,9,15,345,334,19,927
46LOWERPROVIDENCE,1728,11,1279,22,26,668,1183,41,1900
46LOWERSALFORD,935,4,724,20,20,713,685,25,1289
46MONTGOMERY,2049,11,1285,16,18,660,1067,34,1691
46NARBERTH,724,3,562,4,2,61,173,4,153
46NEWHANOVER,555,5,547,5,11,397,369,10,1030
46NORRISTOWN,2288,11,1564,7,11,245,196,8,560
46NORTHWALES,261,3,312,5,3,95,115,6,183
46PERKIOMEN,515,6,463,8,8,251,314,8,598
46PLYMOUTH,1656,8,1131,6,13,391,600,33,1223
46POTTSTOWN,1124,14,1186,12,25,325,234,16,839
46ROYERSFORD,259,4,333,1,7,104,94,7,268
46SKIPPACK,726,3,503,11,13,344,535,12,1009
46SOUDERTON,247,2,350,3,11,314,216,7,353
46SPRINGFIELD,2819,15,1850,16,18,434,1041,22,1105
46TOWAMENCIN,1383,13,1013,23,30,667,938,34,1480
46UPPERDUBLIN,3739,20,1950,31,26,795,1558,50,1627
46UPPERGWYNEDD,1440,4,863,22,15,500,892,21,1184
46UPPERHANOVER,332,4,332,4,10,285,254,5,738
46UPPERMERION,2469,13,1643,18,27,632,1038,31,1752
46UPPERMORELAND,1785,12,1576,27,30,759,913,42,1706
46UPPERPROVIDENCE,1453,6,1051,24,14,615,850,22,1619
46WESTNORRITON,1261,5,968,11,23,430,491,22,1138
46WHITEMARSH,2306,9,1243,18,11,494,1012,27,1194
46WHITPAIN,2156,14,1010,19,14,526,1291,27,1443
46WORCESTER,664,5,464,10,11,354,627,15,1042
47DANVILLE,210,10,254,1,10,95,75,6,275
47MAHONING,265,11,226,8,11,141,203,7,332
48BANGOR,207,7,277,3,1,82,60,3,290
48BETHLEHEM,4975,85,4664,26,31,1259,1088,46,3073
48BETHLEHEMTWP,228,4,211,3,2,102,100,1,323
48BUSHKILL,437,12,410,5,7,314,183,4,797
48EASTALLEN,304,2,241,3,3,161,97,6,473
48EASTON,1375,20,1400,14,13,243,171,10,517
48FORKS,962,9,734,7,13,383,356,10,1052
48HANOVER,1018,10,720,6,9,389,403,16,1060
48HELLERTOWN,378,8,438,2,4,120,83,4,335
48LEHIGH,592,19,562,5,9,369,160,8,1201
48LOWERMT.BETHEL,145,2,183,2,1,70,48,1,269
48LOWERNAZARETH,416,7,314,0,4,238,166,3,575
48LOWERSAUCON,780,12,733,7,9,429,380,8,1011
48MOORE,521,17,529,4,7,355,144,4,1026
48NAZARETH,314,9,397,4,7,147,101,5,335
48NORTHAMPTON,590,15,599,4,8,211,101,4,664
48NORTHCATASAUQUA,193,1,186,2,4,70,51,3,180
48PALMER,1424,14,1106,2,12,521,383,21,1528
48PENARGYL,152,0,218,4,3,88,45,7,282
48PLAINFIELD,360,14,288,2,9,189,116,2,641
48UPPERMT.BETHEL,267,6,326,4,6,190,114,2,706
48UPPERNAZARETH,347,10,299,3,7,155,120,9,457
48WASHINGTON,263,8,234,1,3,130,73,0,427
48WILLIAMS,336,10,316,2,4,173,126,2,628
48WILSON,353,2,431,3,8,116,61,8,252
49COAL,427,20,416,8,7,93,69,3,689
49DELAWARE,109,3,116,4,5,216,92,4,460
49KULPMONT,192,10,179,2,3,34,23,0,173
49MILTON,209,6,218,6,8,200,127,3,470
49MT.CARMEL,529,17,499,3,3,87,56,4,530
49NORTHUMBERLAND,176,2,166,3,0,143,87,6,336
49POINT,147,3,108,5,9,214,89,7,469
49RALPHO,209,3,188,0,6,124,117,6,632
49RIVERSIDE,124,2,96,4,3,66,62,3,194
49SUNBURY,316,3,346,13,8,259,105,3,596
49UPPERAUGUSTA,108,3,105,0,4,126,79,4,319
49WATSONTOWN,65,2,77,2,2,84,33,3,198
4ALIQUIPPA,1215,16,523,1,3,85,37,2,262
4AMBRIDGE,451,9,442,2,5,108,59,1,199
4BADEN,403,19,263,2,2,69,68,1,241
4BEAVER,367,4,322,5,8,197,262,9,381
4BEAVERFALLS,614,12,379,8,5,179,97,4,260
4BRIGHTON,578,13,460,10,14,283,341,6,789
4CENTER,1154,36,832,3,13,262,247,8,811
4CHIPPEWA,526,20,415,10,8,356,296,8,730
4CONWAY,210,12,125,0,3,55,52,4,124
4DAUGHERTY,236,9,215,3,5,114,88,2,265
4ECONOMY,792,38,584,2,6,334,313,7,872
4FRANKLIN,219,9,155,5,6,135,107,2,383
4HANOVER,165,8,142,0,4,156,76,1,320
4HARMONY,309,8,280,2,2,61,71,3,188
4HOPEWELL,1275,27,879,2,11,242,241,7,813
4MIDLAND,316,4,181,0,2,26,21,0,54
4MONACA,529,18,363,0,3,81,70,5,286
4NEWBRIGHTON,361,7,298,3,5,79,71,2,202
4NEWSEWICKLEY,458,10,385,3,14,222,249,5,721
4NORTHSEWICKLEY,424,14,288,5,6,244,130,5,502
4OHIOVILLE,212,8,179,4,5,119,79,2,282
4PATTERSON,204,5,179,3,4,98,98,5,222
4RACCOON,220,5,202,2,0,131,50,3,245
4ROCHESTER,520,12,359,4,4,111,87,8,318
50TOBOYNE,23,0,14,0,1,24,5,0,60
51PHILADELPHIA,218959,1493,129353,379,318,8231,9629,659,25738
52DELAWARE,176,3,209,2,3,102,95,5,682
52DINGMAN,358,2,399,5,6,202,156,2,1061
52LACKAWAXEN,152,0,141,3,4,121,85,4,696
52LEHMAN,429,3,272,0,1,66,55,2,480
52MATAMORAS,108,2,86,0,4,34,32,5,177
53COUDERSPORT,72,2,111,3,9,83,71,4,254
53GALETON,44,2,49,3,3,25,25,1,120
53SHARON,9,1,15,2,4,47,14,1,117
54ASHLAND,154,2,95,1,4,33,46,2,235
54BUTLER,203,5,184,3,2,84,80,5,615
54CASS,118,3,116,1,1,19,17,2,155
54COALDALE,103,2,86,2,2,29,31,4,277
54FRACKVILLE,176,4,161,8,2,54,63,3,521
54HEGINS,98,4,93,5,11,105,91,1,509
54MAHANOYCITY,234,3,182,3,2,36,33,0,314
54MCADOO,83,4,141,0,3,15,4,1,254
54MINERSVILLE,245,7,165,6,6,34,47,2,286
54NORTHMANHEIM,158,1,133,6,3,96,85,3,494
54NORWEGIAN,189,3,156,1,5,35,53,1,341
54ORWIGSBURG,154,2,122,2,4,91,75,3,384
54PALOALTO,73,7,62,1,0,18,7,0,80
54PINEGROVE,228,7,218,5,10,194,110,3,678
54PORTCARBON,98,6,89,1,3,40,20,2,203
54PORTER,56,1,49,0,6,66,44,3,369
54POTTSVILLE,827,17,655,11,10,189,207,13,944
54RUSH,163,2,145,5,2,94,96,4,664
54SCHUYLKILLHAVEN,213,8,220,6,13,146,95,9,577
54SHENANDOAH,202,3,179,2,4,31,27,1,269
54ST.CLAIR,205,5,185,2,1,46,39,1,212
54TAMAQUA,162,7,257,4,8,125,75,6,686
54WASHINGTON,95,4,103,1,6,111,53,1,341
54WAYNE,202,1,209,4,4,162,120,9,736
54WESTBRUNSWICK,134,0,133,1,5,121,91,2,531
54WESTMAHANOY,190,7,173,3,0,23,14,2,302
54WESTPENN,117,6,126,2,5,218,85,2,709
55MONROE,171,2,163,6,7,176,157,5,502
55PENN,170,4,157,7,7,156,134,8,382
55SELINSGROVE,195,1,247,5,10,98,112,4,245
56CONEMAUGH,371,19,462,12,24,315,202,12,870
56JENNER,142,10,206,2,14,176,83,7,446
56SHADE,202,6,162,1,7,71,27,0,249
56SOMERSET,565,18,472,31,40,558,366,19,1964
56WINDBER,294,14,278,2,2,73,46,2,268
58MONTROSE,77,0,75,3,6,114,68,3,136
59DELMAR,80,4,105,4,9,140,89,2,409
59SHIPPEN,9,1,18,0,0,31,12,0,70
59WELLSBORO,123,4,137,12,18,142,148,6,388
5BEDFORD,303,10,279,19,36,480,229,8,1153
5BROADTOP,59,2,59,0,2,32,9,1,130
60BUFFALO,99,1,91,2,14,219,100,3,340
60EASTBUFFALO,546,2,433,5,6,319,251,9,521
60KELLY,176,1,120,4,8,172,107,1,300
60LEWISBURG,287,2,381,3,7,120,116,3,186
60MIFFLINBURG,89,3,109,7,13,195,96,6,331
60WHITEDEER,140,3,138,5,13,262,76,6,514
61CORNPLANTER,122,3,104,4,11,95,83,4,256
61CRANBERRY,218,10,231,10,9,373,196,4,683
61FRANKLIN,253,8,276,3,12,258,185,3,430
61OILCITY,450,11,412,18,17,288,214,12,660
61ROCKLAND,41,1,72,0,4,60,43,1,190
61SUGARCREEK,203,6,214,10,20,208,104,2,463
62CONEWANGO,161,1,147,8,8,140,102,3,354
62WARREN,483,6,430,17,18,343,274,17,688
63AMWELL,213,8,172,3,5,121,68,4,356
63CALIFORNIA,323,10,252,2,3,52,33,1,204
63CANONSBURG,809,26,596,4,5,185,138,5,443
63CANTON,638,16,416,1,6,151,98,4,505
63CARROLL,557,23,391,1,5,147,92,2,469
63CECIL,975,19,601,3,12,375,376,11,1115
63CENTERVILLE,350,11,231,1,1,54,50,1,206
63CHARLEROI,289,10,227,2,5,35,17,1,168
63CHARTIERS,663,13,449,2,6,216,176,9,632
63CROSSCREEK,91,5,102,0,0,60,15,0,115
63DONEGAL,82,5,86,2,0,92,46,2,239
63DONORA,482,10,235,1,0,49,21,2,183
63EASTBETHLEHEM,227,13,174,0,0,23,9,1,122
63FALLOWFIELD,412,19,296,0,2,108,62,3,412
63HANOVER,124,4,134,2,2,78,45,0,245
63INDEPENDENCE,102,9,76,1,0,47,30,1,125
63MONONGAHELA,424,6,276,1,2,79,37,1,271
63MT.PLEASANT,272,16,220,1,1,125,111,6,346
63NEWEAGLE,205,11,157,1,7,40,28,0,145
63NORTHFRANKLIN,388,13,270,5,6,132,113,6,370
63NORTHSTRABANE,1087,26,736,3,7,461,480,9,1352
63NOTTINGHAM,239,13,189,1,2,137,113,0,372
63PETERS,1347,18,843,11,10,954,1252,26,2695
63ROBINSON,125,6,114,0,0,35,36,0,145
63SMITH,408,11,303,1,1,60,39,2,248
63SOMERSET,200,6,174,2,3,102,45,0,246
63SOUTHFRANKLIN,198,7,158,2,3,139,53,2,306
63SOUTHSTRABANE,749,21,495,6,15,329,297,11,867
63UNION,442,25,374,5,4,132,119,3,510
63WASHINGTON,913,19,601,8,5,152,135,4,417
63WESTBROWNSVILLE,99,2,68,1,1,11,4,0,53
63WESTFINLEY,24,2,25,1,2,41,22,1,96
63WESTPIKERUN,163,6,121,1,1,22,24,0,123
64BERLIN,70,1,79,3,3,112,61,4,423
64CLINTON,102,1,91,3,1,69,35,2,323
64DAMASCUS,114,2,142,2,6,174,51,0,448
64HONESDALE,210,7,226,8,4,173,95,4,376
64TEXAS,101,1,88,2,3,95,71,2,322
65ALLEGHENY,533,17,374,3,11,261,182,4,808
65ARNOLD,400,7,275,2,0,47,21,4,115
65BELL,132,2,119,1,3,66,34,3,208
65DERRY,1114,42,863,5,6,399,212,9,1222
65EASTHUNTINGDON,372,20,388,4,17,229,156,1,710
65FAIRFIELD,89,3,90,0,2,97,41,2,225
65GREENSBURG,1057,23,939,9,6,347,396,17,885
65HEMPFIELD,2866,91,2320,25,32,1301,1223,35,4393
65IRWIN,244,3,231,1,2,106,78,1,314
65JEANNETTE,628,17,478,0,3,145,94,7,572
65LATROBE,545,25,429,5,7,197,170,1,587
65LIGONIER,413,14,377,7,21,337,333,14,1110
65LOWERBURRELL,974,31,833,8,10,315,230,2,898
65LOYALHANNA,105,7,97,1,3,53,29,0,179
65MONESSEN,1000,18,565,0,1,35,30,1,230
65MT.PLEASANT,1041,39,884,9,17,396,234,8,1290
65MURRYSVILLE,1342,12,979,10,27,987,1120,20,2271
65NEWKENSINGTON,1086,31,869,4,12,234,152,2,693
65NORTHBELLEVERNON,165,7,126,0,1,28,16,0,87
65NORTHHUNTINGDON,2330,77,1888,10,30,1053,815,33,3186
65ROSTRAVER,971,22,677,4,8,252,171,5,938
65SALEM,449,19,349,4,14,245,141,4,762
65SCOTTDALE,316,8,250,3,6,94,91,3,349
65SEWICKLEY,401,13,354,0,2,152,87,1,554
65SOUTHGREENSBURG,206,2,149,2,1,59,47,0,164
65SOUTHHUNTINGDON,365,17,391,1,0,133,67,2,565
65SOUTHWESTGREENSBURG,182,4,167,0,4,64,59,2,187
65ST.CLAIR,70,2,61,1,0,33,12,1,107
65TRAFFORD,209,8,200,0,1,93,76,2,237
65UNITY,1430,48,1076,7,8,652,649,20,2338
65UPPERBURRELL,114,2,161,0,4,69,42,1,221
65VANDERGRIFT,327,4,231,1,4,61,41,1,227
65WASHINGTON,341,10,344,2,6,301,175,2,769
65WESTNEWTON,241,10,200,1,6,48,46,2,179
65YOUNGWOOD,189,8,177,3,3,75,62,4,263
66FACTORYVILLE,51,1,59,1,0,35,23,3,81
66FALLS,100,2,76,5,3,68,38,3,262
66TUNKHANNOCK,278,6,256,11,14,241,204,7,764
67CHANCEFORD,155,6,182,4,19,305,114,6,643
67CODORUS,152,5,167,5,8,169,92,4,471
67CONEWAGO,313,7,269,2,17,311,105,5,669
67DALLASTOWN,133,2,199,4,13,125,56,8,352
67FAIRVIEW,849,14,714,25,33,933,649,28,2207
67HANOVER,526,8,617,14,30,472,379,14,1346
67HELLAM,242,7,255,7,15,275,180,4,725
67JACKSON,302,14,275,9,23,329,174,6,879
67LOWERCHANCEFORD,75,3,84,2,9,124,43,0,331
67LOWERWINDSOR,225,10,279,7,17,297,168,6,927
67NEWBERRY,482,8,476,16,31,687,299,12,1596
67NORTHCODORUS,347,7,323,3,25,448,207,13,1019
67PENN,545,13,559,14,44,564,419,13,1478
67REDLION,173,6,265,5,12,201,94,7,488
67SPRINGETTSBURY,1513,17,1266,30,57,839,812,33,2218
67SPRINGGARDEN,796,9,797,21,35,411,529,12,1070
67WESTMANCHESTER,994,22,884,21,45,763,461,20,1976
67WESTYORK,169,4,178,3,8,85,39,1,195
67WRIGHTSVILLE,91,1,77,3,10,72,41,1,187
67YORK,3598,58,2859,49,95,1477,1130,51,3675
6ALSACE,176,2,253,2,5,103,68,8,369
6AMITY,657,16,644,7,21,384,335,14,1161
6BALLY,50,2,71,1,0,49,26,1,78
6BECHTELSVILLE,38,0,35,3,1,11,17,2,72
6BERN,363,16,314,3,13,191,185,7,603
6BERNVILLE,51,1,58,1,1,29,19,0,54
6BIRDSBORO,227,3,310,3,7,144,90,5,347
6BOYERTOWN,155,3,202,3,8,113,50,7,251
6BRECKNOCK,201,3,252,4,15,203,139,9,579
6CAERNARVON,126,1,189,5,9,198,107,8,363
6CENTERPORT,22,1,24,0,0,18,6,1,34
6CENTRE,170,5,213,2,6,161,60,3,459
6COLEBROOKDALE,228,12,278,3,5,138,99,7,420
6CUMRU,929,17,944,18,19,433,426,23,1448
6DISTRICT,80,1,104,1,2,51,24,1,116
6DOUGLASS,156,6,162,1,5,116,75,1,379
6EARL,158,11,177,3,0,109,45,6,341
6EXETER,1511,29,1495,24,13,720,645,30,2122
6FLEETWOOD,211,6,260,3,9,142,109,5,306
6GREENWICH,167,5,203,5,1,187,80,3,385
6HAMBURG,183,8,256,2,3,152,72,4,368
6HEIDELBERG,72,0,72,2,3,70,60,2,181
6HEREFORD,123,2,182,5,4,117,61,3,226
6JEFFERSON,100,1,133,0,2,81,63,2,248
6KENHORST,176,5,202,2,2,55,35,3,196
6KUTZTOWN,238,3,391,2,5,99,90,4,244
6LAURELDALE,255,3,283,3,4,71,42,3,215
6LEESPORT,81,2,132,4,2,54,34,3,160
6LENHARTSVILLE,3,0,7,0,0,9,3,0,22
6LONGSWAMP,235,8,304,2,11,214,107,7,445
6LOWERALSACE,263,4,438,7,5,95,80,4,345
6LOWERHEIDELBERG,332,5,293,2,1,185,251,5,697
6LYONS,31,0,37,0,0,14,2,1,30
6MAIDENCREEK,501,10,484,12,6,305,197,11,798
6MARION,53,2,44,0,3,54,71,3,180
6MAXATAWNY,159,6,291,4,2,151,100,6,336
6MOHNTON,135,5,199,1,5,78,100,3,271
6MT.PENN,166,4,241,1,2,53,46,2,133
6MUHLENBERG,1409,22,1416,17,18,352,391,8,1325
6NORTHHEIDELBERG,69,3,75,0,3,41,60,1,172
6OLEY,195,4,223,2,6,145,117,3,392
6ONTELAUNEE,112,0,126,0,2,48,34,2,172
6PIKE,92,4,130,1,1,81,31,0,181
6READING,4398,39,2924,16,26,413,211,17,939
6RICHMOND,144,8,185,4,6,129,52,1,253
6ROBESON,258,13,394,9,11,409,176,7,757
6ROBESONIA,111,1,114,3,3,50,36,3,174
6ROCKLAND,173,4,229,2,2,175,109,8,392
6RUSCOMBMANOR,183,7,245,4,4,159,101,4,445
6SHILLINGTON,298,4,394,7,5,114,132,10,395
6SHOEMAKERSVILLE,54,2,92,0,1,43,20,3,126
6SINKINGSPRING,171,3,177,4,0,80,83,2,297
6SOUTHHEIDELBERG,404,5,412,5,6,264,197,12,704
6SPRING,1549,33,1606,26,35,782,938,41,2257
6STRAUSSTOWN,16,0,25,0,1,11,5,0,36
6TULPEHOCKEN,52,5,80,1,9,166,67,0,281
6UNION,167,0,232,5,5,122,99,10,356
6UPPERBERN,71,4,82,1,5,67,34,0,238
6UPPERTULPEHOCKEN,37,6,83,2,2,65,32,3,205
6WASHINGTON,159,0,208,3,8,186,91,0,397
6WERNERSVILLE,165,3,155,8,2,78,69,4,204
6WESTREADING,234,4,369,3,6,63,42,3,141
6WINDSOR,104,2,108,2,2,92,67,2,285
6WOMELSDORF,129,4,182,3,6,76,45,2,242
6WYOMISSING,814,12,701,12,19,289,650,13,1056
7ALLEGHENY,202,12,221,5,12,297,162,5,770
7ALTOONA,1635,52,1897,53,72,1288,683,69,3460
7ANTIS,173,4,192,7,11,322,156,7,876
7BLAIR,163,5,186,4,18,268,152,7,604
7FRANKSTOWN,292,9,277,4,16,451,328,13,1173
7FREEDOM,77,3,88,1,6,168,38,7,409
7GREENFIELD,75,3,72,2,8,132,42,6,384
7HOLLIDAYSBURG,240,5,244,12,22,232,196,11,595
7LOGAN,417,13,440,11,23,510,271,11,1428
7MARTINSBURG,43,2,39,3,5,150,53,2,238
7ROARINGSPRING,62,2,63,7,10,120,69,6,267
7SNYDER,70,3,101,5,7,124,71,2,427
7TYRONE,211,8,199,9,9,268,157,11,797
8ATHENS,338,2,271,11,15,221,234,9,688
8SAYRE,279,4,258,5,6,107,103,6,371
9BEDMINSTER,330,3,331,9,12,319,300,12,760
9BENSALEM,3840,62,2807,45,89,1061,1077,57,4392
9BRISTOL,5275,167,4038,34,52,809,540,44,2927
9BUCKINGHAM,1574,14,974,26,17,659,1081,37,2003
9DOYLESTOWN,2321,20,1783,43,42,728,1348,54,2095
9EASTROCKHILL,300,11,317,6,13,249,183,7,543
9FALLS,2632,92,2402,23,31,487,455,30,1770
9HILLTOWN,743,11,695,17,30,714,591,14,1425
9LOWERMAKEFIELD,3310,28,1905,30,23,869,1646,56,2623
9LOWERSOUTHAMPTON,1299,18,1092,21,27,490,484,21,1975
9MIDDLETOWN,3966,64,2981,39,54,1111,1359,46,3611
9MILFORD,571,14,479,6,18,414,299,12,1072
9MORRISVILLE,656,17,603,8,5,140,109,3,378
9NEWTOWN,1988,22,1340,25,20,600,1043,29,1877
9NOCKAMIXON,161,3,200,1,5,115,114,5,456
9NORTHAMPTON,3057,61,1975,43,41,1412,1717,61,4259
9PERKASIE,422,7,548,7,20,396,302,13,652
9PLUMSTEAD,837,7,786,13,12,438,537,25,1256
9QUAKERTOWN,435,6,515,12,8,302,219,8,551
9RICHLAND,603,12,589,5,15,437,298,16,1013
9SELLERSVILLE,231,4,278,4,11,179,86,6,307
9SOLEBURY,934,3,587,8,5,250,438,7,837
9SPRINGFIELD,320,10,324,2,7,240,150,5,601
9TINICUM,317,2,290,7,3,124,148,4,464
9UPPERMAKEFIELD,663,5,343,9,6,277,638,12,973
9UPPERSOUTHAMPTON,1085,20,893,22,17,502,648,25,1767
9WARMINSTER,2527,44,1822,52,38,1022,1073,56,2829
9WARRINGTON,1595,34,1084,24,22,667,885,32,2003
9WARWICK,1079,17,673,7,15,431,593,21,1440
9WESTROCKHILL,301,3,254,5,10,221,161,14,555
