precinct,pri_dem_CLINTON,pri_dem_O'MAILEY,pri_dem_SANDERS,pri_dem_WILSON,pri_rep_BUSH,pri_rep_CARSON,pri_rep_CRUZ,pri_rep_KASICH,pri_rep_RUBIO,pri_rep_TRUMP
ABBEVILLEEMERGENCY,0,0,0,0,0,0,0,0,0,0
AIKENEMERGENCY,0,0,0,0,0,0,0,0,0,0
ALLENDALEEMERGENCY,0,0,0,0,0,0,0,0,0,0
ALLENDALEFAILSAFE,0,0,0,0,0,0,0,0,0,0
ALLENDALEFAILSAFE PROVISIONAL,0,0,0,0,0,0,0,0,0,0
ANDERSONEMERGENCY,0,0,0,0,0,0,1,1,0,0
ANDERSONFAILSAFE,20,0,6,0,1,9,9,1,8,12
ANDERSONFAILSAFE PROVISIONAL,20,0,18,0,1,9,28,9,22,29
ANDERSONPROVISIONAL,6,0,3,0,0,1,0,0,1,1
BAMBERGEMERGENCY,0,0,0,0,0,0,0,0,0,0
BAMBERGFAILSAFE PROVISIONAL,0,0,0,0,0,0,0,0,0,0
BARNWELLEMERGENCY,0,0,0,0,0,0,0,0,0,0
BARNWELLPROVISIONAL,0,0,0,0,0,0,0,0,0,0
BEAUFORTEMERGENCY,5,0,2,0,0,0,0,0,0,0
BEAUFORTMO 2,52,0,36,0,22,10,44,20,59,68
CALHOUNEMERGENCY,0,0,0,0,2,1,1,1,0,2
CALHOUNPROVISIONAL,0,0,0,0,0,0,0,0,0,0
CHARLESTONEMERGENCY,0,0,0,0,0,0,0,0,0,0
CHEROKEEEMERGENCY,0,0,0,0,0,0,0,0,0,0
CHEROKEEFAILSAFE PROVISIONAL,0,0,0,0,0,0,0,0,0,0
CHESTEREMERGENCY,0,0,0,0,0,0,0,0,0,0
CHESTERFAILSAFE PROVISIONAL,0,0,0,0,0,0,0,0,0,0
CHESTERFIELDEMERGENCY,0,0,0,0,0,0,0,0,0,0
CHESTERFIELDFAILSAFE,0,0,0,0,0,0,0,0,0,2
CHESTERFIELDFAILSAFE PROVISIONAL,0,0,0,0,0,0,0,0,0,0
CHESTERPROVISIONAL,0,0,0,0,0,0,0,0,0,0
CLARENDONEMERGENCY,0,0,0,0,4,1,9,1,4,12
CLARENDONFAILSAFE PROVISIONAL,0,0,0,0,0,0,2,1,0,7
COLLETONEMERGENCY,1,0,1,0,0,1,1,0,1,0
COLLETONFAILSAFE,8,0,1,0,2,0,1,0,1,0
COLLETONPROVISIONAL,0,0,0,0,0,0,0,0,0,0
DILLONEMERGENCY,0,0,0,0,0,0,0,0,0,0
DILLONFAILSAFE PROVISIONAL,0,0,0,0,0,0,0,0,0,0
DILLONPROVISIONAL,0,0,0,0,0,0,0,0,0,0
EDGEFIELDEMERGENCY,0,0,0,0,0,0,0,0,0,0
EDGEFIELDFAILSAFE PROVISIONAL,0,0,0,0,0,2,0,0,0,0
EDGEFIELDPROVISIONAL,0,0,0,0,0,0,0,0,0,0
FAIRFIELDEMERGENCY,0,0,0,0,0,0,0,0,0,0
FAIRFIELDFAILSAFE PROVISIONAL,0,0,0,0,0,0,0,0,0,0
FLORENCEEMERGENCY 1,0,0,0,0,18,11,73,14,42,101
FLORENCEFAILSAFE PROVISIONAL 1,0,0,0,0,0,0,0,0,0,0
GREENVILLEEMERGENCY,0,0,0,0,0,0,0,0,0,0
GREENVILLEFAILSAFE,51,0,35,0,4,8,23,7,35,27
GREENVILLEFAILSAFE/ PROVISIONAL,130,0,132,1,20,38,116,29,144,113
GREENVILLEPROVISIONAL,29,0,21,0,0,6,11,6,18,18
GREENWOODEMERGENCY,0,0,0,0,0,0,0,0,0,0
HAMPTONEMERGENCY,0,0,0,0,0,0,0,0,0,0
HORRYBROOKSVILLE,172,0,71,0,26,39,110,41,164,336
HORRYFLOYDS,80,0,56,0,20,24,90,35,135,282
HORRYNORTON,65,0,26,0,10,11,30,18,50,124
JASPEREMERGENCY,0,0,0,0,0,0,0,0,0,0
JASPERFAILSAFE/PROVISIONAL,0,0,0,0,0,0,1,0,0,0
KERSHAWEMERGENCY,0,0,0,0,0,0,0,0,0,0
KERSHAWFAILSAFE,30,0,12,0,1,1,5,2,5,6
KERSHAWPROVISIONAL,0,0,0,0,2,1,7,2,10,8
LANCASTERBELAIR NUMBER 2,85,0,43,0,36,43,84,35,115,106
LANCASTEREMERGENCY,0,0,0,0,0,0,0,0,0,0
LANCASTERPLEASANT VALLEY NUMBER 2,78,0,67,0,15,20,77,23,72,123
LANCASTERWYLIE PARK,61,0,64,0,29,44,107,49,134,176
LAURENSPROVISIONAL,0,0,0,0,0,0,0,0,0,0
LEXINGTONCAYCE WARD NO. 1,67,0,73,1,0,0,0,0,0,0
LEXINGTONCAYCE WARD NO. 2,154,0,76,1,0,0,0,0,0,0
LEXINGTONCAYCE WARD NO. 3,44,0,32,0,0,0,0,0,0,0
MARIONEMERGENCY,0,0,0,0,0,1,1,0,0,6
MARLBOROEMERGENCY,0,0,0,0,0,0,0,0,0,0
MARLBOROFAILSAFE PROVISIONAL,0,0,0,0,0,0,0,0,0,0
MCCORMICKEMERGENCY,0,0,0,0,0,0,1,2,4,0
MCCORMICKFAILSAFE PROVISIONAL,0,0,0,0,0,0,0,0,0,0
NEWBERRYEMERGENCY,0,0,0,0,0,0,0,0,0,0
NEWBERRYFAILSAFE PROVISIONAL,2,0,2,0,1,0,0,0,0,0
OCONEEEMERGENCY,0,0,0,0,0,0,0,0,0,0
ORANGEBURGEMERGENCY,0,0,0,0,0,0,0,0,0,0
PICKENSEMERGENCY,0,0,0,0,0,0,0,0,0,0
SALUDAFAILSAFE PROVISIONAL,0,0,0,0,0,2,0,0,0,0
SALUDAPROVISIONAL,0,0,0,0,0,0,0,0,0,0
SPARTANBURGPROVISIONAL,12,0,20,0,2,5,15,4,18,44
SUMTEREMERGENCY,0,0,0,0,0,0,0,0,0,0
SUMTERFAILSAFE,42,0,1,0,1,3,6,3,4,14
SUMTERPROVISIONAL,2,0,0,0,0,0,0,0,0,0
UNIONEMERGENCY,0,0,0,0,0,0,0,0,0,0
UNIONFAILSAFE,3,0,1,0,1,1,0,0,0,0
UNIONFAILSAFE PROVISIONAL,0,0,0,0,0,0,0,0,0,0
UNIONPROVISIONAL,0,0,0,0,0,0,1,0,0,0
WILLIAMSBURGPROVISIONAL,4,0,0,0,0,0,0,0,1,1
YORKEMERGENCY,0,0,0,0,0,0,0,0,0,0
YORKFAILSAFE,13,0,7,0,0,0,2,0,8,14
YORKFAILSAFE PROVISIONAL,76,1,56,1,10,25,37,6,40,63
YORKPROVISIONAL,8,0,13,0,4,6,4,2,12,19
