precinct,pri_dem_CLINTON,pri_dem_FUENTE,pri_dem_O'MALLEY,pri_dem_SANDERS,pri_rep_BUSH,pri_rep_CARSON,pri_rep_CHRISTIE,pri_rep_CRUZ,pri_rep_FIORINA,pri_rep_KASICH,pri_rep_PAUL,pri_rep_RUBIO,pri_rep_SANTORUM,pri_rep_TRUMP,gen_dem_CLINTON,gen_grn_STEIN,gen_ind_FUENTE,gen_ind_SANDERS,gen_lib_JOHNSON,gen_rep_TRUMP,gen_sol_RIVA,dem_primary_total,rep_primary_total,dem_general_total,rep_general_total
ADDISONADDISON,40,0,0,251,2,17,0,33,1,51,2,56,1,66,648,16,2,45,94,674,2,291,229,648,674
ADDISONBRIDPORT,26,0,2,189,6,13,1,23,0,51,1,36,0,67,584,16,6,0,48,556,2,217,198,584,556
ADDISONBRISTOL,76,0,1,822,10,16,5,44,2,98,4,71,1,124,2150,82,18,168,120,1116,2,899,375,2150,1116
ADDISONCORNWALL,78,1,0,290,1,3,0,12,0,54,4,34,0,31,1034,28,6,21,44,294,2,369,139,1034,294
ADDISONFERRISBURGH,90,0,1,622,10,19,5,55,1,117,0,83,2,105,1784,42,6,94,122,1002,4,713,397,1784,1002
ADDISONGOSHEN,14,0,0,55,0,3,1,1,0,13,0,1,0,4,156,6,0,5,12,62,0,69,23,156,62
ADDISONGRANVILLE,5,0,0,86,1,0,0,0,0,5,0,2,0,4,164,12,2,0,6,58,0,91,12,164,58
ADDISONHANCOCK,2,0,0,60,0,2,0,1,0,1,0,6,1,11,150,8,2,18,12,108,0,62,22,150,108
ADDISONLEICESTER,28,0,0,153,1,3,0,16,0,27,1,17,1,52,434,10,6,37,30,414,0,181,118,434,414
ADDISONLINCOLN,31,0,1,437,5,10,1,12,0,40,4,16,1,38,988,54,6,46,44,376,0,469,127,988,376
ADDISONMIDDLEBURY,317,1,4,1470,16,9,2,49,1,209,2,116,1,88,5364,142,22,158,154,1190,4,1792,493,5364,1190
ADDISONMONKTON,46,0,1,524,5,5,2,38,0,54,7,44,0,65,1342,32,4,0,114,720,0,571,220,1342,720
ADDISONNEW HAVEN,46,0,2,426,4,6,4,33,3,61,0,50,0,88,1188,42,10,59,90,674,4,474,249,1188,674
ADDISONORWELL,32,0,0,174,1,14,2,21,1,66,1,33,0,63,540,32,10,31,58,568,0,206,202,540,568
ADDISONPANTON,17,0,1,116,1,3,1,7,0,26,0,27,1,30,342,12,0,24,12,252,0,134,96,342,252
ADDISONRIPTON,26,0,0,189,0,1,0,5,0,10,1,4,0,13,456,26,2,29,10,116,0,215,34,456,116
ADDISONSALISBURY,34,0,1,192,2,6,0,19,1,24,1,15,1,45,592,18,6,45,16,378,0,227,114,592,378
ADDISONSHOREHAM,32,0,0,266,2,4,1,24,1,30,3,28,0,37,712,26,2,39,38,422,0,298,130,712,422
ADDISONSTARKSBORO,30,0,1,422,4,9,2,27,0,54,4,25,0,61,1068,48,6,67,72,512,0,453,186,1068,512
ADDISONVERGENNES,54,1,0,568,4,16,1,26,0,83,4,49,0,71,1424,46,10,90,102,652,2,623,254,1424,652
ADDISONWALTHAM,18,0,0,112,0,1,0,7,1,20,1,12,0,12,298,4,0,0,28,166,0,130,54,298,166
ADDISONWEYBRIDGE,61,0,0,229,1,5,0,8,0,43,1,21,0,14,830,16,2,0,36,148,4,290,93,830,148
ADDISONWHITING,8,0,0,79,0,0,1,9,1,7,1,5,0,14,190,4,4,20,16,136,0,87,38,190,136
BENNINGTONARLINGTON,84,0,0,398,3,11,4,41,1,51,0,51,0,87,1324,44,8,94,56,870,6,482,249,1324,870
BENNINGTONBENNINGTON,400,2,9,2121,16,47,7,115,4,165,4,196,2,435,6722,294,44,330,310,3898,16,2532,991,6722,3898
BENNINGTONDORSET,104,0,1,404,5,5,2,15,2,93,4,55,1,104,1480,36,8,41,72,668,0,509,286,1480,668
BENNINGTONLANDGROVE,12,0,0,32,1,0,0,1,0,8,1,0,0,5,142,2,0,5,10,36,0,44,16,142,36
BENNINGTONMANCHESTER,221,0,1,719,8,15,11,57,2,161,1,97,0,160,2904,66,20,90,148,1412,8,941,512,2904,1412
BENNINGTONPERU,16,0,0,83,1,0,1,1,0,16,0,5,0,12,332,4,0,3,8,108,0,99,36,332,108
BENNINGTONPOWNAL,105,1,2,469,4,11,1,35,0,46,2,49,0,158,1522,58,16,87,94,1362,2,577,306,1522,1362
BENNINGTONREADSBORO,41,0,0,112,2,2,0,14,0,16,0,14,0,58,332,14,2,22,14,346,2,153,106,332,346
BENNINGTONRUPERT,28,0,0,130,5,4,1,10,0,13,0,14,0,37,426,12,2,14,28,276,0,158,84,426,276
BENNINGTONSANDGATE,11,0,0,66,0,2,0,9,0,5,1,11,1,25,198,14,0,7,12,190,2,77,54,198,190
BENNINGTONSEARSBURG,3,0,1,14,2,0,0,6,0,1,0,1,0,15,38,0,0,2,0,72,2,18,25,38,72
BENNINGTONSHAFTSBURY,122,0,3,596,6,16,6,54,2,82,0,71,0,159,1904,52,14,93,106,1322,2,721,396,1904,1322
BENNINGTONSTAMFORD,31,0,1,118,1,9,0,21,0,13,1,12,17,55,406,12,2,9,32,476,0,150,129,406,476
BENNINGTONSUNDERLAND,23,0,1,154,1,2,2,16,0,24,1,20,0,42,562,9,6,27,24,366,0,178,108,562,366
BENNINGTONWINHALL,44,1,0,159,3,3,3,8,0,31,1,25,0,39,598,14,4,29,30,316,2,204,113,598,316
BENNINGTONWOODFORD,10,0,0,76,0,0,0,2,0,3,0,3,1,19,188,2,0,8,12,132,2,86,28,188,132
CALEDONIABARNET,31,1,0,309,5,12,0,23,3,55,2,35,0,64,970,42,10,37,92,710,0,341,199,970,710
CALEDONIABURKE,37,0,0,280,1,8,0,12,0,58,1,30,1,74,762,26,2,50,68,672,2,317,185,762,672
CALEDONIADANVILLE,55,7,0,371,6,9,2,28,1,86,0,52,0,85,1290,44,8,79,100,988,2,433,269,1290,988
CALEDONIAGROTON,18,0,1,145,5,9,5,22,2,37,0,26,0,47,318,32,8,44,36,468,2,164,153,318,468
CALEDONIAHARDWICK,51,0,1,520,4,5,3,14,0,66,1,48,1,85,1302,98,10,102,84,1002,12,572,227,1302,1002
CALEDONIAKIRBY,14,0,0,100,0,5,1,7,0,14,1,24,1,12,250,16,0,22,12,192,0,114,65,250,192
CALEDONIALYNDON,53,0,1,573,10,33,1,45,4,135,1,100,0,127,1654,86,16,162,172,1766,6,627,456,1654,1766
CALEDONIANEWARK,8,0,1,86,0,6,0,9,0,9,0,8,0,28,260,26,0,24,32,232,0,95,60,260,232
CALEDONIAPEACHAM,24,0,0,166,4,3,1,10,1,40,1,22,0,24,582,22,6,18,50,226,2,190,106,582,226
CALEDONIARYEGATE,30,0,0,202,2,8,0,9,0,40,0,25,0,42,504,24,0,19,30,478,0,232,126,504,478
CALEDONIASAINT JOHNSBURY,140,0,2,1013,18,41,0,84,4,231,7,164,2,194,2938,128,32,164,250,2220,8,1155,745,2938,2220
CALEDONIASHEFFIELD,5,0,0,107,1,3,0,3,0,16,0,15,0,17,220,12,2,35,28,262,2,112,55,220,262
CALEDONIASTANNARD,1,0,0,47,0,0,0,0,0,5,1,0,0,5,116,2,2,12,10,44,0,48,11,116,44
CALEDONIASUTTON,12,0,0,140,0,1,3,4,0,20,1,17,0,42,336,22,6,0,48,440,0,152,88,336,440
CALEDONIAWALDEN,18,1,0,208,0,4,0,11,0,25,11,10,0,37,492,50,6,46,44,336,4,227,98,492,336
CALEDONIAWATERFORD,21,0,0,197,1,14,1,18,1,47,2,51,0,46,584,10,2,43,74,682,0,218,181,584,682
CALEDONIAWHEELOCK,9,0,0,134,1,6,1,13,0,26,1,22,0,19,312,26,2,28,26,350,2,143,89,312,350
CHITTENDENBOLTON,33,0,0,293,1,3,0,16,0,25,2,15,0,45,778,16,4,48,28,410,2,326,107,778,410
CHITTENDENBURLINGTON,1471,2,22,9105,31,45,7,154,10,643,12,391,2,527,29038,1378,53,964,824,4164,30,10600,1822,29038,4164
CHITTENDENCHARLOTTE,268,1,1,1002,8,7,3,36,2,220,3,86,1,122,3588,108,12,87,158,1024,4,1272,488,3588,1024
CHITTENDENCOLCHESTER,432,2,7,2695,24,49,9,165,3,567,9,315,3,488,8966,240,44,398,490,4850,18,3136,1632,8966,4850
CHITTENDENESSEX,550,2,8,3626,24,103,5,270,3,713,5,474,2,490,13506,310,62,595,836,6060,18,4186,2089,13506,6060
CHITTENDENHINESBURG,199,3,3,1087,7,6,1,49,4,187,1,87,0,106,3452,114,2,0,162,1246,4,1292,448,3452,1246
CHITTENDENHUNTINGTON,57,0,1,632,2,8,0,19,1,43,2,17,2,48,1592,70,20,101,88,464,0,690,142,1592,464
CHITTENDENJERICHO,205,0,1,1229,7,26,0,66,5,193,3,139,1,166,4034,108,18,168,202,1780,6,1435,606,4034,1780
CHITTENDENMILTON,196,2,9,1499,20,64,2,205,3,365,12,256,1,432,4520,140,38,359,298,4170,8,1706,1360,4520,4170
CHITTENDENRICHMOND,146,0,1,1125,8,26,4,46,3,128,4,109,1,120,3388,98,18,113,200,1030,10,1272,449,3388,1030
CHITTENDENSAINT GEORGE,14,0,0,112,0,1,0,3,0,28,0,11,0,15,400,12,2,29,14,220,2,126,58,400,220
CHITTENDENSHELBURNE,495,1,4,1639,26,30,4,83,7,410,3,202,1,194,6780,158,12,186,222,1882,3,2139,960,6780,1882
CHITTENDENSOUTH BURLINGTON,888,2,8,3671,39,38,12,163,5,695,14,367,3,423,14492,331,38,411,644,4118,5,4569,1759,14492,4118
CHITTENDENUNDERHILL,119,1,0,782,10,26,3,38,1,116,2,88,0,86,2476,52,4,104,110,1008,2,902,370,2476,1008
CHITTENDENWESTFORD,66,0,0,529,1,11,4,37,1,77,0,53,1,67,1392,44,10,88,116,742,10,595,252,1392,742
CHITTENDENWILLISTON,392,0,3,1859,15,41,3,101,1,441,4,281,1,276,7016,138,30,252,390,2962,4,2254,1164,7016,2962
CHITTENDENWINOOSKI,156,1,6,1359,2,12,3,37,0,95,0,74,0,114,4210,214,28,182,156,1072,14,1522,337,4210,1072
ESSEXBLOOMFIELD,6,0,0,42,0,1,0,3,0,7,0,5,0,23,60,12,2,0,16,104,2,48,39,60,104
ESSEXBRIGHTON,35,0,0,188,3,4,0,13,1,30,0,25,0,67,458,16,2,24,34,552,0,223,143,458,552
ESSEXBRUNSWICK,4,0,0,20,1,0,0,2,0,5,0,4,0,8,42,0,2,4,4,56,0,24,20,42,56
ESSEXCANAAN,21,0,0,132,0,5,0,12,1,32,1,22,1,25,358,4,6,0,24,414,0,153,99,358,414
ESSEXCONCORD,21,1,3,168,2,5,1,14,0,26,3,34,0,78,362,6,4,45,60,584,2,193,163,362,584
ESSEXEAST HAVEN,6,0,0,66,1,5,1,2,0,6,1,8,0,18,102,12,4,11,4,140,2,72,42,102,140
ESSEXGRANBY,2,0,0,13,2,0,0,0,0,0,0,7,0,6,24,6,0,3,2,44,0,15,15,24,44
ESSEXGUILDHALL,6,0,0,50,1,1,0,8,0,11,0,6,0,26,80,6,0,15,20,152,0,56,53,80,152
ESSEXLEMINGTON,4,0,0,20,0,0,0,1,0,5,0,1,0,8,36,2,0,2,12,56,0,24,15,36,56
ESSEXLUNENBURG,22,1,0,127,3,12,0,13,0,46,3,26,0,75,342,18,2,30,40,622,4,150,178,342,622
ESSEXMAIDSTONE,2,0,0,25,2,2,0,3,0,16,0,3,0,17,78,2,2,5,12,120,0,27,43,78,120
ESSEXNORTON,6,0,0,23,1,4,0,3,0,8,0,3,0,8,60,0,0,4,8,92,0,29,27,60,92
ESSEXVICTORY,6,0,0,16,0,1,0,1,0,3,0,6,0,16,36,2,0,5,6,76,0,22,27,36,76
FRANKLINBAKERSFIELD,22,0,0,243,1,4,0,19,0,25,1,7,2,34,590,20,8,48,44,418,2,265,93,590,418
FRANKLINBERKSHIRE,11,0,1,181,4,5,0,22,1,26,2,23,4,43,418,10,16,50,52,616,2,193,130,418,616
FRANKLINENOSBURGH,28,0,0,296,0,4,0,14,0,33,0,30,0,42,1004,44,16,166,114,858,12,324,123,1004,858
FRANKLINFAIRFAX,95,0,2,819,5,29,5,73,0,182,4,122,0,205,2126,84,12,166,226,1894,0,916,625,2126,1894
FRANKLINFAIRFIELD,47,1,1,330,2,6,2,14,0,63,1,25,0,51,978,24,0,45,82,676,2,379,164,978,676
FRANKLINFLETCHER,21,0,1,256,2,7,2,10,1,29,1,16,0,30,672,46,6,61,62,480,2,278,98,672,480
FRANKLINFRANKLIN,16,0,0,173,3,6,0,18,1,40,2,19,0,56,458,8,8,51,66,592,0,189,145,458,592
FRANKLINGEORGIA,68,0,1,734,3,31,3,78,1,163,2,124,2,205,2038,76,16,173,180,2046,6,803,612,2038,2046
FRANKLINHIGHGATE,52,0,0,360,6,9,1,29,2,64,3,65,1,142,948,22,14,132,84,1398,6,412,322,948,1398
FRANKLINMONTGOMERY,23,2,1,267,5,3,0,10,0,25,0,20,0,40,604,38,6,0,42,462,2,293,103,604,462
FRANKLINRICHFORD,31,1,2,258,2,6,1,8,0,27,1,25,0,70,648,30,6,71,42,776,0,292,140,648,776
FRANKLINSAINT ALBANS CITY,115,2,16,906,6,19,4,47,2,130,6,108,2,121,2574,86,24,194,240,1614,6,1039,445,2574,1614
FRANKLINSAINT ALBANS TOWN,140,1,4,890,15,35,7,79,0,188,6,161,2,306,2832,64,28,212,212,2536,6,1035,799,2832,2536
FRANKLINSHELDON,24,1,1,215,4,9,1,14,0,37,0,39,0,57,610,22,4,73,62,754,2,241,161,610,754
FRANKLINSWANTON,85,0,4,818,15,23,3,53,0,143,5,123,2,279,2202,66,12,214,164,2384,4,907,646,2202,2384
GRAND ISLEALBURGH,31,0,2,315,9,5,1,20,2,42,3,31,0,102,744,16,10,71,58,798,0,348,215,744,798
GRAND ISLEGRAND ISLE,68,1,2,426,2,12,2,25,1,91,4,44,1,112,1188,26,12,79,78,862,4,497,294,1188,862
GRAND ISLEISLE LA MOTTE,15,0,2,135,3,0,1,12,1,12,1,10,0,44,272,10,0,11,24,280,0,152,84,272,280
GRAND ISLENORTH HERO,37,0,1,216,5,7,0,13,0,52,0,29,0,53,640,12,0,53,30,432,2,254,159,640,432
GRAND ISLESOUTH HERO,82,0,2,437,5,5,1,30,0,93,1,39,1,61,1344,36,6,75,72,602,0,521,236,1344,602
LAMOILLEBELVIDERE,3,0,0,46,1,2,0,6,0,9,0,8,0,11,106,2,0,0,14,170,0,49,37,106,170
LAMOILLECAMBRIDGE,59,1,1,696,3,16,1,32,1,111,8,73,0,91,2134,82,12,165,178,1040,6,757,336,2134,1040
LAMOILLEEDEN,13,0,1,153,0,2,2,7,0,19,0,10,0,33,442,36,4,59,34,482,2,167,73,442,482
LAMOILLEELMORE,33,0,0,234,0,2,0,8,0,20,0,25,0,13,678,32,0,29,38,264,0,267,68,678,264
LAMOILLEHYDE PARK,57,0,0,534,5,7,1,20,0,76,1,53,2,91,1576,74,10,156,96,950,4,591,256,1576,950
LAMOILLEJOHNSON,35,0,1,460,1,11,3,18,0,42,0,47,0,51,1382,96,4,124,90,790,2,496,173,1382,790
LAMOILLEMORRISTOWN,103,1,1,1054,5,28,6,18,0,158,3,88,0,116,3100,178,18,191,162,1482,14,1159,422,3100,1482
LAMOILLESTOWE,242,0,1,871,11,12,3,23,3,254,1,99,1,126,3948,78,6,102,226,1118,0,1114,533,3948,1118
LAMOILLEWATERVILLE,6,0,0,117,1,5,0,11,0,18,1,15,0,18,322,20,2,36,28,292,2,123,69,322,292
LAMOILLEWOLCOTT,23,1,0,306,2,7,0,10,0,18,1,17,0,34,794,54,6,63,48,552,2,330,89,794,552
ORANGEBRADFORD,57,0,1,418,4,14,1,21,0,49,0,31,1,68,1248,46,4,67,84,818,4,476,189,1248,818
ORANGEBRAINTREE,18,0,0,221,1,7,1,14,0,30,0,19,0,23,578,18,2,49,42,434,0,239,95,578,434
ORANGEBROOKFIELD,36,0,1,275,0,6,2,13,0,40,2,28,2,43,756,52,20,59,68,462,0,312,136,756,462
ORANGECHELSEA,20,0,0,185,6,6,2,13,0,42,2,28,1,43,608,24,8,34,44,546,0,205,143,608,546
ORANGECORINTH,29,1,0,254,1,7,1,13,0,34,1,13,0,66,616,28,6,56,38,528,2,284,136,616,528
ORANGEFAIRLEE,20,0,0,261,1,3,1,4,0,26,1,17,1,30,700,22,10,26,34,298,0,281,84,700,298
ORANGENEWBURY,36,0,0,379,14,10,2,21,1,43,1,29,1,76,1056,42,8,67,56,806,4,415,198,1056,806
ORANGEORANGE,8,0,1,133,5,11,3,15,0,24,4,23,1,49,372,34,6,38,44,530,2,142,135,372,530
ORANGERANDOLPH,85,0,2,906,11,32,3,39,3,152,3,91,0,126,2320,134,22,170,156,1474,4,993,460,2320,1474
ORANGESTRAFFORD,42,0,1,321,2,2,0,9,0,44,0,6,1,21,1000,60,2,25,48,210,0,364,85,1000,210
ORANGETHETFORD,142,0,0,777,3,5,1,32,1,86,2,40,1,67,2290,68,4,73,90,648,2,919,238,2290,648
ORANGETOPSHAM,6,3,0,138,1,5,0,7,0,28,0,17,0,41,452,16,14,36,38,548,2,147,99,452,548
ORANGETUNBRIDGE,33,0,0,269,2,11,0,8,0,36,0,15,0,41,698,44,4,61,42,484,0,302,113,698,484
ORANGEVERSHIRE,17,1,0,159,2,0,0,7,1,22,0,7,0,22,378,36,4,25,20,236,0,177,61,378,236
ORANGEWASHINGTON,33,0,1,155,0,11,1,20,0,24,2,17,0,51,434,22,8,34,48,482,0,189,126,434,482
ORANGEWEST FAIRLEE,9,0,0,118,0,5,0,2,0,7,1,9,2,25,322,4,0,21,30,194,2,127,51,322,194
ORANGEWILLIAMSTOWN,55,0,2,433,14,20,4,34,2,92,4,59,3,130,1254,50,20,135,144,1316,2,490,362,1254,1316
ORLEANSALBANY,16,1,0,139,1,4,0,10,0,23,0,14,0,35,414,18,6,31,26,366,6,156,87,414,366
ORLEANSBARTON,25,0,0,318,2,10,5,18,0,63,1,48,1,78,1004,10,8,80,64,850,2,343,226,1004,850
ORLEANSBROWNINGTON,7,0,1,103,2,1,1,8,0,12,0,18,0,32,292,4,2,39,16,386,0,111,74,292,386
ORLEANSCHARLESTON,14,0,2,117,2,3,0,10,0,16,0,17,0,40,368,26,4,28,34,420,14,133,88,368,420
ORLEANSCOVENTRY,16,0,0,182,0,6,0,10,0,27,0,25,1,50,392,10,4,41,32,488,2,198,119,392,488
ORLEANSCRAFTSBURY,24,0,1,252,1,5,0,4,0,28,0,10,0,16,870,50,6,37,52,306,0,277,64,870,306
ORLEANSDERBY,118,1,3,613,9,45,4,39,1,153,4,123,1,205,1770,72,6,122,164,2008,0,735,584,1770,2008
ORLEANSGLOVER,22,0,0,200,2,8,0,8,0,22,1,17,0,24,580,30,4,43,62,386,0,222,82,580,386
ORLEANSGREENSBORO,31,0,0,143,1,6,0,1,0,27,1,12,0,17,542,22,2,31,24,192,0,174,65,542,192
ORLEANSHOLLAND,8,0,0,88,0,2,0,9,0,19,1,10,0,37,162,4,2,31,20,350,0,96,78,162,350
ORLEANSIRASBURG,17,0,0,139,2,10,2,10,0,38,0,23,0,42,388,4,0,39,54,568,0,156,127,388,568
ORLEANSJAY,10,0,1,66,0,2,0,6,0,7,1,11,0,17,226,6,2,17,12,202,0,77,44,226,202
ORLEANSLOWELL,10,1,2,124,0,7,2,9,0,20,1,19,1,55,246,8,6,34,22,500,4,137,114,246,500
ORLEANSMORGAN,16,0,2,64,1,6,1,6,0,30,0,21,0,40,202,4,2,19,20,394,0,82,105,202,394
ORLEANSNEWPORT CITY,84,0,2,477,4,25,0,33,0,100,3,71,0,125,1442,38,8,0,68,1228,2,563,361,1442,1228
ORLEANSNEWPORT TOWN,19,0,0,159,1,6,0,8,0,53,1,22,0,49,512,32,6,54,62,676,6,178,140,512,676
ORLEANSTROY,23,0,0,186,2,9,0,11,0,25,1,19,0,42,486,20,8,81,38,566,0,209,109,486,566
ORLEANSWESTFIELD,8,0,1,104,0,5,0,5,0,17,0,24,0,19,268,22,2,24,12,246,0,113,70,268,246
ORLEANSWESTMORE,4,0,0,66,1,0,0,2,0,15,1,10,0,14,206,8,2,7,14,186,0,70,43,206,186
RUTLANDBENSON,19,0,0,159,2,3,2,16,0,23,1,17,0,53,432,20,6,19,46,464,4,178,117,432,464
RUTLANDBRANDON,103,0,4,668,11,18,0,47,3,151,5,101,2,135,1848,66,16,100,98,1446,4,775,473,1848,1446
RUTLANDCASTLETON,103,0,4,546,11,17,1,38,2,184,4,97,1,225,1590,44,12,94,78,1616,6,653,580,1590,1616
RUTLANDCHITTENDEN,27,0,0,254,1,6,1,20,0,98,0,36,0,65,704,22,4,35,42,624,0,281,227,704,624
RUTLANDCLARENDON,37,0,0,317,8,18,6,32,1,109,5,86,1,166,940,22,4,76,70,1282,0,354,432,940,1282
RUTLANDDANBY,38,1,0,223,5,2,0,19,0,45,0,30,0,84,504,30,8,32,78,582,10,262,185,504,582
RUTLANDFAIR HAVEN,42,0,0,358,8,11,4,20,2,74,2,60,0,111,956,34,10,79,46,1058,2,400,292,956,1058
RUTLANDHUBBARDTON,23,0,2,113,0,7,0,8,1,34,1,14,2,30,376,12,6,12,24,326,4,138,97,376,326
RUTLANDIRA,8,0,1,68,3,4,0,9,1,13,1,10,0,17,204,38,2,8,16,206,0,77,58,204,206
RUTLANDKILLINGTON,55,0,0,215,4,6,0,9,1,58,0,35,0,86,714,20,4,28,58,464,0,270,199,714,464
RUTLANDMENDON,37,0,2,158,5,0,1,9,0,60,1,42,0,68,604,20,6,20,52,536,0,197,186,604,536
RUTLANDMIDDLETOWN SPRINGS,29,0,2,208,4,9,0,13,1,43,2,26,1,39,466,36,14,0,16,358,2,239,138,466,358
RUTLANDMOUNT HOLLY,54,0,0,234,3,11,2,19,0,30,1,28,0,83,674,30,8,55,50,650,0,288,177,674,650
RUTLANDMOUNT TABOR,2,0,1,31,0,1,0,1,0,3,0,6,0,9,90,0,0,2,10,84,0,34,20,90,84
RUTLANDPAWLET,31,1,0,285,0,6,0,17,2,48,1,33,1,69,736,18,6,36,46,622,2,317,177,736,622
RUTLANDPITTSFIELD,10,0,0,107,0,0,0,2,2,25,0,13,3,27,294,10,0,17,16,228,0,117,72,294,228
RUTLANDPITTSFORD,68,0,0,381,9,12,0,33,1,118,0,78,1,147,1336,38,4,72,130,1338,6,449,399,1336,1338
RUTLANDPOULTNEY,78,1,0,449,3,10,1,31,2,75,2,68,1,137,1304,74,12,83,98,1198,8,528,330,1304,1198
RUTLANDPROCTOR,27,0,2,329,4,7,1,20,0,73,0,57,7,83,770,24,16,55,68,678,2,358,252,770,678
RUTLANDRUTLAND CITY,430,3,6,2318,29,51,10,134,4,619,15,336,6,678,6990,194,42,412,418,5468,12,2757,1882,6990,5468
RUTLANDRUTLAND TOWN,159,0,2,622,12,26,4,53,2,279,2,139,5,263,2128,38,16,98,176,1958,2,783,785,2128,1958
RUTLANDSHREWSBURY,34,0,3,210,1,4,2,15,0,43,0,33,2,65,650,18,2,28,32,538,4,247,165,650,538
RUTLANDSUDBURY,16,1,0,107,0,2,0,11,1,11,0,7,0,23,326,6,4,13,24,244,0,124,55,326,244
RUTLANDTINMOUTH,20,0,0,136,0,5,0,9,0,22,0,21,0,39,278,6,0,15,30,246,0,156,96,278,246
RUTLANDWALLINGFORD,51,0,4,361,5,10,3,19,1,79,2,44,0,103,1058,44,8,47,70,926,2,416,266,1058,926
RUTLANDWELLS,26,0,0,161,2,3,1,14,0,35,3,23,1,81,418,12,4,22,34,624,0,187,163,418,624
RUTLANDWEST HAVEN,5,0,0,53,1,0,0,6,0,12,0,3,1,19,112,14,2,13,0,112,0,58,42,112,112
RUTLANDWEST RUTLAND,52,2,0,283,3,15,2,24,2,70,2,36,0,124,768,20,8,53,66,1082,2,337,278,768,1082
WASHINGTONBARRE CITY,141,0,3,1058,18,25,2,91,4,216,4,143,3,235,3306,132,42,232,218,2182,4,1202,741,3306,2182
WASHINGTONBARRE TOWN,149,0,3,1087,19,33,7,85,1,365,3,252,1,378,3520,110,44,258,278,3724,12,1239,1144,3520,3724
WASHINGTONBERLIN,53,0,0,469,6,13,0,35,0,88,1,46,0,99,1316,62,14,128,102,908,2,522,288,1316,908
WASHINGTONCABOT,36,0,2,320,2,13,0,28,0,50,3,39,1,44,788,64,8,64,74,504,0,358,180,788,504
WASHINGTONCALAIS,44,0,0,491,2,3,2,7,0,61,0,22,0,36,1376,84,6,58,42,390,2,535,133,1376,390
WASHINGTONDUXBURY,27,0,0,346,0,8,1,10,1,41,3,36,0,38,868,36,12,82,76,392,4,373,138,868,392
WASHINGTONEAST MONTPELIER,108,0,5,732,3,8,1,15,1,113,1,51,1,80,2064,124,4,100,82,712,2,845,274,2064,712
WASHINGTONFAYSTON,42,0,0,283,2,2,0,6,0,45,0,14,0,22,1172,46,2,42,42,284,0,325,91,1172,284
WASHINGTONMARSHFIELD,17,1,0,324,3,12,0,17,1,34,2,43,0,40,834,102,8,71,54,568,0,342,152,834,568
WASHINGTONMIDDLESEX,68,0,0,511,5,5,0,18,1,56,2,28,0,32,1438,94,10,67,62,456,2,579,147,1438,456
WASHINGTONMONTPELIER,477,2,5,2402,11,20,4,33,0,248,6,105,1,117,7396,416,14,228,196,984,8,2886,545,7396,984
WASHINGTONMORETOWN,43,1,1,416,7,2,0,15,1,69,0,32,1,38,1298,44,6,76,84,432,0,461,165,1298,432
WASHINGTONNORTHFIELD,128,1,1,736,5,19,1,43,0,178,1,112,0,174,2226,98,20,130,210,1416,4,866,533,2226,1416
WASHINGTONPLAINFIELD,28,0,0,312,2,3,2,8,0,32,0,13,0,26,848,84,6,53,32,258,4,340,86,848,258
WASHINGTONROXBURY,14,0,0,173,2,2,0,5,1,19,1,7,1,22,372,28,2,28,42,236,0,187,60,372,236
WASHINGTONWAITSFIELD,69,0,2,499,4,7,0,7,0,68,5,34,0,66,1502,70,12,74,58,420,0,570,191,1502,420
WASHINGTONWARREN,64,1,0,438,2,5,0,13,1,47,1,19,0,33,1504,50,8,62,90,364,0,503,121,1504,364
WASHINGTONWATERBURY,174,0,4,1220,1,11,2,27,4,156,0,90,0,101,4070,88,32,231,182,1184,2,1398,392,4070,1184
WASHINGTONWOODBURY,11,0,0,185,1,3,0,12,0,15,1,13,1,18,542,36,6,44,36,338,4,196,64,542,338
WASHINGTONWORCESTER,24,0,0,311,5,1,1,5,0,27,2,15,0,16,748,54,6,48,38,234,2,335,72,748,234
WINDHAMATHENS,5,0,0,57,1,3,0,5,0,16,0,4,0,13,138,16,2,0,12,122,0,62,42,138,122
WINDHAMBRATTLEBORO,422,1,3,2916,18,23,2,49,4,150,3,84,4,183,8694,472,18,344,158,1718,11,3342,520,8694,1718
WINDHAMBROOKLINE,15,0,1,129,0,3,0,1,0,8,1,15,0,11,338,12,10,23,24,136,2,145,39,338,136
WINDHAMDOVER,34,0,0,244,5,10,4,14,0,39,3,36,2,64,818,28,6,42,48,558,6,278,177,818,558
WINDHAMDUMMERSTON,76,0,1,549,7,18,1,12,1,46,1,34,0,53,1594,54,4,60,62,426,8,626,173,1594,426
WINDHAMGRAFTON,26,0,0,169,6,3,0,10,0,28,3,19,1,42,420,12,2,24,28,262,0,195,112,420,262
WINDHAMGUILFORD,57,0,3,565,1,5,0,14,0,32,1,27,0,51,1438,88,2,72,58,548,4,625,131,1438,548
WINDHAMHALIFAX,26,0,0,189,4,8,1,14,0,17,0,22,0,52,404,24,2,23,20,366,0,215,118,404,366
WINDHAMJAMAICA,43,0,0,178,0,5,0,5,0,20,1,10,0,22,622,22,4,23,48,264,6,221,63,622,264
WINDHAMLONDONDERRY,54,0,0,274,0,5,1,10,0,43,0,34,0,64,1034,54,6,48,60,606,4,328,157,1034,606
WINDHAMMARLBORO,42,0,1,305,1,4,2,4,0,20,2,14,0,9,864,42,2,19,10,180,2,348,56,864,180
WINDHAMNEWFANE,67,0,2,448,3,6,2,8,1,34,1,15,0,58,1304,84,2,68,28,418,0,517,128,1304,418
WINDHAMPUTNEY,80,0,1,734,4,9,1,8,0,28,0,29,0,45,1984,80,0,63,64,350,2,815,124,1984,350
WINDHAMROCKINGHAM,134,2,2,1020,9,15,3,33,0,90,5,44,0,141,2630,92,18,118,150,1152,2,1158,340,2630,1152
WINDHAMSTRATTON,7,0,0,32,1,1,1,3,0,10,0,6,1,17,130,0,2,5,4,100,2,39,40,130,100
WINDHAMTOWNSHEND,39,0,2,248,4,10,3,13,1,20,2,26,0,31,824,20,6,54,34,348,0,289,110,824,348
WINDHAMVERNON,62,1,1,393,15,54,1,56,3,67,2,84,0,150,984,22,6,50,100,972,0,457,432,984,972
WINDHAMWARDSBORO,16,0,0,134,0,1,1,5,0,19,0,15,0,29,398,22,2,25,24,274,0,150,70,398,274
WINDHAMWESTMINSTER,102,0,1,857,9,5,3,19,1,54,1,43,0,91,2002,122,10,82,64,704,0,960,226,2002,704
WINDHAMWHITINGHAM,24,0,1,164,5,12,0,8,0,29,2,23,1,52,566,20,8,30,44,570,2,189,132,566,570
WINDHAMWILMINGTON,70,0,0,370,6,5,0,23,1,64,1,29,1,84,1182,52,4,44,72,676,4,440,214,1182,676
WINDHAMWINDHAM,15,0,0,110,0,0,0,0,0,9,0,4,0,12,312,16,6,16,20,158,2,125,25,312,158
WINDSORANDOVER,14,0,1,100,0,6,0,13,0,13,5,10,3,27,332,8,2,17,16,250,2,115,77,332,250
WINDSORBALTIMORE,1,0,0,43,0,2,1,3,0,6,1,5,0,14,100,4,4,2,18,120,0,44,32,100,120
WINDSORBARNARD,46,0,0,214,4,8,1,5,1,41,0,18,0,38,678,22,4,25,26,348,0,260,116,678,348
WINDSORBETHEL,43,0,0,376,0,8,2,19,2,44,0,17,0,57,1086,72,4,73,66,598,0,419,149,1086,598
WINDSORBRIDGEWATER,24,0,0,165,4,8,1,8,0,30,0,15,0,38,560,26,32,32,22,320,4,189,104,560,320
WINDSORCAVENDISH,29,1,1,250,4,6,1,17,1,36,2,21,0,57,612,38,10,62,40,524,0,281,145,612,524
WINDSORCHESTER,78,0,0,592,8,13,1,40,4,82,2,73,0,105,1654,68,6,94,94,1024,2,670,328,1654,1024
WINDSORHARTFORD,386,2,3,1902,27,52,10,95,5,327,3,185,1,326,6380,186,44,280,348,2606,12,2293,1031,6380,2606
WINDSORHARTLAND,138,0,1,798,2,11,1,37,3,106,3,58,0,124,2316,76,6,92,104,1116,2,937,345,2316,1116
WINDSORLUDLOW,80,0,1,369,3,15,1,25,1,67,2,55,1,93,1076,46,14,74,56,806,4,450,263,1076,806
WINDSORNORWICH,405,0,2,1020,5,3,1,12,1,110,0,38,0,46,3964,66,2,48,72,382,2,1427,216,3964,382
WINDSORPLYMOUTH,27,0,0,114,2,6,0,6,2,20,0,8,0,39,346,18,2,16,26,250,0,141,83,346,250
WINDSORPOMFRET,55,0,0,235,4,3,1,3,1,43,0,16,0,19,790,14,0,29,42,260,2,290,90,790,260
WINDSORREADING,28,0,0,163,1,2,0,2,0,22,0,6,0,35,462,14,0,15,22,216,0,191,68,462,216
WINDSORROCHESTER,28,0,1,294,1,7,0,1,0,45,3,19,1,25,786,34,2,50,34,324,0,323,102,786,324
WINDSORROYALTON,77,0,0,502,3,9,3,18,2,66,2,39,1,70,1396,62,8,112,92,812,6,579,213,1396,812
WINDSORSHARON,38,0,0,330,6,3,0,11,1,37,1,21,2,46,856,50,6,60,30,434,0,368,128,856,434
WINDSORSPRINGFIELD,213,2,3,1366,12,53,4,82,6,225,2,146,4,394,3746,170,36,276,288,3020,4,1584,928,3746,3020
WINDSORSTOCKBRIDGE,22,0,0,132,2,1,0,7,0,36,1,10,0,19,444,26,12,33,14,280,0,154,76,444,280
WINDSORWEATHERSFIELD,78,0,0,538,10,15,4,46,2,101,3,50,0,183,1490,52,16,86,102,1294,2,616,414,1490,1294
WINDSORWEST WINDSOR,53,0,0,269,3,6,0,13,0,59,0,26,0,39,938,12,4,0,54,346,0,322,146,938,346
WINDSORWESTON,26,0,0,155,0,4,0,6,0,32,0,9,0,17,534,10,2,17,16,212,0,181,68,534,212
WINDSORWINDSOR,108,1,2,709,7,11,1,32,4,64,3,62,0,104,1928,88,6,92,184,924,4,820,288,1928,924
WINDSORWOODSTOCK,200,0,0,709,8,8,4,19,3,130,6,67,1,90,2638,62,10,73,96,744,4,909,336,2638,744
