Precinct,gen_aip_HOEFLING,gen_asp_MATUREN,gen_con_CASTLE,gen_dem_CLINTON,gen_gre_STEIN,gen_ind_KOTLIKOFF,gen_ind_MCMULLIN,gen_lib_JOHNSON,gen_pro_HEDGES,gen_psl_LARIVA,gen_ref_FUENTE,gen_rep_TRUMP,gen_sep_WHITE,gen_soc_SOLTYSIK,pri_dem_CLINTON,pri_dem_FUENTE,pri_dem_SANDERS,pri_rep_BUSH,pri_rep_CARSON,pri_rep_CHRISTIE,pri_rep_CRUZ,pri_rep_FIORINA,pri_rep_HUCKABEE,pri_rep_KASICH,pri_rep_PAUL,pri_rep_RUBIO,pri_rep_SANTORUM,pri_rep_TRUMP,gen_total,rep_pri_total,dem_pri_total
001-000,0,0,1,544,28,0,8,73,0,0,0,1916,0,0,412,0,374,16,22,2,416,0,8,308,2,18,0,1330,2570,2122,786
001-001,2,1,7,9923,312,0,101,914,0,0,0,13165,0,0,8128,76,5258,64,252,46,2816,26,24,2724,64,86,10,8704,24425,14816,13462
001-002,0,4,3,6231,209,0,69,571,0,0,0,7008,0,0,4678,38,3694,32,74,12,1584,6,12,1444,22,60,6,4350,14095,7602,8410
001-003,0,0,3,6365,192,2,67,483,0,0,0,4859,0,0,5028,34,3310,24,70,16,1128,10,10,1158,12,36,4,2802,11971,5270,8372
001-004,0,1,0,5297,154,0,50,406,0,0,1,4235,0,0,4512,42,2880,24,66,12,834,14,6,1082,20,18,2,2614,10144,4692,7434
001-005,0,0,4,4909,154,0,34,404,0,0,0,3819,0,0,4378,52,2754,30,50,12,868,6,2,1004,20,50,6,2350,9324,4398,7184
001-006,0,1,2,4343,101,0,29,251,0,0,0,2229,0,0,3814,20,2062,12,54,4,478,6,4,430,10,24,4,1122,6956,2148,5896
001-007,0,0,1,2301,73,1,22,223,0,0,0,2563,0,0,1960,34,1266,28,36,8,494,8,10,556,6,20,6,1606,5184,2778,3260
001-008,0,4,1,2388,93,1,30,256,0,0,0,2704,0,0,1644,24,1856,12,40,14,524,8,6,678,8,24,6,1668,5477,2988,3524
001-009,1,0,2,1676,61,1,17,181,0,0,0,1888,0,0,1308,12,1092,12,36,2,332,6,4,368,2,12,2,1146,3827,1922,2412
001-010,0,1,3,1940,72,1,31,205,0,0,0,1936,0,0,1628,20,1386,8,28,4,384,2,2,536,2,18,4,1280,4189,2268,3034
001-011,0,4,3,1440,59,0,22,194,0,0,0,2231,0,0,1082,32,1152,6,34,8,398,0,0,682,8,18,8,1412,3953,2574,2266
001-012,0,3,1,2005,76,0,24,213,0,0,0,1942,0,0,1518,28,1326,8,48,6,482,8,0,676,6,18,8,1240,4264,2500,2872
001-013,0,3,1,1372,46,0,11,134,0,0,1,1393,0,0,1056,16,1104,2,24,0,276,0,0,420,16,14,0,796,2961,1548,2176
001-014,0,0,3,1605,66,0,23,174,0,1,0,2513,0,0,1360,24,1220,14,50,10,506,4,4,904,8,14,2,1526,4385,3042,2604
001-015,0,3,1,2253,90,0,19,243,0,0,0,2037,0,0,1618,10,1454,10,20,4,368,4,2,436,6,16,0,1140,4646,2006,3082
001-016,0,0,1,1699,48,0,12,146,0,0,0,1780,0,0,1460,20,1000,22,44,12,314,6,10,506,6,14,0,1028,3686,1962,2480
001-017,0,0,0,1749,45,0,7,62,0,0,0,671,0,0,1536,4,918,6,4,2,94,4,0,98,4,2,2,390,2534,606,2458
001-018,0,0,2,1045,36,0,7,64,0,0,0,1084,0,0,838,4,466,4,20,4,162,4,0,162,2,2,0,612,2238,972,1308
001-019,0,0,0,1086,26,0,10,73,0,0,0,570,0,0,1028,8,498,14,18,4,126,6,2,98,0,0,0,294,1765,562,1534
001-020,0,1,2,1348,34,0,9,108,0,0,0,974,0,0,1158,4,672,12,12,10,232,4,2,240,4,6,2,570,2476,1094,1834
001-021,0,0,0,1270,38,0,5,84,0,0,0,602,0,0,748,6,576,0,10,0,132,2,2,150,2,4,0,292,1999,594,1330
001-022,0,0,2,1096,32,0,9,93,0,0,0,554,0,0,688,4,428,0,2,2,86,0,4,150,2,2,2,308,1786,558,1120
001-023,0,0,0,214,4,0,2,11,0,0,0,186,0,0,118,0,100,0,0,0,34,2,0,34,0,0,0,88,417,158,218
001-024,0,0,0,463,11,0,1,43,0,0,0,345,0,0,392,4,218,2,10,0,74,0,2,70,0,4,0,188,863,350,614
001-025,0,0,1,242,11,0,3,21,0,1,0,319,0,0,168,0,94,2,4,0,68,0,0,70,0,0,0,166,598,310,262
001-026,0,0,0,1263,37,0,6,59,0,0,0,531,0,0,804,0,442,2,8,2,102,2,2,78,2,4,0,312,1896,514,1246
001-027,0,0,0,224,10,0,2,21,0,0,0,418,0,0,150,0,110,0,2,2,80,4,2,108,2,2,0,298,675,500,260
001-041,0,0,0,325,24,0,2,30,0,0,0,461,0,0,318,12,224,6,8,2,56,2,2,70,0,2,2,292,842,442,554
001-045,0,0,0,366,20,0,1,46,0,0,0,828,0,0,314,12,260,6,6,2,134,0,2,132,4,2,0,676,1261,964,586
002-000,0,0,0,545,39,0,14,83,0,0,0,2096,0,0,434,6,384,12,58,10,494,2,8,232,4,16,4,1370,2777,2210,824
002-001,0,2,7,7764,196,0,60,669,0,0,0,9805,0,0,6066,64,4080,52,130,20,1882,18,18,1926,32,64,4,6464,18503,10610,10210
002-002,0,3,2,6239,168,0,36,504,0,0,0,5812,0,0,5218,50,3534,36,96,12,1184,14,16,1408,14,30,10,3604,12764,6424,8802
002-003,1,4,5,5573,184,0,61,401,0,0,0,3942,0,0,4484,36,3366,14,42,22,912,12,12,1236,20,36,2,2518,10171,4826,7886
002-004,0,0,4,5542,126,0,33,320,0,0,0,2900,0,0,4372,20,2340,30,38,6,726,10,12,640,16,22,4,1522,8925,3026,6732
002-005,0,0,1,4702,136,0,32,312,0,0,0,2825,0,0,4000,22,2562,32,48,10,716,14,6,872,16,24,8,1650,8008,3396,6584
002-006,1,2,1,4787,122,0,20,261,0,0,0,2596,0,0,3898,14,1878,20,34,6,620,4,6,622,22,28,10,1426,7790,2798,5790
002-007,0,1,2,3547,100,0,56,263,0,0,0,2607,0,0,3010,24,2004,14,32,10,676,16,12,782,20,26,2,1618,6576,3208,5038
002-008,0,0,1,5059,123,0,28,307,0,0,0,3058,0,0,4138,22,2362,16,32,16,752,4,18,678,4,40,4,1886,8576,3450,6522
002-009,0,0,0,3106,53,0,6,85,0,0,0,759,0,0,2460,6,1092,8,10,0,176,0,0,206,0,10,4,456,4009,870,3558
002-010,0,0,1,4457,98,0,28,241,0,0,0,2257,0,0,3918,26,1908,20,50,4,522,8,6,578,2,18,0,1322,7082,2530,5852
002-011,0,2,0,3626,112,1,24,209,0,0,0,2041,0,0,2990,14,1850,8,24,2,516,6,8,690,16,8,2,1264,6015,2544,4854
002-012,0,0,1,1615,60,0,9,93,0,0,0,829,0,0,1678,6,938,6,12,0,200,0,0,266,2,10,0,514,2607,1010,2622
002-013,0,0,3,2230,62,0,13,117,0,0,0,989,0,0,2042,12,1090,10,22,0,258,2,6,304,10,6,0,522,3414,1140,3144
002-014,0,0,2,3018,69,0,16,141,0,0,0,1023,0,0,2550,4,1332,4,16,8,226,4,4,274,0,6,0,520,4269,1062,3886
002-015,0,0,2,3385,89,0,26,208,0,0,0,1920,0,0,2976,14,1624,22,28,8,554,6,4,650,10,22,2,1166,5630,2472,4614
002-016,0,0,2,1773,41,0,9,117,0,0,0,1109,0,0,1468,4,992,6,14,0,264,6,4,300,8,8,0,612,3051,1222,2464
002-017,0,0,0,2163,51,1,6,82,0,0,0,592,0,0,1670,2,966,12,26,0,142,0,4,156,4,6,2,218,2895,570,2638
002-018,0,1,0,1687,45,0,24,145,0,0,0,1132,0,0,1256,12,882,10,14,0,312,4,4,488,4,22,4,656,3034,1518,2150
002-019,0,1,2,1255,49,0,17,116,0,0,0,1047,0,0,894,16,574,12,14,0,222,2,4,260,12,2,2,592,2487,1122,1484
002-020,0,0,0,823,33,0,5,64,0,0,0,687,0,0,764,2,460,6,8,4,148,0,4,186,0,6,0,398,1612,760,1226
002-021,0,0,3,725,24,0,11,83,0,0,0,1282,0,0,610,10,496,6,22,0,248,0,0,286,0,10,0,798,2128,1370,1116
002-022,0,0,0,389,21,0,2,42,0,0,0,812,0,0,246,2,258,0,16,0,68,0,0,74,0,4,2,426,1266,590,506
002-023,0,0,0,972,38,0,15,112,0,1,0,732,0,0,804,8,472,8,10,2,144,0,2,160,4,2,2,376,1870,710,1284
002-024,0,0,0,1393,40,0,18,72,0,0,0,755,0,0,1278,10,686,6,12,8,216,4,0,244,4,6,2,416,2278,918,1974
002-025,0,0,0,635,9,0,5,33,0,0,0,314,0,0,742,2,268,2,4,0,82,2,2,160,2,2,2,206,996,464,1012
002-026,0,0,0,963,32,0,8,69,0,0,0,385,0,0,916,10,518,2,6,0,94,2,0,210,4,6,0,268,1457,592,1444
002-027,0,0,0,667,15,0,0,17,0,0,0,94,0,0,804,0,332,0,0,0,34,0,2,18,2,0,0,34,793,90,1136
002-028,0,0,0,97,3,0,0,1,0,0,0,2,0,0,76,0,38,0,0,0,0,0,0,0,0,0,0,2,103,2,114
002-029,0,0,0,789,18,0,2,12,0,0,0,115,0,0,794,0,374,2,0,0,14,0,0,28,0,0,0,64,936,108,1168
002-030,0,0,0,76,1,0,0,4,0,0,0,58,0,0,104,0,52,0,0,0,20,0,0,12,0,0,2,24,139,58,156
002-031,0,0,0,642,15,0,1,8,0,0,0,73,0,0,798,6,276,0,4,0,40,0,0,6,0,0,0,18,739,68,1080
002-096,0,0,0,0,0,0,0,0,0,0,0,0,0,0,0,0,0,0,0,0,0,0,0,0,0,0,0,0,0,0,0
002-097,0,0,0,0,0,0,0,0,0,0,0,0,0,0,0,0,0,0,0,0,0,0,0,0,0,0,0,0,0,0,0
002-098,0,0,0,0,0,0,0,0,0,0,0,0,0,0,0,0,0,0,0,0,0,0,0,0,0,0,0,0,0,0,0
002-099,0,0,0,0,0,0,0,0,0,0,0,0,0,0,0,0,0,0,0,0,0,0,0,0,0,0,0,0,0,0,0
003-000,0,0,0,55,4,0,0,5,0,0,0,370,0,0,24,4,52,0,0,0,58,0,0,52,0,2,0,226,434,338,80
003-001,0,3,10,7844,244,0,79,785,0,0,0,11953,0,0,6192,74,4434,78,184,34,2326,24,34,2396,56,92,18,8330,20918,13572,10700
003-002,0,1,2,5962,199,0,59,528,1,0,0,7986,0,0,5434,66,3432,48,116,28,1630,14,26,1868,32,52,16,5462,14738,9292,8932
003-003,0,4,5,5747,186,1,43,528,0,0,0,6858,0,0,5332,44,3390,60,106,26,1452,18,8,1728,26,36,4,4476,13372,7940,8766
003-004,0,1,3,2808,85,0,30,272,0,1,0,3570,0,0,2466,16,1562,26,54,4,654,6,6,602,20,10,0,2090,6770,3472,4044
003-005,0,4,5,3435,108,0,36,359,0,0,0,4532,0,0,3274,36,1996,26,92,14,822,8,8,1056,22,38,8,2964,8479,5058,5306
003-006,0,1,1,4139,116,0,49,416,0,0,0,5360,0,0,3920,62,2306,30,68,4,1110,10,6,1316,14,26,4,3416,10082,6004,6288
003-007,0,0,3,2305,56,0,46,285,0,0,0,3869,0,0,2152,42,1492,10,46,2,874,10,10,754,20,24,0,2164,6564,3914,3686
003-008,0,0,1,2459,76,0,12,235,0,0,0,2999,0,0,2092,20,1372,6,40,4,506,0,4,590,14,12,4,1758,5782,2938,3484
003-009,0,1,1,1641,46,0,19,180,0,0,0,2046,0,0,1448,18,1132,14,30,8,322,6,2,494,10,22,0,1356,3934,2264,2598
003-010,0,0,0,1391,47,0,5,154,0,0,0,1978,0,0,1636,16,996,2,22,6,326,2,0,496,4,16,2,1292,3575,2168,2648
003-011,0,0,0,1337,38,0,9,121,0,0,0,1893,0,0,1368,18,866,6,10,4,268,4,0,502,10,8,6,1162,3398,1980,2252
003-012,0,0,0,1197,43,0,11,123,0,0,0,1681,0,0,898,20,830,10,30,4,240,2,0,334,4,8,0,1016,3055,1648,1748
003-013,0,0,0,1056,54,0,11,135,0,0,0,2226,0,0,944,20,894,4,22,4,348,2,0,624,14,12,0,1548,3482,2578,1858
003-014,0,0,1,660,23,0,6,87,0,0,0,1460,0,0,672,12,510,6,14,4,172,2,4,258,10,18,0,900,2237,1388,1194
003-015,0,0,2,464,25,0,3,84,0,0,0,1257,0,0,336,12,346,2,16,0,196,0,2,274,10,16,2,876,1835,1394,694
003-016,0,1,0,575,27,0,13,78,0,0,0,1299,0,0,398,14,426,2,18,6,228,6,0,264,6,10,0,810,1993,1350,838
003-017,0,0,0,449,26,0,13,82,0,0,0,1533,0,0,398,14,422,8,28,4,230,0,2,382,6,6,0,1130,2103,1796,834
003-018,0,0,0,633,21,0,9,94,0,0,0,1516,0,0,368,6,376,2,16,2,258,2,8,340,4,6,0,904,2273,1542,750
003-019,0,0,0,595,25,0,11,106,0,0,0,1729,0,0,412,4,426,10,18,2,258,0,2,408,2,14,0,1242,2466,1956,842
003-020,0,0,1,424,34,0,7,81,0,0,0,1573,0,0,390,12,320,6,28,4,260,4,2,290,8,2,0,1088,2120,1692,722
003-021,2,0,0,809,20,0,12,139,0,0,0,1610,0,0,376,6,494,8,22,2,248,0,6,372,6,20,4,1058,2592,1746,876
003-022,0,1,0,686,21,0,22,109,0,0,0,1534,0,0,450,10,384,8,16,10,254,2,2,410,8,14,0,1058,2373,1782,844
003-023,0,0,1,680,28,0,12,85,0,0,0,1409,0,0,548,2,494,10,18,4,274,0,0,364,6,10,0,832,2215,1518,1044
003-024,0,0,0,577,25,0,6,105,0,0,0,1548,0,0,412,16,398,0,26,0,224,0,6,288,2,16,0,992,2261,1554,826
003-025,0,0,0,405,12,0,1,25,0,0,0,335,0,0,310,0,166,0,10,0,36,0,0,42,2,6,0,158,778,254,476
003-026,0,0,0,80,2,0,3,14,0,0,0,300,0,0,68,2,44,0,6,2,50,0,2,86,0,2,0,226,399,374,114
003-027,0,0,0,43,2,0,0,8,0,0,0,121,0,0,30,0,56,0,4,0,10,2,0,26,0,2,0,100,174,144,86
004-000,0,1,1,203,13,0,6,29,0,0,0,1337,0,0,206,12,208,14,22,4,320,6,8,132,8,6,0,1068,1590,1588,426
004-001,0,4,6,7419,271,0,73,758,0,0,0,12281,0,0,5776,58,4462,64,166,28,2430,18,22,2440,42,62,10,8258,20812,13540,10296
004-002,0,3,5,5511,204,0,47,596,0,0,0,6928,0,0,4242,60,3354,36,88,14,1418,14,12,1776,38,58,6,4856,13294,8316,7656
004-003,0,3,1,4388,171,2,43,515,0,0,0,7895,0,0,4188,56,2886,42,120,14,1522,18,16,1686,44,40,8,5842,13018,9352,7130
004-004,1,3,2,2949,105,0,34,285,0,1,0,3997,0,0,2660,12,1924,20,58,12,854,8,14,1080,12,24,2,2750,7377,4834,4596
004-005,0,0,6,2311,96,0,23,202,0,0,0,2825,0,0,1640,12,1484,14,40,4,594,6,6,728,14,16,2,1876,5463,3300,3136
004-006,0,2,4,3165,124,0,31,220,0,0,0,2937,0,0,2296,26,1692,20,46,6,642,8,6,842,4,18,0,2114,6483,3706,4014
004-007,0,1,1,2248,66,0,13,144,0,1,0,1558,0,0,1704,8,1414,12,24,14,324,2,2,352,8,12,4,976,4032,1730,3126
004-008,0,1,1,2339,78,0,35,182,0,0,0,1755,0,0,2332,18,1538,14,34,14,428,8,0,584,10,26,6,1064,4391,2188,3888
004-009,0,2,0,1847,66,0,8,126,0,0,0,984,0,1,1508,6,936,4,14,4,194,6,0,300,4,8,2,544,3034,1080,2450
004-010,0,3,0,1318,24,0,7,75,0,0,0,577,0,0,1186,8,580,8,8,2,114,4,2,218,2,10,0,336,2004,704,1774
004-011,0,0,1,578,22,0,4,54,0,0,0,461,0,0,380,8,270,2,14,2,114,4,0,138,0,8,0,214,1120,496,658
004-012,0,2,4,2253,73,0,14,142,0,0,0,1137,0,0,2230,6,1296,6,14,4,256,2,4,390,10,12,0,578,3625,1276,3532
004-013,0,0,1,1141,22,0,6,76,0,2,0,896,0,0,1304,6,520,2,6,2,178,0,0,400,0,2,0,524,2144,1114,1830
004-014,0,0,0,2103,59,0,12,114,0,0,0,945,0,0,1700,4,1066,6,10,0,176,2,0,376,0,4,4,492,3233,1070,2770
004-015,0,0,5,985,34,0,13,74,0,0,0,905,0,0,744,6,608,0,10,2,188,8,0,294,6,6,0,606,2016,1120,1358
004-016,0,2,0,1444,47,0,23,72,0,0,0,749,0,0,1306,2,602,12,4,2,158,6,2,220,2,4,0,320,2337,730,1910
004-017,0,1,0,1365,38,0,8,39,0,0,0,480,0,0,1234,6,528,6,8,4,86,0,0,140,0,6,2,236,1931,488,1768
004-018,0,0,0,1124,25,1,7,71,0,0,0,607,0,0,1226,4,490,6,6,0,138,0,0,240,0,6,0,372,1835,768,1720
004-019,0,1,0,1042,34,0,8,62,0,0,0,289,0,0,786,2,492,2,0,4,64,2,0,120,2,8,0,122,1436,324,1280
004-020,0,1,0,1208,28,0,17,84,0,0,0,703,0,0,1270,4,568,6,4,2,170,2,2,374,0,4,0,394,2041,958,1842
004-021,0,0,0,1367,30,1,21,88,0,0,0,854,0,0,1478,4,614,8,10,2,254,8,0,354,4,8,0,494,2361,1142,2096
004-022,2,0,0,533,17,0,13,41,0,0,0,339,0,0,316,0,262,0,2,0,74,2,0,76,4,12,0,154,945,324,578
004-023,0,0,1,695,12,0,7,64,0,0,0,598,0,0,428,4,290,4,8,0,116,2,0,228,2,10,0,344,1377,714,722
004-024,0,0,0,1334,34,0,9,68,0,0,0,415,0,0,1160,4,540,4,12,0,78,0,0,130,0,4,2,204,1860,434,1704
004-025,1,0,0,516,9,0,2,36,0,0,0,233,0,0,578,4,272,4,4,0,50,2,0,160,0,0,0,136,797,356,854
004-026,0,0,2,826,28,0,6,40,0,0,0,282,0,0,568,4,396,2,4,0,76,6,0,90,2,8,2,142,1184,332,968
004-027,0,0,0,184,7,0,2,5,0,0,0,32,0,0,110,0,80,0,0,2,10,0,0,6,0,2,0,20,230,40,190
004-028,0,0,0,438,11,0,4,16,0,0,0,94,0,0,294,2,192,4,0,2,20,0,0,32,2,4,0,24,563,88,488
004-029,0,0,0,273,5,0,0,8,0,0,0,139,0,0,202,0,92,2,0,2,30,0,0,40,0,0,0,48,425,122,294
004-030,0,0,0,706,14,0,6,38,0,0,0,218,0,0,648,0,350,0,0,0,60,0,2,96,0,2,0,88,982,248,998
004-031,0,3,0,873,24,0,5,29,0,0,0,211,0,0,784,4,408,0,2,0,36,0,0,128,2,2,0,104,1145,274,1196
004-032,0,1,0,342,8,0,6,15,0,0,0,112,0,0,426,0,136,2,2,0,34,0,2,72,0,2,0,58,484,172,562
004-033,0,0,0,61,0,0,1,4,0,0,0,14,0,0,4,0,2,0,0,0,0,0,0,0,0,0,0,4,80,4,6
004-034,0,0,0,528,16,0,8,31,0,0,0,295,0,0,520,2,280,2,6,0,100,2,0,132,0,4,0,170,878,416,802
004-035,0,0,0,87,1,0,0,2,0,0,0,38,0,0,94,0,20,0,0,0,6,0,0,2,0,0,0,6,128,14,114
004-036,0,0,0,0,0,0,0,0,0,0,0,0,0,0,0,0,0,0,0,0,0,0,0,0,0,0,0,0,0,0,0
004-037,0,0,0,180,5,0,2,8,0,0,0,56,0,0,38,0,38,2,0,0,6,2,0,2,2,0,0,6,251,20,76
004-038,0,0,0,30,0,0,0,1,0,0,0,3,0,0,12,0,14,0,0,0,0,0,0,2,0,0,0,4,34,6,26
004-040,0,0,0,45,0,0,0,1,0,0,0,4,0,0,14,0,22,0,0,0,0,0,0,0,0,0,0,0,50,0,36
004-041,0,0,0,0,0,0,0,0,0,0,0,0,0,0,0,0,0,0,0,0,0,0,0,0,0,0,0,0,0,0,0
004-042,0,0,0,2,0,0,0,0,0,0,0,1,0,0,2,0,0,0,0,0,0,0,0,0,0,0,0,0,3,0,2
004-043,0,0,0,3,0,0,0,0,0,0,0,3,0,0,2,0,0,0,0,0,4,0,0,0,0,0,0,0,6,4,2
005-000,0,0,4,304,20,0,6,42,0,0,0,1768,0,0,196,4,246,10,38,10,426,0,0,222,12,14,4,1262,2144,1998,446
005-001,0,2,3,8757,247,1,67,741,0,0,0,12719,0,0,7688,70,4658,54,202,26,2254,32,10,2690,40,68,14,8614,22537,14004,12416
005-002,0,1,4,5187,167,0,47,532,0,0,0,7935,0,0,4612,36,3022,32,132,16,1468,22,6,2040,24,48,12,5732,13873,9532,7670
005-003,0,5,3,4721,170,3,49,442,0,0,0,5876,0,1,4146,42,2728,28,100,16,1308,12,12,1268,34,46,6,3900,11270,6730,6916
005-004,0,3,3,4985,157,0,48,488,0,0,0,5534,0,0,4312,34,2676,36,70,22,1176,18,14,1570,20,36,2,3414,11218,6378,7022
005-005,0,0,1,4172,125,0,36,389,0,2,0,4279,0,0,3644,38,2236,22,78,16,1008,12,6,1116,14,28,2,2636,9004,4938,5918
005-006,0,1,3,3629,99,0,25,220,0,0,0,2266,0,0,3368,14,1648,22,34,14,570,6,14,988,12,16,0,1418,6243,3094,5030
005-007,0,0,2,1736,44,1,12,78,0,1,0,1049,0,0,2070,2,840,6,8,4,274,4,0,396,0,10,0,814,2923,1516,2912
005-008,0,2,3,2187,72,0,26,137,0,0,2,1310,0,0,2432,14,1332,14,24,0,338,8,2,454,4,6,2,872,3739,1724,3778
005-009,0,3,0,1943,62,0,19,112,0,0,0,949,0,0,1898,16,1074,6,20,0,194,2,0,418,6,0,2,594,3088,1242,2988
005-010,0,1,0,1917,40,1,14,90,0,0,0,837,0,0,1480,4,860,6,6,2,206,6,2,382,6,10,0,510,2900,1136,2344
005-011,0,0,1,2005,60,0,13,101,0,0,0,988,0,0,2048,4,1014,8,14,4,282,4,0,402,4,12,0,644,3168,1374,3066
005-012,0,1,0,2796,63,0,21,119,0,1,0,908,0,0,3046,8,1388,12,28,4,306,4,0,406,8,14,2,496,3909,1280,4442
005-013,0,0,0,1947,38,1,16,97,0,0,0,742,0,0,1556,14,764,6,10,2,108,2,2,398,4,8,2,494,2841,1036,2334
005-014,0,1,0,1116,31,0,9,82,0,0,0,620,0,0,856,2,522,0,6,8,160,2,0,238,0,4,0,366,1859,784,1380
005-015,0,0,1,1533,45,0,5,129,0,0,0,894,0,0,1430,6,910,8,12,4,278,4,4,500,2,6,0,612,2607,1430,2346
005-016,0,3,0,1610,41,0,11,97,0,0,0,774,0,0,1618,6,992,6,12,4,174,6,0,380,2,6,0,420,2536,1010,2616
005-017,0,0,0,1594,45,0,16,111,0,0,0,997,0,0,1582,4,970,22,20,6,254,12,0,448,8,8,0,594,2763,1372,2556
005-018,0,3,2,1051,38,0,5,91,0,0,0,815,0,0,822,10,702,6,20,0,158,2,2,312,2,8,0,450,2005,960,1534
005-019,0,0,0,1320,39,0,14,123,0,0,0,1413,0,0,1212,14,764,10,22,2,360,2,0,662,8,12,0,864,2909,1942,1990
005-020,0,0,0,784,14,0,12,100,0,0,0,787,0,0,634,8,390,4,10,0,174,0,2,506,2,6,0,538,1697,1242,1032
005-021,0,0,1,2050,64,0,15,145,0,0,0,905,0,0,1646,0,1076,8,14,6,244,2,4,352,2,18,2,492,3180,1144,2722
005-022,0,4,3,1751,47,0,20,125,0,0,0,1080,0,0,1660,6,1092,18,18,2,244,2,2,628,4,18,4,562,3030,1502,2758
005-023,0,0,1,1607,35,0,8,73,0,0,0,487,0,0,1494,2,926,2,2,4,140,6,2,332,8,6,0,292,2211,794,2422
005-024,1,0,0,542,13,0,9,53,0,0,0,604,0,0,390,4,280,2,2,6,146,4,2,368,6,4,0,404,1222,944,674
005-025,0,0,0,257,15,0,2,45,0,0,0,440,0,0,122,0,194,8,0,0,74,0,2,164,2,2,0,298,759,550,316
005-026,0,0,2,705,30,1,16,98,0,0,0,705,0,0,492,4,472,8,18,6,158,8,0,316,2,2,0,420,1557,938,968
005-027,0,0,0,354,10,0,2,65,0,0,0,425,0,0,238,4,158,2,2,4,74,0,2,200,0,2,0,224,856,510,400
005-028,0,0,0,201,9,0,2,16,0,0,0,215,0,0,118,2,78,4,2,0,34,2,4,92,0,2,0,132,443,272,198
005-029,0,0,2,121,5,0,3,21,0,0,0,294,0,0,94,4,106,0,4,2,50,0,0,38,0,2,0,160,446,256,204
005-030,0,0,2,176,4,0,0,19,0,0,0,242,0,0,102,0,82,0,2,0,64,0,0,96,2,4,0,174,443,342,184
005-031,0,0,0,93,4,0,1,6,0,0,0,118,0,0,82,0,26,0,0,0,32,0,0,50,0,0,0,64,222,146,108
005-032,0,0,0,155,2,0,0,13,0,0,0,113,0,0,104,0,60,0,2,0,24,2,0,34,2,2,2,60,283,128,164
005-033,0,0,0,252,13,0,8,60,0,0,0,509,0,0,188,4,134,2,2,2,94,4,0,224,0,6,0,330,842,664,326
005-034,0,0,0,221,6,0,3,47,0,0,0,282,0,0,162,0,128,2,6,2,58,2,2,140,0,0,2,190,559,404,290
005-035,0,0,0,38,1,0,0,12,0,0,0,25,0,0,26,0,28,0,0,0,8,0,0,6,0,0,0,20,76,34,54
006-000,0,0,0,155,6,0,2,26,0,0,0,498,0,0,146,0,128,4,10,0,158,2,2,116,2,6,4,416,687,720,274
006-001,1,2,4,6840,221,0,83,673,0,0,0,11984,0,0,5624,94,3988,62,182,22,2240,34,16,2590,50,68,8,8444,19808,13716,9706
006-002,1,2,5,5830,205,0,56,549,0,0,0,8555,0,0,5018,56,3370,58,138,26,1684,14,10,1800,16,42,6,5602,15203,9396,8444
006-003,0,3,1,4768,131,0,28,289,0,1,0,3644,0,0,4080,22,2144,36,62,10,650,8,8,936,10,32,6,2412,8865,4170,6246
006-004,0,5,3,4121,99,0,28,173,0,0,0,1596,0,0,3932,18,1900,14,12,6,380,8,6,630,6,8,6,954,6025,2030,5850
006-005,0,0,1,4475,85,0,23,221,0,1,0,1587,0,0,3928,14,2166,14,14,6,314,4,2,688,8,14,4,948,6393,2016,6108
006-006,0,0,1,4265,114,0,22,208,0,0,0,2556,0,0,3524,10,1780,18,50,10,510,8,2,620,8,24,8,1650,7166,2908,5314
006-007,0,0,0,3550,62,1,12,125,0,0,0,1141,0,0,2952,10,1328,4,36,10,270,8,2,278,0,18,0,632,4891,1258,4290
006-008,0,1,0,2824,62,0,15,111,0,1,0,833,0,0,2586,12,1154,12,8,4,182,0,2,364,6,10,2,434,3847,1024,3752
006-009,0,3,0,3212,59,0,22,132,0,0,1,1229,0,0,2662,6,1348,2,24,2,280,6,0,472,2,4,0,778,4658,1570,4016
006-010,0,3,0,3663,86,0,23,115,0,0,0,987,0,0,3462,16,1542,12,8,0,242,2,6,390,4,12,2,522,4877,1200,5020
006-011,0,0,1,2333,36,0,12,74,0,0,0,598,0,0,2286,10,1038,6,14,0,176,2,6,246,0,6,2,308,3054,766,3334
006-012,0,0,0,1936,26,0,15,79,0,0,0,484,0,0,1562,6,672,8,6,2,96,4,0,264,2,6,0,250,2540,638,2240
006-013,0,2,2,3066,60,0,9,121,1,0,0,954,0,0,2942,10,1256,6,8,4,276,4,4,332,2,14,2,520,4215,1172,4208
006-014,0,0,0,2729,46,0,9,118,0,0,0,770,0,0,2786,6,1124,8,8,4,212,4,2,280,4,12,0,456,3672,990,3916
006-015,0,0,1,3826,66,0,14,130,0,0,0,914,0,0,3024,10,1336,2,4,2,182,4,6,320,6,6,0,456,4951,988,4370
006-016,0,0,1,2520,47,0,10,97,0,0,0,463,0,0,2060,6,978,2,18,2,118,4,2,234,4,8,0,256,3138,648,3044
006-017,0,1,1,2804,53,0,12,98,0,0,0,646,0,0,2306,6,1076,12,8,6,130,2,2,280,0,14,6,320,3615,780,3388
006-018,0,1,0,2736,52,0,10,102,0,0,0,705,0,0,2470,0,1326,12,6,0,184,2,2,390,0,8,2,426,3606,1032,3796
006-019,0,0,2,2501,41,0,12,118,0,0,0,934,0,0,2226,6,980,16,24,2,214,4,4,360,4,24,4,614,3608,1270,3212
006-020,1,0,0,2046,43,0,14,89,0,0,0,651,0,0,2202,2,856,8,2,6,170,8,0,320,8,4,0,444,2844,970,3060
006-021,0,0,3,1260,22,0,7,69,0,0,0,479,0,0,1128,2,570,8,8,4,110,2,0,200,2,6,0,304,1840,644,1700
006-022,0,0,1,2359,52,0,11,105,0,0,0,713,0,0,2088,10,1002,4,10,2,182,0,2,216,2,12,0,430,3241,860,3100
006-023,0,2,0,1145,32,0,5,67,0,0,0,459,0,0,1184,2,602,6,12,2,92,0,2,254,8,2,4,326,1710,708,1788
006-024,0,0,0,1189,28,0,8,78,0,0,0,490,0,0,1150,2,572,4,6,0,86,2,0,194,4,2,2,312,1793,612,1724
006-025,0,0,0,743,15,0,1,73,0,0,0,579,0,0,704,2,344,8,4,0,108,2,0,348,0,12,2,364,1411,848,1050
006-026,0,1,0,1652,48,0,17,100,0,0,0,744,0,0,1406,2,830,8,8,0,182,2,0,442,0,12,0,478,2562,1132,2238
006-027,0,1,1,1129,32,0,12,58,0,0,0,579,0,0,848,4,486,4,10,4,140,4,0,276,2,8,8,338,1812,794,1338
006-028,0,0,0,1170,24,0,12,81,0,0,0,923,0,0,1084,2,472,4,8,2,242,2,6,450,6,12,2,600,2210,1334,1558
006-029,0,0,0,1535,40,0,21,100,0,0,0,693,0,0,1436,8,762,6,6,6,130,6,2,448,6,4,0,364,2389,978,2206
006-030,0,0,0,685,17,0,3,47,0,0,0,410,0,0,648,0,410,2,4,0,62,2,0,262,2,2,0,252,1162,588,1058
006-031,0,2,0,732,17,0,14,59,0,0,0,445,0,0,668,0,392,6,4,0,114,2,2,296,6,4,4,326,1269,764,1060
006-032,0,1,1,595,26,2,5,82,0,0,0,595,0,0,596,8,338,6,6,2,162,2,0,340,2,4,0,408,1307,932,942
006-033,0,0,0,516,9,0,4,48,0,0,0,253,0,0,380,2,212,0,8,2,80,2,0,140,0,8,0,162,830,402,594
006-034,0,1,0,615,11,0,4,19,0,0,0,164,0,0,420,0,272,2,6,2,34,0,0,24,0,2,0,74,814,144,692
006-035,0,0,0,1066,22,0,10,46,0,0,0,316,0,0,884,6,494,2,6,0,80,2,2,168,0,0,0,170,1460,430,1384
006-097,0,0,0,0,0,0,0,0,0,0,0,0,0,0,0,0,0,0,0,0,0,0,0,0,0,0,0,0,0,0,0
006-098,0,0,0,0,0,0,0,0,0,0,0,0,0,0,0,0,0,0,0,0,0,0,0,0,0,0,0,0,0,0,0
006-099,0,0,0,0,0,0,0,0,0,0,0,0,0,0,0,0,0,0,0,0,0,0,0,0,0,0,0,0,0,0,0
007-000,0,0,0,81,3,0,3,22,0,0,0,432,0,0,86,4,106,2,10,0,192,2,2,132,4,2,4,454,541,804,196
007-001,0,3,10,6127,174,1,56,624,0,0,0,11897,0,0,5110,68,3704,40,180,24,2126,16,18,1878,24,68,6,7826,18892,12206,8882
007-002,0,2,2,6198,179,0,46,493,0,0,0,6664,0,0,5134,42,2774,34,96,22,1458,22,12,1668,28,68,4,3994,13584,7406,7950
007-003,0,2,1,5002,127,0,60,349,0,0,0,4036,0,0,4784,34,2420,30,60,12,938,8,12,1158,12,34,6,2476,9577,4746,7238
007-004,0,1,2,4727,124,1,53,344,0,1,1,3599,0,0,4338,16,2202,18,64,16,948,8,2,1114,8,30,2,2324,8853,4534,6556
007-005,0,2,3,1843,50,0,31,152,0,0,0,1563,0,0,1966,10,1086,10,30,6,352,4,2,566,8,12,0,864,3644,1854,3062
007-006,0,1,2,2045,67,0,20,218,0,0,0,2384,0,0,2252,18,1234,22,58,12,434,10,2,766,2,16,2,1674,4737,2998,3504
007-007,0,3,4,2780,78,0,33,294,0,0,0,2631,0,0,2634,20,1476,28,38,12,602,6,4,900,18,22,2,1624,5823,3256,4130
007-008,0,0,2,1980,54,0,20,129,0,0,0,1472,0,0,1800,10,1024,10,42,2,330,8,2,462,6,12,4,952,3657,1830,2834
007-009,0,1,1,2198,43,0,8,82,0,0,0,1015,0,0,2776,2,1046,2,4,2,148,2,4,282,10,8,4,562,3348,1028,3824
007-010,0,0,0,2149,35,0,8,100,0,0,0,1053,0,0,2522,4,998,10,14,2,210,0,2,336,4,8,0,632,3345,1218,3524
007-011,0,0,0,2052,26,0,10,68,0,0,0,389,0,0,3048,6,826,10,0,4,98,6,2,242,0,12,0,224,2545,598,3880
007-012,0,0,0,1933,30,0,9,60,0,0,0,574,0,0,2474,2,810,0,6,0,126,0,0,302,2,6,0,302,2606,744,3286
007-013,0,0,0,1949,38,0,19,97,0,0,0,931,0,0,2714,12,754,12,10,6,226,6,2,568,8,2,2,614,3034,1456,3480
007-014,0,2,0,812,23,0,22,78,0,0,0,542,0,0,838,4,432,14,2,0,168,2,2,252,2,10,0,290,1479,742,1274
007-015,0,1,2,2035,35,0,17,88,0,1,0,835,0,0,2716,6,840,10,14,2,226,6,0,500,4,18,0,478,3014,1258,3562
007-016,0,0,2,1544,43,0,15,94,0,0,0,660,0,0,1622,14,734,8,10,0,154,0,4,366,2,12,0,366,2358,922,2370
007-017,0,0,0,689,12,0,13,44,0,0,0,363,0,0,622,0,332,4,10,6,100,0,0,168,0,4,0,170,1121,462,954
007-018,0,0,0,1442,28,0,12,86,0,0,0,688,0,0,1562,0,554,2,2,4,172,4,2,380,0,8,2,316,2256,892,2116
007-019,0,0,1,1630,30,0,16,75,0,0,0,696,0,0,1952,6,772,8,12,4,176,6,2,418,0,14,0,508,2448,1148,2730
007-020,0,0,0,1308,45,0,9,86,0,0,0,614,0,0,1092,4,720,6,8,0,182,6,6,230,6,12,0,326,2062,782,1816
007-021,0,0,0,809,22,0,11,53,0,0,0,888,0,0,928,10,354,12,4,6,168,4,2,284,8,2,0,560,1783,1050,1292
007-022,0,0,0,1981,36,0,13,91,0,0,0,742,0,0,2764,6,1032,10,0,6,208,4,0,378,4,10,0,472,2863,1092,3802
007-023,0,0,0,1988,43,0,23,102,0,0,0,958,0,0,2620,4,892,6,6,4,160,2,0,588,2,20,0,598,3114,1386,3516
007-024,0,0,0,1420,24,0,19,89,0,0,0,777,0,0,1596,0,538,14,18,2,232,2,0,516,4,0,0,444,2329,1232,2134
007-025,2,0,0,1102,38,0,13,73,0,0,0,897,0,0,1104,10,526,2,16,4,140,0,2,292,0,6,0,556,2125,1018,1640
007-026,0,1,0,1601,40,0,9,81,0,1,0,666,0,0,1812,0,684,12,6,6,136,4,0,414,6,8,0,402,2399,994,2496
007-027,0,0,0,945,19,0,13,88,0,0,0,722,0,0,1078,2,310,12,4,2,114,6,4,446,2,8,0,508,1787,1106,1390
007-028,0,0,0,548,2,0,10,24,0,0,0,183,0,0,736,2,206,0,2,2,34,2,2,142,0,0,0,88,767,272,944
007-031,0,0,0,503,9,0,4,18,0,0,0,115,0,0,462,4,170,0,0,2,16,0,0,30,0,0,0,58,649,106,636
007-032,0,0,0,335,5,0,0,15,0,0,0,149,0,0,432,0,122,6,0,0,36,0,0,136,0,2,0,118,504,298,554
007-099,0,0,0,0,0,0,0,0,0,0,0,0,0,0,0,0,0,0,0,0,0,0,0,0,0,0,0,0,0,0,0
008-000,0,0,0,503,19,1,4,65,0,0,0,1834,0,0,350,12,386,14,42,6,404,2,12,180,14,10,4,1072,2426,1760,748
008-001,0,2,3,4558,156,1,66,521,0,0,0,8804,0,0,3514,40,2620,44,120,32,1864,8,22,1618,32,42,0,5720,14111,9502,6174
008-002,0,1,1,3466,98,0,27,325,0,0,0,4761,0,0,3252,26,1864,32,70,16,1154,10,12,1246,12,32,12,3394,8679,5990,5142
008-003,0,3,2,3116,98,0,32,316,0,0,0,2961,0,0,2822,32,1550,18,78,16,772,12,12,874,2,40,0,1830,6528,3654,4404
008-004,0,1,3,2511,75,0,33,244,0,0,0,2462,0,0,1990,16,1306,14,28,8,554,6,8,790,2,22,4,1650,5329,3086,3312
008-005,0,0,0,1931,53,0,27,182,0,0,1,1736,0,0,1772,8,998,16,36,10,474,6,10,630,10,16,2,1012,3930,2222,2778
008-006,0,0,4,2910,73,0,14,179,0,0,0,1397,0,0,2482,14,1646,10,20,8,386,8,10,566,10,10,2,880,4577,1910,4142
008-007,0,1,1,2747,67,0,13,139,0,0,0,1440,0,0,2262,12,1246,4,22,6,378,8,4,448,10,10,0,830,4408,1720,3520
008-008,0,0,1,1539,47,0,15,114,0,0,0,1040,0,0,1490,10,992,10,4,8,220,2,0,476,2,6,0,654,2756,1382,2492
008-009,0,3,2,2480,48,0,16,200,0,0,0,1665,0,0,1990,18,1152,16,22,4,346,2,4,654,12,20,6,1004,4414,2090,3160
008-010,0,1,0,2210,49,0,13,115,0,0,0,991,0,0,2096,16,1020,8,12,2,276,0,4,482,12,8,2,650,3379,1456,3132
008-011,0,2,0,1772,48,0,17,142,1,0,0,996,0,0,1396,6,834,8,14,2,312,2,0,314,2,12,2,582,2978,1250,2236
008-012,0,1,0,1437,36,0,17,122,0,0,0,1160,0,0,1130,10,790,10,6,6,254,6,4,494,4,6,2,748,2773,1540,1930
008-013,0,0,1,608,20,0,9,69,0,0,0,628,0,0,432,18,490,6,14,2,170,2,0,286,0,4,2,454,1335,940,940
008-014,0,1,0,321,10,0,6,30,0,0,0,365,0,0,252,18,254,0,2,6,72,0,0,184,2,0,0,210,733,476,524
008-015,0,0,0,474,19,0,8,67,0,0,0,471,0,0,450,6,308,10,10,4,108,2,0,230,2,4,0,284,1039,654,764
008-016,0,0,0,256,6,0,4,26,0,0,0,227,0,0,206,0,202,0,0,0,60,0,2,94,0,8,0,96,519,260,408
008-017,0,1,0,456,16,0,7,55,0,0,0,531,0,0,404,14,338,0,4,2,106,0,0,278,8,4,0,320,1066,722,756
008-018,0,2,0,216,5,0,4,21,0,0,0,236,0,0,226,4,120,0,6,8,46,0,2,120,2,0,0,144,484,328,350
008-019,0,0,0,488,10,0,6,54,0,0,0,622,0,0,408,10,300,2,6,2,100,2,2,308,0,0,2,488,1180,912,718
008-020,0,0,0,313,8,2,5,40,0,0,0,346,0,0,206,0,224,2,2,2,74,0,0,164,2,2,0,228,714,476,430
008-021,0,0,0,85,1,0,0,13,0,0,0,133,0,0,72,0,48,0,0,0,26,0,0,68,0,0,0,80,232,174,120
008-022,0,0,0,487,16,0,4,39,0,0,0,395,0,0,456,2,232,6,2,0,66,0,0,260,6,4,0,282,941,626,690
008-023,0,0,0,145,4,0,2,16,0,0,0,167,0,0,152,8,88,0,4,0,34,0,0,78,0,0,0,136,334,252,248
008-024,0,0,0,179,3,0,1,25,0,0,0,325,0,0,148,10,128,6,8,0,62,0,0,138,0,2,0,232,533,448,286
008-025,0,0,1,341,10,0,1,55,0,0,0,437,0,0,260,0,186,0,18,0,80,2,0,164,0,2,0,272,845,538,446
008-026,0,0,0,2,1,0,0,1,0,0,0,9,0,0,0,0,0,2,2,0,2,0,0,0,0,0,0,8,13,14,0
008-027,0,0,0,207,4,0,3,24,0,0,0,284,0,0,130,2,116,0,0,0,68,0,0,142,0,2,0,204,522,416,248
008-028,0,0,0,94,3,0,1,13,0,0,0,103,0,0,70,0,72,2,4,2,10,0,2,40,0,0,0,84,214,144,142
009-000,0,0,2,414,13,0,2,65,0,0,0,1725,0,0,312,14,324,12,36,0,398,0,6,274,4,6,0,1186,2221,1922,650
009-001,0,4,1,5487,144,0,43,425,0,0,0,5235,1,0,5054,20,2488,22,66,10,1282,18,8,1314,18,30,4,3434,11340,6206,7562
009-002,0,3,2,4040,125,0,39,302,0,0,0,4088,0,0,3524,24,1824,8,54,12,998,6,2,974,12,18,8,2418,8599,4510,5372
009-003,0,1,0,2573,71,0,17,125,0,0,0,946,0,0,2128,14,1474,8,14,6,214,4,0,454,8,4,0,526,3733,1238,3616
009-004,0,1,4,3366,94,0,28,199,0,0,1,1865,0,0,3058,12,1756,16,22,8,542,4,6,532,8,14,2,1236,5558,2390,4826
009-005,0,0,0,3197,82,0,20,163,0,0,0,1541,0,0,3186,12,1630,10,34,14,408,6,6,666,16,18,2,878,5003,2058,4828
009-006,0,1,1,4023,76,0,25,205,0,0,0,2454,0,0,3720,10,2042,10,40,6,578,6,6,686,8,22,10,1738,6785,3110,5772
009-007,0,2,3,4347,105,2,21,279,0,0,0,2511,0,0,3812,22,1972,14,42,6,672,2,8,692,10,18,8,1424,7270,2896,5806
009-008,0,1,0,3987,79,0,14,172,0,0,0,1494,0,0,3720,12,1700,12,26,8,374,6,4,524,6,22,2,918,5747,1902,5432
009-009,0,1,0,2558,62,0,31,126,0,0,0,1168,0,0,2056,8,1088,10,18,8,276,2,0,452,8,8,0,582,3946,1364,3152
009-010,0,0,0,2496,69,0,13,77,0,0,0,772,0,0,2266,12,1436,10,26,6,200,4,0,276,8,4,0,452,3427,986,3714
009-011,0,1,1,2385,46,0,21,100,0,0,0,716,0,0,2052,8,1188,8,16,4,228,0,4,222,4,14,0,334,3270,834,3248
009-012,0,1,0,1837,39,0,21,82,0,0,0,580,0,0,1676,8,964,2,8,4,178,0,2,284,2,0,0,346,2560,826,2648
009-013,0,1,0,2497,66,0,13,127,0,0,0,760,0,0,2472,14,1144,4,10,10,210,2,2,460,2,20,0,424,3464,1144,3630
009-014,0,0,1,2139,50,0,17,101,0,0,0,560,0,0,1824,12,1228,2,8,4,166,4,0,326,10,4,0,252,2868,776,3064
009-015,0,0,0,2185,61,0,6,72,0,0,0,466,0,0,1870,2,950,0,4,2,104,0,0,126,0,10,2,194,2790,442,2822
009-016,0,0,0,997,34,0,9,54,0,0,0,394,0,0,674,10,408,8,8,0,94,4,0,118,4,2,0,228,1488,466,1092
009-017,0,0,0,421,12,0,1,47,0,0,0,209,0,0,286,0,272,2,6,0,48,2,0,92,4,2,0,98,690,254,558
009-018,0,0,0,1472,56,0,7,69,0,0,0,657,0,0,988,10,714,12,4,6,118,0,2,124,2,6,2,356,2261,632,1712
009-019,0,0,0,630,22,0,3,47,0,0,0,387,0,0,406,10,408,4,8,2,80,0,0,114,2,2,0,252,1089,464,824
009-020,0,0,2,1621,33,0,2,30,0,0,0,263,0,0,1336,4,660,0,0,0,124,0,2,86,0,8,0,124,1951,344,2000
009-021,0,1,2,1249,50,0,19,155,0,0,0,1134,0,0,1032,20,842,6,22,0,292,6,0,286,12,10,4,720,2610,1358,1894
009-022,0,2,0,1878,54,0,13,99,0,0,0,1145,0,0,1470,14,998,8,24,2,290,4,6,258,0,8,2,692,3191,1294,2482
009-023,0,0,0,684,23,0,3,49,0,0,0,631,0,0,466,4,556,2,8,2,112,0,0,116,6,6,0,380,1390,632,1026
009-024,0,0,2,1333,52,0,15,96,0,0,0,920,0,0,950,16,902,2,14,2,230,4,0,250,4,4,0,638,2418,1148,1868
009-025,0,0,0,1276,39,0,5,84,0,0,0,866,0,0,854,10,712,4,14,4,224,2,0,202,4,10,2,526,2270,992,1576
009-026,0,0,0,1089,28,0,9,59,0,0,0,519,0,0,860,4,542,4,10,4,98,2,0,128,4,8,0,272,1704,530,1406
009-027,0,0,1,1077,30,0,9,54,0,0,0,375,0,0,990,0,416,2,4,2,94,0,0,254,4,6,0,224,1546,590,1406
009-028,0,0,0,1021,10,0,2,35,0,0,0,288,0,0,1104,4,350,6,0,2,76,0,2,230,4,2,4,162,1356,488,1458
009-029,0,0,1,926,29,0,8,44,0,0,0,296,0,0,632,0,462,0,0,4,86,2,0,58,0,2,0,146,1304,298,1094
009-030,0,0,1,781,21,0,8,37,0,0,0,265,0,0,574,2,362,0,12,2,114,0,0,74,0,0,0,146,1113,348,938
009-031,0,0,0,714,9,0,3,49,0,0,0,229,0,0,736,2,336,2,0,0,68,0,0,98,0,0,0,130,1004,298,1074
009-032,0,0,0,185,4,0,1,4,0,0,0,38,0,0,126,2,76,0,0,0,18,2,0,8,0,0,0,10,232,38,204
009-033,0,0,0,402,11,0,7,28,0,0,0,148,0,0,240,0,190,0,2,0,32,2,0,48,0,0,0,48,596,132,430
009-034,0,0,0,868,14,0,2,22,0,0,0,227,0,0,594,4,344,2,2,0,64,0,0,64,0,6,0,66,1133,204,942
009-035,0,0,0,1097,17,0,8,52,0,0,0,482,0,0,1150,2,452,8,8,2,136,4,2,240,6,4,2,290,1656,702,1604
009-036,0,0,0,621,23,0,5,43,0,0,0,224,0,0,416,0,278,2,0,0,64,0,0,68,0,6,0,86,916,226,694
009-037,0,0,0,648,16,0,9,20,0,0,0,203,0,0,438,4,256,0,0,0,90,0,2,58,0,2,0,74,896,226,698
009-038,0,0,0,190,4,0,1,6,0,0,0,32,0,0,198,0,126,0,0,0,4,0,0,22,0,0,0,10,233,36,324
009-039,0,0,0,45,1,0,1,2,0,0,0,7,0,0,2,0,4,0,0,0,4,0,0,2,0,0,0,0,56,6,6
009-040,0,0,0,642,8,0,0,37,0,0,0,193,0,0,314,0,236,4,0,0,30,0,0,76,0,0,0,66,880,176,550
009-041,0,0,0,523,16,0,9,23,0,0,0,164,0,0,450,0,268,0,0,0,50,2,2,58,0,2,0,64,735,178,718
009-099,0,0,0,0,0,0,0,0,0,0,0,0,0,0,0,0,0,0,0,0,0,0,0,0,0,0,0,0,0,0,0
010-000,0,0,0,171,5,0,4,39,0,0,0,1192,0,0,148,0,158,14,42,8,230,2,2,188,4,12,2,966,1411,1470,306
010-001,0,0,4,3270,97,0,32,187,0,0,0,3900,0,0,2594,36,1588,20,36,14,772,8,4,808,16,34,2,2544,7490,4258,4218
010-002,0,7,1,2801,65,0,15,186,0,0,0,1993,0,0,2518,18,1214,20,36,10,504,8,4,728,6,20,2,1302,5068,2640,3750
010-003,0,4,0,1837,60,0,26,133,0,0,0,1710,0,0,1610,20,962,8,30,10,420,6,4,562,6,14,2,1198,3770,2260,2592
010-004,0,0,0,1770,52,0,6,90,0,0,0,1299,0,0,1818,18,896,0,22,10,222,8,4,528,2,10,2,890,3217,1698,2732
010-005,0,0,0,1331,42,0,11,95,0,0,0,836,0,0,1484,22,780,6,8,6,208,0,2,434,0,16,2,476,2315,1158,2286
010-006,1,1,1,1476,27,1,8,43,0,0,0,357,0,0,1574,2,640,6,2,4,92,8,0,192,2,6,0,208,1915,520,2216
010-007,0,0,0,1429,32,0,9,69,0,0,0,635,0,0,1428,12,608,8,14,0,144,0,2,312,4,10,0,392,2174,886,2048
010-008,0,0,0,511,6,0,6,7,0,0,0,112,0,0,386,0,232,0,0,0,66,0,0,56,0,4,2,58,642,186,618
010-009,2,0,0,1383,25,0,12,51,0,0,0,521,0,0,1170,2,464,10,2,2,96,0,2,272,2,0,0,276,1994,662,1636
010-010,0,0,0,1180,26,0,7,60,0,0,0,384,0,0,1396,2,514,4,0,0,96,0,4,308,0,4,2,240,1657,658,1912
010-011,0,0,0,1140,24,0,12,26,0,0,0,218,0,0,928,0,426,2,4,2,68,4,0,60,0,0,0,134,1420,274,1354
010-012,0,0,1,1882,46,0,11,52,0,0,0,458,0,0,2258,8,916,2,6,4,126,2,0,212,4,2,0,240,2450,598,3182
010-013,0,0,0,1166,29,0,7,46,0,0,0,340,0,0,1434,6,554,12,4,0,78,0,0,156,0,6,2,194,1588,452,1994
010-014,0,0,0,279,9,0,0,6,0,0,0,12,0,0,160,0,116,0,0,0,4,0,0,0,0,0,0,6,306,10,276
011-000,0,0,1,725,21,0,6,49,0,0,0,804,0,0,526,2,376,6,16,0,170,4,6,156,2,8,0,556,1606,924,904
011-001,0,1,2,2488,84,2,27,240,0,0,0,3341,0,0,2198,12,1648,28,60,8,786,4,6,644,10,26,2,2104,6185,3678,3858
011-002,0,0,0,1472,45,0,14,89,0,0,0,1411,0,0,1600,22,930,12,6,8,304,2,2,346,2,12,0,1046,3031,1740,2552
011-003,0,0,0,1879,53,0,10,85,0,0,0,1610,0,0,2130,26,1250,0,28,6,300,4,4,414,2,12,2,1330,3637,2102,3406
011-004,0,0,0,1916,32,0,6,99,0,0,0,1458,0,0,1944,12,898,2,36,2,198,2,2,146,10,6,0,954,3511,1358,2854
011-005,0,0,0,854,33,0,4,60,0,0,0,632,0,0,678,4,622,0,2,0,102,0,0,166,2,2,2,468,1583,744,1304
011-006,0,0,0,1035,38,0,3,67,0,0,0,683,0,0,880,14,992,4,4,4,108,2,4,150,4,12,2,458,1826,752,1886
011-007,0,1,3,1199,50,0,12,102,0,1,0,1015,0,0,968,30,1034,6,26,2,230,2,0,272,2,8,0,708,2383,1256,2032
011-008,0,0,0,302,14,0,1,43,0,0,0,639,0,0,220,10,288,2,16,0,120,4,0,90,4,0,0,398,999,634,518
011-009,0,0,0,494,23,0,3,46,0,0,0,661,0,0,380,18,440,4,14,2,102,0,0,98,0,8,0,362,1227,590,838
011-010,0,1,1,500,12,0,4,51,0,0,0,572,0,0,384,0,334,2,8,4,98,0,2,110,0,6,0,402,1141,632,718
011-011,0,2,0,573,20,0,2,70,0,0,0,731,0,0,408,6,380,6,16,0,126,0,2,138,2,2,2,492,1398,786,794
011-012,0,0,1,444,25,0,4,67,0,0,0,819,0,0,360,12,384,0,10,2,164,0,0,144,2,8,0,508,1360,838,756
011-013,0,0,0,167,10,0,0,21,0,0,0,206,0,0,116,2,126,2,4,0,48,0,2,36,0,0,0,114,404,206,244
011-014,0,0,0,331,16,0,2,40,0,0,0,644,0,0,258,14,278,4,4,2,110,0,2,124,4,0,2,504,1033,756,550
011-015,0,0,0,456,6,0,5,21,0,0,0,695,0,0,586,6,332,14,22,4,116,2,4,278,2,4,2,372,1183,820,924
011-016,0,0,0,412,13,0,3,28,0,0,0,278,0,0,244,8,232,0,2,0,34,0,0,38,2,0,0,124,734,200,484
011-017,0,0,0,523,20,0,6,54,0,0,0,857,0,0,358,6,460,2,10,6,118,2,4,178,4,8,0,542,1460,874,824
011-018,0,0,0,105,7,0,1,13,0,0,0,167,0,0,94,0,72,0,2,0,38,0,2,34,0,0,0,126,293,202,166
011-019,0,0,0,405,13,0,0,41,0,0,0,539,0,0,306,8,296,4,4,0,82,0,0,106,4,2,0,296,998,498,610
011-020,0,0,0,2,0,0,0,1,0,0,0,11,0,0,0,0,6,0,0,0,6,0,0,6,0,0,0,20,14,32,6
011-021,0,0,0,150,6,0,5,10,0,0,0,135,0,0,76,0,88,0,0,0,14,0,0,34,0,0,0,76,306,124,164
011-022,0,0,0,447,18,0,4,68,0,0,0,720,0,0,326,4,314,4,4,4,98,2,2,198,0,6,0,504,1257,822,644
011-023,0,0,0,189,6,0,1,30,0,0,0,318,0,0,162,0,148,2,2,0,72,0,0,102,0,2,0,202,544,382,310
011-024,0,0,0,40,1,0,0,0,0,0,0,111,0,0,40,2,22,2,0,0,6,0,0,8,0,0,0,88,152,104,64
011-026,0,0,0,37,8,0,3,9,0,0,0,161,0,0,36,2,38,0,0,2,20,0,0,18,0,2,0,136,218,178,76
011-027,0,0,0,3,0,0,0,0,0,0,0,7,0,0,0,0,0,0,0,0,0,0,0,2,0,0,0,0,10,2,0
012-000,0,0,3,600,32,0,6,85,0,0,0,1865,0,0,450,6,448,16,60,2,406,4,4,276,10,8,2,1272,2591,2060,904
012-001,1,0,4,2894,77,0,26,222,0,0,0,3025,0,0,2672,16,1626,24,38,4,592,0,4,484,6,18,4,1744,6249,2918,4314
012-002,0,0,3,1469,47,0,7,95,0,0,0,1258,0,0,1340,24,680,6,8,2,252,4,0,216,2,2,2,804,2879,1298,2044
012-003,0,2,0,2100,66,0,16,136,0,1,0,1766,0,0,1752,26,1296,8,16,6,376,4,2,356,10,8,4,1084,4087,1874,3074
012-004,0,1,0,2456,52,1,4,122,0,0,0,1648,0,0,1978,26,1298,10,22,10,298,8,4,310,4,14,0,832,4284,1512,3302
012-005,0,0,0,2234,73,0,17,116,0,0,0,1537,0,0,1932,16,1428,6,26,0,256,6,0,248,8,10,4,816,3977,1380,3376
012-006,0,0,0,1842,62,0,3,59,0,0,0,681,0,0,1258,6,884,2,6,0,74,2,2,40,2,0,0,314,2647,442,2148
012-007,0,0,0,1791,54,0,1,67,0,0,0,1095,0,0,1510,16,1132,6,8,2,100,0,4,42,0,12,0,606,3008,780,2658
012-008,0,0,0,1345,54,0,3,56,0,0,0,766,0,0,1210,22,1122,2,10,6,68,0,0,58,0,2,0,400,2224,546,2354
012-009,0,0,0,1645,60,0,1,29,0,1,0,328,0,0,1010,2,830,0,0,0,34,0,0,22,6,2,2,158,2064,224,1842
012-010,0,0,0,1926,51,0,3,73,0,2,0,684,0,0,1856,12,1004,2,6,4,76,0,0,84,0,6,6,362,2739,546,2872
012-011,0,0,1,1909,39,0,2,53,0,0,0,770,0,0,1770,16,888,0,12,2,84,0,0,50,6,2,2,412,2774,570,2674
012-012,0,0,0,1588,49,0,0,51,0,0,0,693,0,0,1300,10,904,4,6,2,74,2,4,54,0,0,2,394,2381,542,2214
012-013,0,0,1,1392,22,0,0,11,0,0,0,54,0,0,1526,0,324,0,4,0,6,2,0,4,0,2,0,8,1480,26,1850
012-014,0,0,0,766,18,0,3,14,0,0,0,111,0,0,996,4,206,0,0,0,14,2,0,26,0,0,0,54,912,96,1206
012-015,0,0,0,735,9,0,2,6,0,0,0,40,0,0,834,2,276,6,2,0,0,0,0,6,0,0,0,20,792,34,1112
012-016,0,0,0,558,11,0,2,5,0,0,0,19,0,0,468,0,176,0,0,0,4,0,0,0,0,0,0,4,595,8,644
012-017,0,0,0,163,0,0,1,1,0,0,0,5,0,0,202,0,60,0,0,0,2,0,0,0,0,0,0,0,170,2,262
012-018,0,0,0,96,0,0,1,1,0,0,0,7,0,0,90,0,30,0,2,0,0,0,0,0,0,0,0,2,105,4,120
013-000,0,0,0,165,4,0,1,30,0,0,0,926,0,0,108,6,202,2,6,4,160,2,2,78,4,0,0,518,1126,776,316
013-001,0,1,3,4359,161,1,42,511,0,0,1,6049,0,0,3132,18,2564,44,108,12,1552,8,10,1430,34,36,8,3954,11128,7196,5714
013-002,1,1,0,3694,101,0,15,183,0,0,0,1886,0,0,2996,30,1868,2,26,6,360,2,2,382,4,8,0,1214,5881,2006,4894
013-003,0,1,0,2839,99,0,34,159,0,1,0,1749,0,0,2708,30,2086,4,30,2,402,8,0,558,4,14,6,1100,4882,2128,4824
013-004,0,0,1,2300,74,0,12,124,0,0,0,1091,1,0,2336,18,1858,2,16,4,152,2,0,262,6,10,0,656,3603,1110,4212
013-005,0,0,1,2156,60,0,14,122,0,1,0,1010,0,0,2496,12,1462,6,18,0,144,2,0,198,2,4,2,604,3364,980,3970
013-006,0,1,0,2160,51,0,4,40,0,0,0,332,0,0,2744,4,1216,0,4,0,52,0,6,52,8,4,0,148,2588,274,3964
013-007,0,3,1,3357,53,0,12,76,0,0,0,459,0,0,3192,16,1366,2,10,2,78,0,0,116,2,6,0,188,3961,404,4574
013-008,0,0,4,2143,52,0,2,53,0,0,0,771,0,0,2068,10,1138,4,8,2,84,2,2,58,2,2,0,366,3025,530,3216
013-009,2,0,0,1966,39,0,6,57,0,0,0,873,0,0,1866,8,818,6,6,4,94,2,2,50,0,0,0,512,2943,676,2692
013-010,0,0,0,2398,58,0,7,28,0,0,0,120,0,0,2226,2,1240,4,4,4,26,0,0,58,2,10,0,50,2611,158,3468
013-011,0,0,1,2613,77,0,8,76,0,0,0,394,0,0,2594,6,1862,4,4,6,84,2,0,120,4,6,2,160,3169,392,4462
013-012,0,0,1,1662,40,0,0,33,0,0,0,178,0,0,1710,4,1158,4,2,4,30,0,2,66,2,0,0,58,1914,168,2872
013-013,0,0,0,1356,21,0,0,15,0,0,0,118,0,1,1694,2,682,0,0,0,34,0,0,48,2,4,0,44,1511,132,2378
013-014,0,0,0,1674,30,0,4,27,0,0,0,172,0,0,2364,2,786,0,2,2,50,0,0,92,0,2,0,86,1907,234,3152
013-015,0,0,0,2267,39,0,0,43,0,0,0,236,0,0,2514,10,1044,10,4,2,74,2,4,104,2,4,0,96,2585,302,3568
013-016,0,0,0,1792,36,0,3,16,0,0,0,89,0,0,1766,0,668,2,6,2,30,0,0,26,0,2,0,26,1936,94,2434
013-017,0,0,0,759,12,0,1,6,0,0,0,14,0,0,664,0,168,0,0,0,0,0,2,0,0,0,0,4,792,6,832
013-018,0,0,0,1093,18,0,0,13,0,0,0,86,0,0,1114,2,590,0,0,0,30,0,0,46,0,2,2,36,1210,116,1706
013-019,0,0,0,778,17,0,9,26,0,1,0,156,0,0,862,2,472,2,8,0,78,0,0,96,4,2,0,74,987,264,1336
013-020,0,0,0,623,6,0,16,32,0,0,0,233,0,0,776,4,262,2,2,0,92,2,0,106,0,2,0,104,910,310,1042
013-021,0,1,0,1515,50,0,6,23,0,0,0,93,0,0,1684,4,842,0,2,0,22,0,0,40,0,0,0,32,1688,96,2530
013-022,0,0,0,1217,40,0,0,21,0,0,0,86,0,0,926,10,618,4,2,0,24,0,0,16,0,2,0,38,1364,86,1554
013-023,0,0,0,1114,22,0,0,34,0,0,0,262,0,0,1294,8,646,2,6,0,68,0,2,196,2,4,0,128,1432,408,1948
013-024,0,0,0,1078,17,0,2,23,0,0,0,180,0,0,1370,4,484,2,0,0,52,0,0,74,2,8,0,90,1300,228,1858
013-025,0,0,0,1232,26,0,0,36,0,0,0,266,0,0,774,12,506,2,6,0,52,0,0,56,2,6,0,108,1560,232,1292
013-027,0,0,0,934,24,0,0,35,0,0,0,201,0,0,796,4,496,2,6,0,64,0,2,68,4,4,0,94,1194,244,1296
013-028,0,0,0,605,25,0,0,16,0,0,0,131,0,0,362,2,282,2,4,2,34,0,0,38,2,0,0,46,777,128,646
013-029,0,0,0,803,22,0,0,23,0,0,0,157,0,0,704,4,460,6,2,4,78,0,0,50,0,6,0,66,1005,212,1168
013-030,0,0,0,851,38,0,0,12,0,0,0,145,0,0,626,2,390,0,2,0,44,0,0,48,0,2,0,70,1046,166,1018
013-031,0,0,0,659,12,0,0,22,0,0,0,108,0,0,674,2,352,0,2,0,30,0,0,58,0,2,0,48,801,140,1028
013-032,0,0,0,1032,24,0,5,22,0,0,0,140,0,0,828,2,466,2,2,0,36,0,0,58,0,0,0,46,1223,144,1296
013-033,0,0,0,492,11,0,7,22,0,0,0,185,0,0,552,6,300,0,4,2,78,2,0,34,0,0,0,52,717,172,858
013-034,0,0,0,818,24,0,6,36,0,0,0,219,0,0,890,4,470,2,2,4,70,0,0,122,6,4,2,108,1103,320,1364
013-035,0,0,0,847,13,0,4,26,0,0,0,217,0,0,662,6,426,2,0,0,72,2,0,28,2,2,2,80,1107,190,1094
013-036,0,1,0,840,9,0,3,41,0,0,0,207,0,0,610,0,400,2,2,0,46,0,2,46,0,4,2,78,1101,182,1010
013-037,0,0,0,626,19,0,1,23,0,0,0,181,0,0,458,4,224,2,6,0,60,0,0,38,2,0,0,98,850,206,686
013-038,0,7,0,1333,20,0,21,51,0,0,0,570,0,0,1618,8,616,8,2,4,184,4,4,426,6,4,0,238,2002,880,2242
013-039,0,1,1,737,11,0,10,29,0,0,0,111,0,0,984,0,486,2,0,0,44,0,0,100,0,0,0,72,900,218,1470
013-040,0,0,0,693,31,0,0,42,0,0,0,220,0,0,694,8,472,0,2,2,76,0,0,108,4,0,6,120,986,318,1174
013-042,0,0,0,543,9,0,2,22,0,0,0,99,0,0,484,2,292,0,6,0,46,2,0,44,0,4,0,34,675,136,778
013-043,0,2,1,660,23,0,6,29,0,0,1,195,0,0,486,2,282,4,2,0,76,0,2,50,0,4,0,94,917,232,770
013-044,0,0,0,684,25,0,5,22,0,0,0,137,0,0,662,4,360,0,0,2,52,0,0,46,0,4,0,60,873,164,1026
013-045,0,0,0,549,11,0,5,12,0,0,0,197,0,0,430,2,248,8,2,0,66,0,0,56,2,6,0,90,774,230,680
013-046,0,0,0,581,8,0,8,38,0,0,0,329,0,0,548,10,290,8,0,0,78,2,0,146,2,2,0,148,964,386,848
013-047,0,0,0,957,22,0,5,27,0,0,0,59,0,0,854,0,670,0,2,2,20,0,0,44,4,2,0,20,1070,94,1524
013-049,0,0,0,366,13,0,0,6,0,0,0,83,0,0,368,2,142,2,0,2,18,2,0,26,4,0,0,20,468,74,512
013-050,0,0,0,547,17,0,5,14,0,0,0,64,0,0,806,0,446,8,0,0,32,0,2,56,0,2,0,46,647,146,1252
013-051,0,1,0,991,27,0,8,64,0,0,0,371,0,0,952,6,568,2,6,0,96,4,2,152,2,2,2,224,1462,492,1526
013-052,0,2,0,613,9,0,4,27,0,0,0,301,0,0,662,2,314,0,2,0,94,0,2,132,0,4,0,128,956,362,978
013-053,0,3,0,572,21,0,9,12,0,0,0,157,0,0,532,0,292,4,0,0,42,0,4,84,0,4,0,70,774,208,824
013-054,0,0,0,664,8,0,2,15,0,0,0,323,0,0,902,2,226,8,2,4,72,2,2,116,0,12,4,216,1012,438,1130
013-055,0,0,0,560,13,0,0,12,0,0,0,55,0,0,440,0,212,0,0,0,26,0,0,14,0,4,0,14,640,58,652
013-056,0,0,0,814,18,0,1,16,0,1,0,208,0,0,832,0,356,2,4,0,102,2,0,66,6,2,2,100,1058,286,1188
013-057,0,0,0,321,9,0,2,6,0,0,0,80,0,0,258,0,118,0,2,0,44,0,0,14,0,0,0,28,418,88,376
013-058,0,0,0,1207,26,0,20,45,0,0,0,228,0,0,1202,2,750,2,0,0,58,0,0,196,0,2,2,114,1526,374,1954
013-059,0,0,0,579,17,0,3,18,0,0,0,141,0,0,564,4,294,2,2,0,48,0,0,72,0,0,0,64,758,188,862
013-060,0,0,0,8,0,0,0,0,0,0,0,5,0,0,0,0,0,0,0,0,0,0,0,0,2,0,0,2,13,4,0
013-061,0,0,1,1080,21,0,6,40,0,0,0,354,0,0,1020,8,656,6,2,0,118,2,0,114,0,0,2,196,1502,440,1684
013-063,0,0,0,332,10,0,5,9,0,0,0,89,0,0,286,2,136,0,0,0,40,0,0,38,0,4,0,52,445,134,424
013-064,0,0,0,974,14,0,1,19,0,0,0,117,0,0,780,2,324,4,4,2,28,0,0,28,0,2,0,36,1125,104,1106
013-065,0,3,0,467,9,0,3,21,0,0,0,44,0,0,376,0,364,0,2,0,14,0,0,40,0,0,0,14,547,70,740
013-068,0,0,0,1244,36,0,3,24,0,0,0,97,0,0,1552,2,852,6,0,0,34,2,0,30,0,0,0,50,1404,122,2406
013-069,0,0,0,639,4,0,1,13,0,0,0,274,0,0,1072,2,220,8,6,2,86,2,2,176,0,0,0,166,931,448,1294
013-070,0,0,0,48,0,0,0,2,0,0,0,17,0,0,40,0,32,0,0,0,4,0,0,0,0,0,2,20,67,26,72
013-071,0,0,0,507,6,0,0,14,0,0,0,215,0,0,764,0,156,2,6,4,64,2,0,146,0,0,2,120,742,346,920
013-099,0,0,0,0,0,0,0,0,0,0,0,0,0,0,0,0,0,0,0,0,0,0,0,0,0,0,0,0,0,0,0
014-000,0,0,0,105,8,0,2,6,0,0,0,93,0,0,32,0,68,0,2,0,20,0,0,18,2,2,2,60,214,106,100
014-001,0,1,2,2924,101,1,24,298,0,0,0,4879,0,0,2588,40,2060,18,64,12,1232,6,10,1066,22,24,6,3468,8230,5928,4688
014-002,0,0,6,3431,93,1,30,289,0,0,0,4490,0,0,2720,28,1808,18,80,4,982,6,12,798,10,40,0,2778,8340,4728,4556
014-003,0,3,0,1502,54,0,13,108,0,0,0,1471,0,0,1294,16,862,4,16,8,308,2,2,296,4,10,4,936,3151,1590,2172
014-004,0,0,2,1337,32,0,10,43,0,0,0,446,0,0,1398,6,726,4,4,0,84,0,2,132,2,4,0,238,1870,470,2130
014-005,0,1,1,736,24,0,9,35,0,0,0,316,0,0,630,2,370,2,10,2,116,0,0,94,2,6,0,124,1122,356,1002
014-006,0,2,0,919,37,0,11,102,0,0,1,1105,0,0,834,18,730,6,14,0,236,0,4,258,2,12,2,650,2177,1184,1582
014-007,0,1,2,1182,38,0,3,47,0,0,0,654,0,0,1220,12,730,2,16,2,104,2,0,98,4,8,0,368,1927,604,1962
014-008,0,0,0,1645,39,0,2,27,0,0,0,382,0,0,1424,2,688,0,14,0,74,0,0,46,2,4,2,240,2095,382,2114
014-009,0,0,0,1916,40,0,4,42,0,0,0,686,0,0,2012,8,784,4,4,2,154,0,0,88,2,8,2,376,2688,640,2804
014-010,0,0,0,868,22,0,2,42,0,0,0,563,0,0,1000,8,500,10,6,0,76,0,0,84,2,6,2,338,1497,524,1508
014-011,0,0,0,655,16,0,4,35,0,0,0,498,0,0,750,2,348,8,2,2,110,4,0,78,0,0,0,340,1208,544,1100
014-012,0,0,0,955,45,0,9,74,0,0,0,754,0,0,1066,14,626,2,6,0,140,0,0,146,0,0,0,402,1837,696,1706
014-013,0,0,1,761,13,0,2,37,0,0,0,454,0,0,784,4,424,2,8,2,82,0,0,56,4,6,0,244,1268,404,1212
014-014,0,0,0,151,6,0,1,5,0,0,0,100,0,0,92,2,98,0,2,2,18,0,0,8,2,0,0,74,263,106,192
014-015,0,0,0,142,1,0,2,3,0,0,0,30,0,0,138,0,42,0,2,0,16,0,0,10,0,0,0,8,178,36,180
014-016,0,0,0,44,1,0,0,0,0,0,0,22,0,0,54,0,18,0,0,0,8,0,0,4,0,0,0,6,67,18,72
014-017,0,0,0,1,0,0,0,0,0,0,0,0,0,0,0,0,0,0,0,0,0,0,0,0,0,0,0,0,1,0,0
014-099,0,0,0,0,0,0,0,0,0,0,0,0,0,0,0,0,0,0,0,0,0,0,0,0,0,0,0,0,0,0,0
015-000,0,0,0,144,12,0,0,15,0,0,0,870,0,0,118,2,138,6,8,2,172,0,2,70,4,10,2,638,1041,914,258
015-001,0,0,2,2753,76,0,10,184,0,0,0,2644,0,0,2668,20,1254,28,46,0,488,4,10,308,8,14,0,1732,5669,2638,3942
015-002,1,0,0,1926,58,0,19,129,0,0,0,2214,0,0,1782,36,954,8,34,4,424,0,6,284,12,6,4,1380,4347,2162,2772
015-003,0,0,0,2145,38,0,9,64,0,0,0,1249,0,0,2482,4,934,6,28,10,238,0,4,112,4,0,0,856,3505,1258,3420
015-004,0,0,0,1748,41,0,4,43,0,0,0,525,0,0,1832,14,816,2,24,0,102,2,0,68,2,0,4,282,2361,486,2662
015-005,0,0,1,2936,67,0,3,80,0,0,0,1037,0,0,3552,16,1558,8,16,6,134,4,4,136,6,10,0,642,4124,966,5126
015-006,0,0,0,1479,30,0,4,46,0,0,0,1151,0,0,1958,16,840,0,14,4,148,0,2,114,6,2,2,776,2710,1068,2814
015-007,0,0,0,997,19,0,2,28,0,0,0,701,0,0,966,12,444,0,8,6,54,0,0,60,0,6,0,406,1747,540,1422
015-008,0,0,0,656,21,0,5,33,0,0,0,855,0,0,672,4,428,0,20,6,110,2,2,76,4,0,0,550,1570,770,1104
015-009,0,0,0,976,19,0,1,23,0,0,0,472,0,0,1048,8,434,4,8,0,46,0,0,36,2,4,0,328,1491,428,1490
015-010,0,0,0,917,28,0,1,44,0,0,0,646,0,0,930,12,496,2,10,4,54,10,2,40,0,4,2,374,1636,502,1438
015-011,0,0,0,948,23,0,2,50,0,0,0,709,0,0,800,10,422,2,0,0,58,0,0,42,0,2,0,352,1732,456,1232
015-012,0,0,0,332,13,0,3,29,0,0,0,672,0,0,322,8,266,6,2,0,98,2,0,58,2,2,0,358,1049,528,596
015-013,0,0,1,415,11,0,1,23,0,0,0,640,0,0,450,22,270,4,2,0,38,0,0,44,2,2,0,394,1091,486,742
015-014,0,0,2,578,9,0,0,18,0,0,0,337,0,0,654,6,248,2,0,0,22,0,0,26,2,0,0,192,944,244,908
015-015,0,0,0,526,11,0,0,41,0,0,0,660,0,0,486,2,312,0,6,2,52,4,0,28,0,2,2,354,1238,450,800
015-016,0,0,0,595,16,0,2,30,0,1,0,595,0,0,538,6,308,2,6,0,74,2,0,26,0,0,0,310,1239,420,852
015-017,0,0,0,1604,22,0,1,18,0,0,0,368,0,0,1344,8,606,0,6,2,44,4,0,22,0,0,0,268,2013,346,1958
015-018,0,0,0,1375,25,0,3,33,0,0,0,700,0,0,1306,10,560,4,14,0,46,0,0,64,0,2,0,476,2136,606,1876
015-019,0,0,0,376,19,0,2,46,0,0,0,1047,0,0,364,22,428,4,10,2,124,0,0,110,2,2,0,774,1490,1028,814
015-020,0,0,0,1186,28,0,2,40,0,0,0,1233,0,0,1248,22,752,0,8,0,102,0,2,44,0,2,0,724,2489,882,2022
015-021,0,0,0,622,18,0,1,19,0,0,0,1242,0,0,856,24,574,4,16,0,108,4,0,86,2,4,0,932,1902,1156,1454
015-022,0,0,0,793,23,0,4,40,0,0,0,1311,0,0,848,32,540,4,6,0,92,0,2,64,0,2,0,770,2171,940,1420
015-023,0,0,0,1602,27,0,2,22,0,0,0,221,0,0,1290,8,536,0,12,2,28,4,0,8,2,4,0,82,1874,142,1834
015-024,0,0,0,664,8,0,0,16,0,0,0,165,0,0,656,4,200,0,2,0,46,2,0,24,0,0,2,128,853,204,860
015-025,0,0,0,505,15,0,2,35,0,0,0,966,0,0,464,8,330,2,8,0,98,2,0,86,4,0,0,596,1523,796,802
015-026,0,0,0,149,11,0,0,25,0,0,0,776,0,0,180,18,212,4,4,2,70,2,0,94,0,4,0,596,961,776,410
016-000,1,0,0,625,29,0,6,113,0,0,0,2470,0,0,438,4,556,10,62,8,670,4,12,356,12,22,2,1816,3244,2974,998
016-001,0,3,0,1198,45,0,7,121,0,0,0,1530,1,0,880,4,696,6,22,4,360,4,6,314,8,4,2,1052,2905,1782,1580
016-002,0,9,0,734,18,0,7,17,0,0,0,173,0,0,748,2,264,0,0,0,26,0,0,58,0,2,0,140,958,226,1014
016-003,0,14,0,1961,88,0,26,74,0,0,0,610,0,0,1928,4,1138,8,12,0,112,2,0,198,0,8,0,402,2773,742,3070
016-004,0,2,0,1367,25,0,2,28,0,0,0,300,0,0,1068,2,510,0,12,2,50,0,0,36,2,2,0,154,1724,258,1580
016-005,0,0,0,939,16,0,2,42,0,0,0,299,0,0,894,0,338,2,8,0,56,2,2,74,0,2,0,218,1298,364,1232
016-006,0,0,0,587,13,0,0,8,0,0,0,88,0,0,652,4,220,2,2,0,18,0,0,32,0,0,0,88,696,142,876
016-007,0,0,0,469,8,0,0,1,0,0,0,11,0,0,524,0,170,0,0,0,0,0,0,4,0,2,0,0,489,6,694
016-008,0,0,0,270,5,0,0,1,0,0,0,7,0,0,358,0,96,0,0,0,0,0,0,0,0,0,0,0,283,0,454
016-009,0,0,0,557,5,0,0,4,0,0,0,4,0,0,648,0,134,2,2,0,2,0,0,0,0,0,0,0,570,6,782
016-010,0,0,0,313,0,0,0,0,0,0,0,3,0,0,336,0,92,0,0,0,2,0,0,0,0,0,0,0,316,2,428
016-011,0,0,0,256,1,0,0,0,0,0,0,4,0,0,296,0,80,0,0,0,0,0,0,0,0,0,0,0,261,0,376
016-012,0,0,0,608,6,0,0,3,0,0,0,10,0,0,690,0,212,0,4,0,6,2,0,0,0,0,0,2,627,14,902
016-013,0,0,0,480,3,0,0,2,0,0,0,9,0,0,618,0,136,0,0,0,4,2,0,2,0,0,0,2,494,10,754
016-014,0,0,0,628,9,0,0,10,0,0,0,9,0,0,1130,0,280,0,0,0,4,0,0,4,0,0,0,2,656,10,1410
016-098,0,0,0,0,0,0,0,0,0,0,0,0,0,0,0,0,0,0,0,0,0,0,0,0,0,0,0,0,0,0,0
016-099,0,0,0,0,0,0,0,0,0,0,0,0,0,0,0,0,0,0,0,0,0,0,0,0,0,0,0,0,0,0,0
017-001,1,1,1,2408,79,0,18,152,0,0,0,2030,0,0,1672,8,1196,12,48,6,492,6,4,334,8,10,0,1348,4690,2268,2876
017-002,0,2,0,1526,34,0,2,18,0,0,0,122,0,0,1354,2,658,4,4,0,14,0,2,14,2,4,0,46,1704,90,2014
017-003,0,1,0,783,8,0,1,13,0,0,0,77,0,0,572,4,202,4,2,2,24,0,0,6,0,4,0,22,883,64,778
017-004,0,0,0,817,10,0,0,7,0,0,0,55,0,0,562,2,212,0,0,0,4,0,0,4,0,0,0,20,889,28,776
017-005,0,0,0,530,7,0,1,6,0,0,0,27,0,0,450,0,188,4,0,0,12,0,0,10,0,2,2,4,571,34,638
017-006,0,0,0,481,10,0,0,9,0,0,0,33,0,0,344,0,144,0,0,0,2,0,0,10,0,2,0,16,533,30,488
017-007,0,0,0,1224,23,0,4,5,0,0,0,56,0,0,1026,2,368,0,0,0,32,0,0,14,0,2,0,8,1312,56,1396
017-008,0,0,0,208,7,0,2,6,0,0,0,25,0,0,148,0,136,0,2,0,6,0,0,6,0,2,0,22,248,38,284
017-009,0,0,0,504,6,0,4,11,0,0,0,71,0,0,432,2,180,2,2,0,18,0,0,10,0,0,0,16,596,48,614
017-010,0,0,0,1339,26,0,0,9,0,0,0,81,0,0,1010,2,418,2,4,0,14,2,0,8,0,2,0,34,1455,66,1430
017-011,0,0,0,1089,11,0,0,10,0,0,0,55,0,0,968,4,170,2,2,0,6,0,0,6,0,0,0,14,1165,30,1142
017-012,0,0,0,906,26,0,1,14,0,0,0,65,0,0,640,0,236,0,0,0,20,0,0,12,0,2,0,26,1012,60,876
017-013,0,0,0,126,0,0,0,1,0,0,0,5,0,0,46,0,32,0,0,0,2,0,0,4,0,0,0,2,132,8,78
017-014,0,0,0,671,11,0,2,4,0,0,0,46,0,0,384,0,220,0,0,0,10,0,0,20,0,0,0,12,734,42,604
017-015,0,0,0,94,0,0,0,4,0,0,0,6,0,0,50,0,28,0,0,0,4,0,2,2,0,0,0,6,104,14,78
018-000,0,0,0,94,9,0,0,14,0,0,0,769,0,0,80,0,76,16,12,4,100,0,4,90,0,0,2,568,886,796,156
018-001,0,0,0,2366,57,0,15,153,0,0,0,2164,0,0,1856,14,916,8,46,0,580,4,2,468,6,16,0,1252,4755,2382,2786
018-002,0,0,2,1777,40,0,11,119,0,0,0,1944,0,0,1226,12,800,12,36,6,528,2,6,296,2,8,0,1312,3893,2208,2038
018-003,0,0,0,1374,32,0,10,78,0,0,0,1115,0,0,920,8,496,10,30,0,286,2,4,264,0,16,0,776,2609,1388,1424
018-004,0,0,0,634,11,0,1,15,0,0,0,71,0,0,424,0,130,0,2,0,18,0,0,8,0,0,0,30,732,58,554
018-005,0,0,0,535,5,0,0,3,0,0,0,12,0,0,362,0,140,0,0,0,0,0,0,2,0,0,0,2,555,4,502
018-006,0,0,0,1122,15,0,0,4,0,0,0,23,0,0,1110,0,256,0,0,0,6,0,0,2,0,0,0,10,1164,18,1366
018-007,0,0,0,996,13,0,0,9,0,0,0,15,0,0,866,0,224,2,0,0,2,0,0,6,0,2,0,4,1033,16,1090
018-008,0,0,0,568,13,0,0,2,0,0,0,10,0,0,546,2,128,0,0,0,2,0,0,0,0,0,0,2,593,4,676
018-009,0,0,0,772,11,0,2,7,0,0,0,18,0,0,752,0,220,0,0,0,6,0,0,0,0,0,0,6,810,12,972
018-010,0,0,0,396,8,0,0,2,0,0,0,10,0,0,420,2,92,0,0,0,0,0,0,0,0,2,0,4,416,6,514
018-011,0,0,0,732,7,0,0,3,0,0,0,24,0,0,548,2,120,2,0,0,12,0,0,2,0,0,0,8,766,24,670
018-012,0,0,0,29,1,0,0,2,0,0,0,4,0,0,44,0,24,0,0,0,0,0,0,4,0,0,0,0,36,4,68
018-013,0,0,0,304,5,0,0,1,0,0,0,4,0,0,178,0,34,0,0,0,0,0,0,0,0,0,0,0,314,0,212
018-014,0,0,0,51,1,0,0,1,0,0,0,2,0,0,148,0,34,0,0,0,2,0,0,2,0,0,0,0,55,4,182
018-015,0,0,0,26,1,0,0,1,0,0,0,0,0,0,28,0,2,0,0,0,0,0,0,0,0,0,0,0,28,0,30
018-016,0,0,0,14,0,0,0,0,0,0,0,0,0,0,18,0,2,0,0,0,0,0,0,0,0,0,0,0,14,0,20
018-099,0,0,0,0,0,0,0,0,0,0,0,0,0,0,0,0,0,0,0,0,0,0,0,0,0,0,0,0,0,0,0
019-000,0,5,0,286,16,0,6,32,0,0,0,794,0,0,200,0,190,4,20,0,262,4,0,70,2,4,4,498,1139,868,390
019-001,0,0,2,1524,35,0,8,40,1,0,0,819,0,0,1240,12,654,0,18,2,192,0,0,116,2,2,2,438,2429,772,1906
019-002,0,0,1,1156,27,0,3,30,0,0,0,159,0,0,908,4,514,2,8,0,44,2,0,20,0,2,0,102,1376,180,1426
019-003,0,2,0,651,30,0,10,23,0,0,0,104,0,0,804,2,558,2,0,0,46,0,0,104,0,0,0,62,820,214,1364
019-004,0,0,0,487,3,0,1,7,0,0,0,58,0,0,368,0,152,0,2,0,8,0,0,8,0,0,2,18,556,38,520
019-005,0,0,0,22,0,0,0,0,0,0,0,0,0,0,0,0,0,0,0,0,0,0,0,0,0,0,0,0,22,0,0
019-098,0,0,0,0,0,0,0,0,0,0,0,0,0,0,0,0,0,0,0,0,0,0,0,0,0,0,0,0,0,0,0
019-099,0,0,0,0,0,0,0,0,0,0,0,0,0,0,0,0,0,0,0,0,0,0,0,0,0,0,0,0,0,0,0
020-000,0,0,0,265,18,0,3,37,0,0,0,1371,0,0,226,4,206,10,18,6,334,4,6,132,4,8,2,958,1694,1482,436
020-001,0,0,0,1671,41,0,6,70,0,0,0,995,0,0,1606,4,642,6,10,0,290,0,2,168,4,6,2,596,2783,1084,2252
020-002,0,0,0,443,8,0,0,12,0,0,0,37,0,0,378,4,150,0,2,0,12,0,0,8,2,0,0,10,500,34,532
020-003,0,0,0,1056,13,0,0,3,0,0,0,41,0,0,1200,2,292,0,0,0,6,0,0,4,0,0,0,8,1113,18,1494
020-004,0,0,0,699,9,0,0,5,0,0,0,61,0,0,714,4,198,0,0,0,12,0,0,8,0,2,0,16,774,38,916
020-005,0,0,1,1010,15,0,1,10,0,0,0,96,0,0,1112,2,316,2,0,0,18,2,0,26,2,2,0,32,1133,84,1430
020-006,0,0,0,1485,18,0,3,15,0,0,0,81,0,0,1566,4,470,0,6,2,22,2,0,18,0,0,0,30,1602,80,2040
020-007,0,0,0,974,15,0,1,7,0,0,0,46,0,0,1142,0,312,2,0,0,0,0,0,0,0,2,0,6,1043,10,1454
020-008,0,0,0,534,13,0,0,3,0,0,0,36,0,0,572,0,206,0,0,0,4,0,0,2,0,0,0,10,586,16,778
020-009,0,0,0,624,21,0,2,18,0,0,0,126,0,0,756,2,270,0,2,0,28,0,0,22,0,0,0,60,791,112,1028
020-010,0,0,0,412,7,0,2,7,0,0,0,61,0,0,352,0,146,2,0,0,32,0,2,12,0,0,0,24,489,72,498
020-011,0,0,0,1173,28,0,1,20,0,0,0,98,0,0,1168,0,328,0,6,0,28,2,0,6,0,0,0,38,1320,80,1496
020-012,0,0,0,490,11,0,0,4,0,0,0,19,0,0,420,0,132,0,0,0,6,0,0,2,0,2,0,4,524,14,552
020-013,0,0,0,236,4,0,0,3,0,0,0,13,0,0,122,0,60,0,0,0,2,0,0,6,0,0,0,6,256,14,182
020-014,0,0,0,97,2,0,0,0,0,0,0,5,0,0,66,0,36,0,0,0,0,0,0,0,0,0,0,6,104,6,102
020-015,0,0,0,184,1,0,0,2,0,0,0,4,0,0,0,0,0,0,0,0,0,0,0,0,0,0,0,0,191,0,0
020-016,0,0,0,109,0,0,0,0,0,0,0,7,0,0,136,0,42,0,0,0,0,0,0,4,0,0,0,0,116,4,178
020-017,0,0,0,7,0,0,0,0,0,0,0,0,0,0,6,0,2,0,0,0,0,0,0,0,0,0,0,0,7,0,8
020-018,0,0,0,337,5,0,0,2,0,0,0,10,0,0,162,0,70,0,0,0,0,0,0,0,0,0,0,2,354,2,232
020-019,0,0,0,602,6,0,2,9,0,0,0,65,0,0,596,0,170,0,0,0,14,0,0,8,2,0,0,26,684,50,766
020-020,0,0,0,117,0,0,0,1,0,0,0,6,0,0,130,0,40,0,0,0,0,0,0,2,0,0,0,0,124,2,170
020-021,0,0,0,321,3,0,2,9,0,0,0,97,0,0,254,2,92,0,0,0,12,0,0,6,0,0,0,68,432,86,348
020-097,0,0,0,0,0,0,0,0,0,0,0,0,0,0,0,0,0,0,0,0,0,0,0,0,0,0,0,0,0,0,0
020-098,0,0,0,0,0,0,0,0,0,0,0,0,0,0,0,0,0,0,0,0,0,0,0,0,0,0,0,0,0,0,0
020-099,0,0,0,0,0,0,0,0,0,0,0,0,0,0,0,0,0,0,0,0,0,0,0,0,0,0,0,0,0,0,0
021-000,0,0,0,83,3,0,0,13,0,0,0,407,0,0,78,0,88,2,8,2,100,0,0,24,0,0,0,304,506,440,166
021-001,0,0,1,1714,74,0,17,165,0,0,0,1343,0,0,1108,8,1290,16,38,6,392,8,8,382,20,22,4,980,3314,1876,2406
021-002,0,0,0,1967,67,1,17,172,0,0,0,1175,0,0,1416,12,1238,14,14,8,370,2,2,392,6,12,2,680,3399,1502,2666
021-003,0,3,2,2157,73,0,17,110,0,0,0,856,0,0,1800,12,1456,10,20,4,272,10,6,320,8,8,4,526,3218,1188,3268
021-004,0,2,2,1287,32,0,6,88,0,0,0,623,0,0,832,4,766,6,4,0,220,2,4,178,6,12,4,390,2040,826,1602
021-005,0,0,0,617,12,0,1,9,0,0,0,117,0,0,536,4,212,0,0,0,14,0,0,32,0,2,2,42,756,92,752
021-006,0,1,0,825,29,0,11,31,0,1,0,205,0,0,776,0,704,4,4,2,70,2,0,90,2,0,0,132,1103,306,1480
021-007,0,0,1,748,27,0,8,50,0,0,0,422,0,0,570,4,494,2,6,0,98,0,0,104,2,4,0,266,1256,482,1068
021-008,0,0,0,1012,19,0,0,8,0,0,0,41,0,0,464,0,270,0,0,0,10,0,0,10,0,0,0,10,1080,30,734
021-009,0,0,0,309,14,0,6,12,0,0,0,76,0,0,300,4,146,2,0,4,20,0,0,26,2,0,2,34,417,90,450
021-010,0,2,0,612,24,0,5,24,0,0,0,191,0,0,436,0,372,0,6,0,70,0,0,48,4,0,0,96,858,224,808
021-011,0,0,0,897,13,0,1,8,0,0,0,79,0,0,772,2,292,4,2,0,18,0,0,18,0,0,0,38,998,80,1066
021-012,0,0,0,166,3,0,4,6,0,0,0,54,0,0,188,0,124,0,0,0,26,0,0,28,0,0,0,32,233,86,312
021-013,0,0,0,978,19,0,2,17,0,0,0,79,0,0,872,0,436,2,8,0,18,0,0,30,0,0,0,36,1095,94,1308
021-014,0,0,0,490,14,0,6,9,0,0,0,105,0,0,432,0,238,4,2,0,38,0,0,18,0,0,2,42,624,106,670
021-015,0,0,0,377,16,0,6,13,0,0,0,105,0,0,302,2,264,0,0,0,40,0,0,42,0,0,0,26,517,108,568
021-016,0,0,0,602,14,0,1,5,0,0,0,69,0,0,626,0,210,0,4,0,14,0,0,16,0,0,0,26,691,60,836
021-017,0,0,0,1202,30,1,16,63,0,0,0,138,0,0,232,0,852,2,0,0,28,0,0,118,2,2,0,34,1450,186,1084
021-018,0,0,0,891,11,0,0,9,0,0,0,73,0,0,882,2,358,0,0,0,16,0,0,22,0,0,0,34,984,72,1242
021-019,0,0,0,6,0,0,0,0,0,0,0,5,0,0,2,0,0,0,0,0,0,0,0,0,0,0,0,0,11,0,2
021-091,0,0,0,0,0,0,0,0,0,0,0,0,0,0,0,0,0,0,0,0,0,0,0,0,0,0,0,0,0,0,0
021-092,0,0,0,0,0,0,0,0,0,0,0,0,0,0,0,0,0,0,0,0,0,0,0,0,0,0,0,0,0,0,0
021-093,0,0,0,0,0,0,0,0,0,0,0,0,0,0,0,0,0,0,0,0,0,0,0,0,0,0,0,0,0,0,0
021-094,0,0,0,0,0,0,0,0,0,0,0,0,0,0,0,0,0,0,0,0,0,0,0,0,0,0,0,0,0,0,0
021-095,0,0,0,0,0,0,0,0,0,0,0,0,0,0,0,0,0,0,0,0,0,0,0,0,0,0,0,0,0,0,0
021-096,0,0,0,0,0,0,0,0,0,0,0,0,0,0,0,0,0,0,0,0,0,0,0,0,0,0,0,0,0,0,0
021-097,0,0,0,0,0,0,0,0,0,0,0,0,0,0,0,0,0,0,0,0,0,0,0,0,0,0,0,0,0,0,0
021-098,0,0,0,0,0,0,0,0,0,0,0,0,0,0,0,0,0,0,0,0,0,0,0,0,0,0,0,0,0,0,0
021-099,0,0,0,0,0,0,0,0,0,0,0,0,0,0,0,0,0,0,0,0,0,0,0,0,0,0,0,0,0,0,0
022-001,0,2,0,1042,37,0,5,123,0,0,0,1248,1,0,900,8,614,14,30,2,246,0,6,210,2,8,6,742,2458,1266,1522
022-002,0,0,4,930,19,0,5,75,0,0,0,663,0,0,818,8,548,4,14,0,108,4,2,160,2,0,0,404,1696,698,1374
023-000,0,0,3,502,28,0,3,84,0,0,0,2069,0,0,432,14,422,12,46,2,488,6,16,194,6,20,0,1494,2689,2284,868
023-001,0,1,1,1364,42,0,13,154,0,0,0,1302,0,0,932,6,820,8,26,0,374,2,4,368,10,8,2,754,2877,1556,1758
023-002,0,0,0,350,7,0,4,22,0,0,0,74,0,0,316,2,194,0,0,0,12,0,0,30,0,0,0,38,457,80,512
023-003,0,0,1,592,21,0,5,78,0,0,0,278,0,0,304,8,450,2,0,2,28,2,2,122,2,4,0,84,975,248,762
023-004,0,0,0,0,0,0,0,0,0,0,0,0,0,0,0,0,0,0,0,0,0,0,0,0,0,0,0,0,0,0,0
024-000,0,0,0,131,5,0,0,13,0,0,0,566,0,0,94,2,98,2,10,0,126,0,4,86,2,6,0,390,715,626,194
024-001,0,0,2,685,27,0,12,70,0,0,0,776,0,0,548,8,444,10,10,2,238,0,2,222,6,8,0,572,1572,1070,1000
024-002,0,0,0,478,17,0,6,40,0,0,0,378,0,0,350,0,304,2,14,2,84,2,0,170,4,6,0,192,919,476,654
024-003,0,0,0,753,17,0,6,66,0,0,0,344,0,0,696,2,350,2,0,0,92,0,2,164,4,4,2,218,1186,488,1048
024-004,0,0,0,796,19,0,11,83,0,0,0,391,0,0,590,8,550,0,0,0,54,2,2,158,4,4,0,162,1300,386,1148
024-005,0,0,0,1219,20,0,13,125,0,0,0,827,0,0,1000,10,752,4,2,0,136,2,0,254,0,8,0,368,2204,774,1762
024-006,0,0,0,2,0,0,0,0,0,0,0,7,0,0,0,0,0,0,0,0,2,0,0,2,0,0,0,2,9,6,0
025-001,0,0,2,1804,49,0,15,127,0,0,0,1086,0,0,1484,12,872,4,16,4,244,4,6,118,6,12,0,522,3083,936,2368
025-002,0,0,0,989,26,0,3,44,0,0,0,588,0,0,806,6,436,4,12,0,140,2,0,40,0,4,2,318,1650,522,1248
025-003,0,0,0,371,15,0,6,22,0,0,0,386,0,0,268,10,290,2,0,0,38,0,0,42,4,4,0,164,800,254,568
025-004,0,0,0,748,27,0,3,74,0,0,0,942,0,0,572,10,398,6,16,0,164,6,4,56,4,4,0,436,1794,696,980
025-005,0,0,0,653,11,0,0,5,0,0,0,117,0,0,566,0,220,0,0,0,8,2,0,2,0,0,0,48,786,60,786
025-006,0,0,0,386,4,0,0,1,0,0,0,4,0,0,384,0,120,0,0,0,0,0,0,0,0,0,0,2,395,2,504
025-007,0,0,0,180,3,0,0,3,0,0,0,14,0,0,152,0,52,0,0,0,6,0,0,2,0,0,0,6,200,14,204
025-008,0,0,0,833,9,0,0,8,0,0,0,20,0,0,790,0,240,0,0,2,0,0,0,2,0,0,0,6,870,10,1030
025-009,0,0,0,472,3,0,0,0,0,0,0,3,0,0,474,2,86,0,2,2,2,2,0,0,0,0,0,0,478,8,562
025-010,0,0,0,481,10,0,1,4,0,0,0,13,0,0,510,2,140,0,0,0,0,0,0,2,0,0,0,0,509,2,652
025-011,0,0,0,140,2,0,0,5,0,0,0,123,0,0,94,0,96,0,0,0,8,2,0,16,0,0,0,48,270,74,190
025-012,0,0,0,263,8,0,0,15,0,0,0,215,0,0,220,0,140,4,4,0,24,0,0,16,0,4,0,96,501,148,360
025-013,0,0,0,162,4,0,0,7,0,0,0,100,0,0,104,2,90,0,6,2,12,0,0,4,0,2,0,52,273,78,196
025-014,0,0,0,310,11,0,0,2,0,0,0,43,0,0,214,2,76,0,0,0,8,0,0,2,0,0,0,12,366,22,292
025-015,0,0,0,291,3,0,0,8,0,0,0,76,0,0,226,0,72,0,2,0,14,0,0,2,0,0,0,30,378,48,298
025-016,0,0,0,255,13,0,0,11,0,0,0,206,0,0,252,2,152,0,8,0,22,0,2,6,0,2,0,76,485,116,406
025-017,0,0,0,89,1,0,0,7,0,0,0,39,0,0,52,0,54,0,0,0,4,0,0,0,0,0,0,16,136,20,106
025-018,0,0,0,65,5,0,0,0,0,0,0,27,0,0,82,0,44,0,0,0,0,0,0,0,0,0,0,14,97,14,126
026-000,0,0,0,382,21,0,6,47,0,0,0,540,0,0,222,0,284,6,20,0,112,0,0,122,2,12,2,364,996,640,506
026-001,0,2,5,1226,47,0,18,155,0,0,0,2259,0,0,896,12,744,14,30,8,632,8,4,394,10,16,12,1364,3712,2492,1652
026-002,0,0,4,1399,42,0,11,134,0,0,0,1702,0,0,980,20,668,12,36,14,452,0,4,372,6,6,2,1004,3292,1908,1668
026-003,0,0,0,586,15,0,6,53,0,0,0,1162,0,0,478,4,390,4,2,2,256,0,4,150,2,4,0,734,1822,1158,872
026-004,0,0,0,173,7,0,1,18,0,0,0,168,0,0,140,2,150,2,2,0,12,2,0,10,0,0,0,62,367,90,292
026-005,0,0,0,115,3,0,0,7,0,0,0,74,0,0,112,6,96,2,0,0,20,0,0,0,0,0,0,38,199,60,214
026-006,0,0,0,204,3,0,1,14,0,0,0,157,0,0,160,6,128,0,0,0,10,0,0,18,0,0,0,80,379,108,294
026-007,0,0,0,248,10,0,0,32,0,0,0,155,0,0,132,0,146,0,0,4,26,0,0,46,0,0,0,56,445,132,278
026-008,0,0,0,356,6,0,2,30,0,0,0,196,0,0,286,4,182,2,4,0,30,0,0,70,0,2,0,98,590,206,472
026-009,0,0,0,553,20,1,8,78,0,0,0,353,0,0,472,14,516,2,2,4,44,0,2,144,4,16,2,182,1013,402,1002
026-010,0,0,0,459,12,0,0,35,0,1,0,176,0,0,368,2,354,2,2,6,16,2,0,50,0,0,0,50,683,128,724
026-011,0,0,0,151,11,0,0,18,0,0,0,87,0,0,128,2,126,2,0,0,8,0,0,4,0,0,0,30,267,44,256
026-012,0,0,0,195,1,0,0,1,0,0,0,11,0,0,160,0,50,0,0,0,0,0,0,0,0,0,0,0,208,0,210
026-013,0,0,0,121,3,0,0,6,0,0,0,216,0,0,86,8,118,2,0,0,16,0,0,14,0,0,0,78,346,110,212
026-014,0,0,0,141,6,0,0,10,0,0,0,152,0,0,116,0,78,0,8,2,8,0,0,4,0,2,0,72,309,96,194
026-015,0,0,0,463,8,0,0,3,0,0,0,19,0,0,516,2,156,0,6,0,8,0,0,2,0,0,0,4,493,20,674
026-016,0,0,0,351,3,0,0,2,0,0,0,6,0,0,390,0,148,0,0,0,0,0,0,0,0,0,0,0,362,0,538
026-017,0,0,0,182,3,0,1,1,0,0,0,4,0,0,162,0,82,0,2,0,2,0,0,2,0,0,0,0,191,6,244
026-018,0,0,0,369,7,0,0,2,0,0,0,14,0,0,474,0,110,0,2,0,4,0,0,2,0,0,0,12,392,20,584
026-019,0,0,0,492,8,0,1,5,0,0,0,18,0,0,600,2,174,0,0,0,2,0,0,0,0,0,0,4,524,6,776
026-020,0,0,0,249,2,0,1,2,0,0,0,5,0,0,258,2,78,0,0,0,0,0,0,0,0,0,0,4,259,4,338
026-021,0,0,0,326,4,0,0,3,0,0,0,9,0,0,300,2,78,0,0,0,0,0,0,0,0,0,0,0,342,0,380
026-022,0,0,0,234,2,0,0,2,0,0,0,10,0,0,264,0,116,0,0,0,2,0,0,0,0,0,0,8,248,10,380
026-023,0,0,0,366,11,0,0,6,0,0,0,23,0,0,352,0,156,0,2,0,2,0,0,4,0,0,0,10,406,18,508
026-024,0,0,0,563,12,0,0,2,0,0,0,18,0,0,656,2,188,0,2,0,0,0,0,2,0,0,0,4,595,8,846
026-025,0,0,0,434,13,0,0,2,0,0,0,25,0,0,304,2,188,0,0,0,2,0,0,2,0,0,0,4,474,8,494
026-026,0,0,0,437,14,0,3,13,0,0,0,52,0,0,448,0,220,0,2,0,12,2,0,4,0,0,0,30,519,50,668
026-027,0,0,0,357,4,0,0,4,0,0,0,49,0,0,416,0,160,0,0,0,6,0,0,6,0,0,0,22,414,34,576
026-028,0,0,0,250,5,0,0,5,0,0,0,16,0,0,340,0,106,0,0,0,4,0,0,2,0,0,0,10,276,16,446
026-029,0,0,0,1051,16,0,1,12,0,0,0,44,0,0,1086,4,442,2,2,0,8,0,0,6,0,0,0,24,1124,42,1532
026-030,0,0,0,286,3,0,1,9,0,0,0,60,0,0,288,0,190,0,0,0,12,0,0,14,0,2,0,22,359,50,478
026-031,0,0,0,173,8,0,2,11,0,0,0,119,0,0,188,4,120,0,2,0,26,0,0,20,0,0,0,62,313,110,312
026-032,0,0,0,583,10,0,0,5,0,0,0,35,0,0,656,4,198,0,0,0,6,0,0,2,0,0,0,10,633,18,858
026-033,0,0,0,490,4,0,0,3,0,0,0,21,0,0,548,0,214,0,2,0,6,0,0,2,0,0,0,0,518,10,762
027-001,0,0,0,997,26,0,8,61,0,0,0,817,0,0,950,2,628,12,14,4,278,2,0,324,2,22,4,706,1909,1368,1580
027-002,0,0,1,734,18,0,16,77,1,0,0,937,0,0,548,8,540,10,6,0,264,0,2,210,2,18,2,636,1784,1150,1096
027-003,0,0,0,192,6,0,0,11,0,0,0,29,0,0,182,8,178,0,2,0,0,0,0,12,4,0,0,10,238,28,368
027-004,0,0,0,180,13,0,0,9,0,0,0,52,0,0,164,0,134,4,0,0,10,0,0,24,2,0,0,26,254,66,298
027-005,0,0,0,708,26,0,3,27,0,0,0,181,0,0,656,2,550,2,2,0,44,0,0,12,2,2,2,78,945,144,1208
027-006,0,0,0,877,24,0,0,10,0,0,0,129,0,0,906,6,522,0,2,0,22,4,0,4,0,0,0,34,1040,66,1434
027-007,0,0,0,364,12,0,0,6,0,0,0,42,0,0,340,2,250,0,0,0,6,0,0,6,0,0,0,28,424,40,592
027-008,0,0,0,728,19,0,1,27,0,0,0,186,0,0,706,2,436,0,6,2,36,2,0,22,0,0,0,104,961,172,1144
027-009,0,0,0,453,13,0,1,10,0,1,0,152,0,0,450,12,314,0,6,0,34,0,0,22,0,0,0,66,630,128,776
027-010,0,0,0,205,4,0,4,13,0,0,0,151,0,0,180,4,160,0,2,0,26,0,0,26,2,0,0,64,377,120,344
027-011,0,0,0,680,21,0,0,45,0,0,0,393,0,0,554,2,556,2,6,2,66,0,2,52,4,2,0,174,1139,310,1112
027-012,0,0,0,149,4,0,0,5,0,0,0,107,0,0,142,2,126,0,0,0,6,0,0,12,0,0,2,50,265,70,270
027-013,0,0,0,819,23,0,1,24,0,0,0,144,0,0,688,6,392,2,0,0,20,0,0,24,0,6,0,62,1011,114,1086
027-014,0,0,0,657,29,0,1,36,0,0,0,283,0,0,680,8,622,2,2,2,46,0,0,22,2,2,0,160,1006,238,1310
027-015,0,0,0,664,11,0,1,5,0,0,0,64,0,0,704,0,322,0,8,0,16,0,0,4,0,0,0,24,745,52,1026
027-016,0,0,0,236,5,0,0,5,0,0,0,46,0,0,196,0,214,0,2,0,12,0,0,10,2,0,0,22,292,48,410
027-017,0,0,0,389,18,0,1,10,0,0,0,64,0,0,392,0,286,0,2,0,14,0,0,14,0,0,0,24,482,54,678
027-018,0,2,0,564,23,0,0,15,0,0,0,92,0,0,506,8,458,0,0,0,14,0,0,8,0,0,0,40,696,62,972
027-019,0,0,0,228,6,0,0,3,0,0,0,8,0,0,264,0,96,0,0,0,0,0,0,4,0,0,0,0,245,4,360
027-020,0,0,0,622,12,0,0,8,0,0,0,32,0,0,746,2,292,0,2,0,6,0,0,10,2,2,0,6,674,28,1040
027-021,0,0,0,771,20,0,0,10,0,0,0,25,0,0,886,0,376,0,0,0,0,0,0,8,0,0,0,8,826,16,1262
027-022,0,0,0,739,10,0,0,6,0,0,0,24,0,0,992,0,304,0,2,0,10,0,0,6,0,0,0,0,779,18,1296
027-023,0,0,0,202,3,0,0,1,0,0,0,8,0,0,292,2,90,0,0,0,2,0,0,0,0,0,0,4,214,6,384
027-024,0,0,0,158,2,0,0,6,0,0,0,5,0,0,164,0,72,0,0,0,0,0,0,2,0,0,0,2,171,4,236
027-025,0,0,0,332,5,0,0,0,0,0,0,17,0,0,404,2,162,0,0,0,2,0,0,0,0,0,0,4,354,6,568
027-026,0,0,0,185,7,0,0,4,0,0,0,13,0,0,246,0,140,0,0,0,4,0,0,2,0,0,0,4,209,10,386
027-027,0,0,0,374,7,0,0,3,0,0,0,7,0,0,470,0,194,0,0,0,0,0,0,0,0,0,0,0,391,0,664
027-028,0,0,0,323,9,0,0,0,0,0,0,7,0,0,364,0,134,0,0,0,0,0,0,0,0,0,0,0,339,0,498
027-029,0,0,0,281,6,0,0,4,0,0,0,6,0,0,308,0,108,0,0,0,0,0,0,2,0,0,0,0,297,2,416
027-030,0,0,0,406,3,0,0,2,0,0,0,7,0,0,534,0,168,0,0,0,4,0,0,4,0,0,0,0,418,8,702
027-031,0,0,0,681,9,0,0,10,0,0,1,29,0,0,758,0,328,0,0,0,2,0,0,0,0,0,0,12,730,14,1086
027-032,0,0,0,729,22,0,3,29,0,0,0,86,0,0,708,4,516,0,2,0,8,0,0,16,0,2,0,32,869,60,1228
027-033,0,0,0,675,28,0,5,11,0,0,0,49,0,0,734,0,438,0,2,2,12,2,2,12,0,0,0,24,768,56,1172
027-034,0,0,0,488,6,0,4,4,0,0,0,10,0,0,538,2,200,0,2,0,6,0,0,2,0,0,0,2,512,12,740
027-035,0,0,0,600,16,0,0,7,0,0,0,21,0,0,652,2,260,0,0,0,2,2,0,0,0,0,0,6,644,10,914
027-036,0,0,0,291,8,0,0,2,0,0,0,6,0,0,302,0,100,0,0,0,0,0,0,4,0,0,0,2,307,6,402
027-037,0,0,0,225,4,0,2,7,0,0,0,62,0,0,280,2,118,0,0,0,8,2,0,40,0,0,0,28,300,78,400
027-038,0,1,0,419,17,0,1,8,0,0,0,55,0,0,480,2,320,0,0,0,18,0,0,42,0,0,0,28,501,88,802
027-039,0,0,0,345,5,0,1,11,0,0,0,93,0,0,414,4,206,0,4,0,8,2,0,68,0,2,2,16,455,102,624
027-040,0,0,0,514,4,0,1,31,0,0,0,182,0,0,666,8,318,2,2,0,36,0,0,102,6,0,0,76,732,224,992
027-041,0,0,0,549,19,0,4,27,0,0,0,183,0,0,700,2,412,0,4,6,16,2,0,122,0,0,0,74,782,224,1114
027-042,0,2,0,573,12,0,0,44,0,0,0,150,0,0,742,8,380,6,0,4,30,0,0,96,0,4,2,62,781,204,1130
027-043,0,0,0,280,5,0,1,3,0,0,0,80,0,0,380,0,180,2,2,0,2,0,0,24,0,0,0,38,369,68,560
027-044,0,0,0,471,8,0,1,25,0,0,0,93,0,0,640,4,346,0,2,0,18,0,0,74,0,0,0,38,598,132,990
027-045,0,0,0,678,13,0,4,33,0,0,0,130,0,0,846,6,536,4,0,2,22,0,0,86,0,2,0,50,858,166,1388
027-046,0,0,0,364,5,0,1,11,0,0,0,67,0,0,508,4,210,2,0,0,12,0,0,32,0,0,0,34,448,80,722
027-047,0,0,0,394,10,0,1,13,0,0,0,134,0,0,278,6,362,0,0,0,4,4,0,20,0,0,0,46,552,74,646
027-048,0,2,0,285,9,0,0,11,0,0,0,20,0,0,412,2,162,0,0,0,6,0,0,4,0,0,0,10,327,20,576
027-049,0,0,0,839,23,0,3,34,0,0,0,199,0,0,1162,6,750,6,12,2,24,0,2,60,0,2,0,66,1098,174,1918
027-050,0,0,0,490,11,0,1,10,0,0,0,38,0,0,560,0,400,0,0,0,10,0,0,18,0,0,0,28,550,56,960
027-051,0,0,0,104,1,0,0,1,0,0,0,5,0,0,196,0,20,0,0,0,2,0,0,2,0,0,0,2,111,6,216
027-052,0,0,0,631,17,0,0,4,0,0,0,14,0,0,880,2,266,0,0,0,4,0,0,0,0,0,0,2,666,6,1148
027-053,0,0,0,490,5,0,0,1,0,0,0,10,0,0,544,0,150,0,0,0,0,0,0,2,0,0,0,0,506,2,694
027-054,0,0,0,153,4,0,0,3,0,0,0,5,0,0,130,0,40,0,0,0,0,2,0,0,0,0,0,2,165,4,170
027-055,0,0,0,260,3,0,0,1,0,0,0,2,0,0,282,0,52,0,0,0,0,0,2,0,0,0,0,0,266,2,334
027-056,0,0,0,301,4,0,0,2,0,0,0,6,0,0,318,0,74,2,0,0,0,0,0,0,0,0,0,0,313,2,392
027-057,0,0,0,453,8,0,0,1,0,0,0,2,0,0,576,0,122,0,0,0,0,0,0,4,0,2,0,0,464,6,698
027-058,0,0,0,165,1,0,0,1,0,0,0,5,0,0,216,0,48,0,0,0,0,0,0,4,0,0,0,0,172,4,264
027-059,0,0,0,203,3,0,0,0,0,0,0,5,0,0,262,0,80,0,0,0,0,0,0,0,0,0,0,2,211,2,342
027-060,0,0,0,308,3,0,0,9,0,0,0,87,0,0,444,0,162,0,0,0,10,2,0,8,0,0,2,10,407,32,606
027-061,0,0,0,169,3,0,2,5,0,0,0,32,0,0,210,4,62,0,0,0,6,0,0,0,0,0,0,0,211,6,276
027-062,0,0,0,270,8,0,9,15,0,0,0,227,0,0,340,12,104,0,2,0,36,0,0,20,0,0,0,32,529,90,456
027-063,0,0,0,305,11,0,1,21,0,0,0,211,0,0,338,12,168,0,2,0,58,0,0,18,2,0,0,36,549,116,518
027-064,0,0,0,239,12,0,10,32,0,0,0,305,0,0,324,8,238,2,2,0,88,0,0,32,2,2,0,48,598,176,570
027-065,0,0,0,405,12,0,7,26,0,0,0,455,0,1,540,4,276,0,2,0,90,0,0,26,0,2,0,82,906,202,820
027-066,0,0,0,216,13,0,2,19,0,0,0,414,0,0,314,4,194,2,2,0,80,2,0,38,0,2,0,42,664,168,512
027-067,0,0,0,476,10,0,4,12,0,0,0,199,0,0,504,6,206,2,2,0,26,2,2,6,0,0,0,18,701,58,716
028-001,0,0,0,382,1,0,0,5,0,0,0,13,0,0,436,0,116,0,0,2,4,0,0,4,0,0,0,8,401,18,552
028-002,0,0,0,552,9,0,0,7,0,0,0,13,0,0,766,2,228,0,2,0,2,0,0,0,0,4,0,0,581,8,996
028-003,0,0,0,131,3,0,0,1,0,0,0,3,0,0,156,0,50,0,0,0,0,0,0,2,0,0,0,2,138,4,206
028-004,0,0,0,219,8,0,0,2,0,0,0,16,0,0,258,0,96,0,0,0,8,0,0,0,0,0,0,4,245,12,354
028-005,0,0,0,472,5,0,0,0,0,0,0,9,0,0,602,2,184,0,4,0,2,0,0,2,0,0,0,10,486,18,788
028-006,0,0,0,674,11,0,1,6,0,0,0,25,0,0,814,0,306,0,0,2,8,0,0,0,0,0,0,6,717,16,1120
028-007,0,0,0,385,12,0,0,7,0,0,0,10,0,0,482,2,178,0,0,0,4,0,0,0,0,0,0,2,414,6,662
028-008,0,0,0,400,7,0,0,1,0,0,0,6,0,0,446,0,200,0,0,0,2,0,0,2,0,0,0,2,414,6,646
028-009,0,0,0,660,8,0,1,16,0,0,0,30,0,0,640,2,294,0,0,0,6,2,0,14,0,2,0,12,715,36,936
028-010,0,0,0,479,12,0,3,10,0,0,0,41,0,0,626,2,294,0,0,0,0,0,0,8,0,0,0,12,545,20,922
028-011,0,0,0,463,11,0,0,6,0,0,0,36,0,0,660,2,248,2,2,0,10,0,0,2,2,0,0,16,516,34,910
028-012,0,0,1,282,14,0,2,12,0,0,0,40,0,0,380,0,174,0,2,0,18,0,0,32,0,2,0,6,351,60,554
028-013,0,0,0,328,5,0,0,5,0,0,0,13,0,0,396,0,138,0,0,0,0,0,0,4,0,0,0,2,351,6,534
028-014,0,0,0,195,4,0,0,1,0,0,0,9,0,0,234,2,82,0,0,0,4,0,0,2,0,0,0,4,209,10,318
028-015,0,0,0,528,14,0,3,18,0,0,0,78,0,0,490,0,360,0,2,0,42,0,0,18,0,2,0,36,641,100,850
029-001,0,0,0,217,10,0,0,26,0,0,0,770,0,0,190,8,192,8,16,2,144,0,0,142,0,16,2,624,1023,954,390
029-002,0,0,0,258,10,1,2,37,0,0,0,634,0,0,180,0,200,6,34,2,156,0,4,164,2,8,0,424,942,800,380
029-003,0,0,0,170,5,0,0,18,0,0,0,484,0,0,158,2,114,4,10,0,98,0,0,74,2,2,0,358,677,548,274
031-000,0,0,0,83,7,0,2,10,0,0,0,497,0,0,76,2,58,2,10,0,112,0,0,56,0,4,0,334,599,518,136
034-000,0,0,2,151,4,0,1,24,0,0,0,606,0,0,146,2,138,2,8,0,110,2,6,88,2,8,0,358,788,584,286
