Precinct,gen_dem_CLINTON,gen_gre_STEIN,gen_lib_JOHNSON,gen_rep_TRUMP,pri_dem_CLINTON,pri_dem_SANDERS,pri_rep_CRUZ,pri_rep_KASICH,pri_rep_TRUMP,gen_total,rep_pri_total,dem_pri_total
410011,222,18,44,565,0,0,0,0,0,849,0,0
4100113,93,3,17,568,0,0,0,0,0,681,0,0
4100114,4,0,1,77,0,0,0,0,0,82,0,0
4100115,72,2,14,330,0,0,0,0,0,418,0,0
4100117,94,6,43,406,0,0,0,0,0,549,0,0
4100118,4,2,2,69,0,0,0,0,0,77,0,0
4100119,46,4,19,170,0,0,0,0,0,239,0,0
410012,209,17,47,520,0,0,0,0,0,793,0,0
4100120,13,0,4,38,0,0,0,0,0,55,0,0
4100121,14,4,10,130,0,0,0,0,0,158,0,0
4100122,163,9,23,370,0,0,0,0,0,565,0,0
4100124,161,4,27,513,0,0,0,0,0,705,0,0
4100125,55,3,12,208,0,0,0,0,0,278,0,0
4100126,6,1,1,78,0,0,0,0,0,86,0,0
410013,202,21,39,611,0,0,0,0,0,873,0,0
410014,222,24,52,745,0,0,0,0,0,1043,0,0
410015,217,16,58,820,0,0,0,0,0,1111,0,0
41001Baker 1,0,0,0,0,63,102,0,44,216,0,260,165
41001Baker 2,0,0,0,0,58,74,70,45,156,0,271,132
41001Baker 3,0,0,0,0,45,92,56,30,220,0,306,137
41001Baker 4,0,0,0,0,68,93,88,36,284,0,408,161
41001Baker 5,0,0,0,0,56,118,94,54,297,0,445,174
41001Baker Country 13,0,0,0,0,20,37,74,44,242,0,360,57
41001Durkee 14,0,0,0,0,0,2,10,0,37,0,47,2
41001Eagle Valley 15,0,0,0,0,26,33,29,26,118,0,173,59
41001Haines 17,0,0,0,0,22,28,52,59,153,0,264,50
41001Hereford 18,0,0,0,0,2,1,7,2,36,0,45,3
41001Huntington 19,0,0,0,0,22,13,3,2,48,0,53,35
41001Irondyke 20,0,0,0,0,6,3,1,4,12,0,17,9
41001Keating 21,0,0,0,0,2,15,18,6,58,0,82,17
41001Pine Valley 22,0,0,0,0,42,70,27,41,114,0,182,112
41001Poca-Wing 24,0,0,0,0,46,50,68,62,218,0,348,96
41001Sumpter 25,0,0,0,0,15,15,14,14,85,0,113,30
41001Unity 26,0,0,0,0,1,2,2,2,52,0,56,3
410030001 01,0,0,0,0,0,817,93,164,244,0,501,817
410030002 02,0,0,0,0,252,918,35,32,62,0,129,1170
410030003 03,0,0,0,0,411,1086,68,71,197,0,336,1497
410030004 04,0,0,0,0,223,575,16,44,54,0,114,798
410030005 05,0,0,0,0,276,931,17,35,81,0,133,1207
410030006 06,0,0,0,0,489,961,51,84,166,0,301,1450
410030007 07,0,0,0,0,918,1192,72,138,175,0,385,2110
410030008 08,0,0,0,0,946,790,107,206,264,0,577,1736
410030009 09,0,0,0,0,484,794,93,109,262,0,464,1278
410030010 10,0,0,0,0,267,535,98,101,228,0,427,802
410030012 12,0,0,0,0,27,90,30,19,47,0,96,117
410030013 13,0,0,0,0,43,23,9,7,48,0,64,66
410030014 14,0,0,0,0,37,96,41,10,74,0,125,133
410030015 15,0,0,0,0,300,516,88,73,337,0,498,816
410030016 16,0,0,0,0,580,653,94,147,281,0,522,1233
410030017 17,0,0,0,0,253,315,65,57,116,0,238,568
410030018 18,0,0,0,0,162,189,89,84,216,0,389,351
410030019 19,0,0,0,0,141,243,59,41,137,0,237,384
410030020 20,0,0,0,0,174,201,69,42,255,0,366,375
410030021 21,0,0,0,0,59,61,16,7,52,0,75,120
410030022 22,0,0,0,0,68,96,13,25,55,0,93,164
410030023 23,0,0,0,0,74,125,18,18,71,0,107,199
410030024 24,0,0,0,0,355,405,105,144,471,0,720,760
410030025 25,0,0,0,0,281,310,101,119,341,0,561,591
4100301 - Corvallis ONE,2311,88,197,0,0,0,0,0,0,2596,0,0
4100302 - Corvallis TWO,1737,122,164,326,0,0,0,0,0,2349,0,0
4100303 - Corvallis THREE,2147,160,199,617,0,0,0,0,0,3123,0,0
4100304 - Corvallis FOUR,1772,77,176,419,0,0,0,0,0,2444,0,0
4100305 - Corvallis FIVE,1781,96,144,291,0,0,0,0,0,2312,0,0
4100306 - Corvallis SIX,2151,150,143,531,0,0,0,0,0,2975,0,0
4100307 - Corvallis SEVEN,2963,129,170,516,0,0,0,0,0,3778,0,0
4100308 - Corvallis EIGHT,2809,83,156,782,0,0,0,0,0,3830,0,0
4100309 - Corvallis NINE,1917,123,190,752,0,0,0,0,0,2982,0,0
4100310 - Philomath,1174,83,196,872,0,0,0,0,0,2325,0,0
4100312 - Adair Village,193,17,28,173,0,0,0,0,0,411,0,0
4100313 - Monroe,87,9,11,157,0,0,0,0,0,264,0,0
4100314 - Alsea School,165,25,21,306,0,0,0,0,0,517,0,0
4100315 - Northwest,1064,63,132,1025,0,0,0,0,0,2284,0,0
4100316 - Corvallis Rural,1699,102,128,795,0,0,0,0,0,2724,0,0
4100317 - North 509J,861,36,61,344,0,0,0,0,0,1302,0,0
4100318 - Albany Rural,491,20,84,740,0,0,0,0,0,1335,0,0
4100319 - South 509J,519,25,61,424,0,0,0,0,0,1029,0,0
4100320 - Monroe Rural,492,39,79,788,0,0,0,0,0,1398,0,0
4100321 - Philomath Rural,167,10,20,144,0,0,0,0,0,341,0,0
4100322 - Adair Rural,243,4,19,182,0,0,0,0,0,448,0,0
4100323 - Highway 20,306,27,30,237,0,0,0,0,0,600,0,0
4100324 - N Albany N,1214,67,176,1230,0,0,0,0,0,2687,0,0
4100325 - N Albany S,930,40,107,1007,0,0,0,0,0,2084,0,0
410051,1663,78,203,0,471,594,0,83,387,1944,470,1065
4100510,4,0,2,17,0,1,2,0,6,23,8,1
41005100,161,3,12,176,40,21,10,16,65,352,91,61
41005101,2450,65,245,1931,524,541,141,124,473,4691,738,1065
41005102,240,9,15,162,31,47,6,10,28,426,44,78
41005103,1402,44,147,1276,375,316,117,110,401,2869,628,691
41005104,2,0,0,1,0,2,0,0,1,3,1,2
41005105,453,13,56,389,121,120,47,43,115,911,205,241
41005106,510,20,81,793,115,215,55,26,219,1404,300,330
41005107,915,48,144,1327,204,347,108,57,321,2434,486,551
41005108,818,55,144,1207,209,275,80,42,272,2224,394,484
41005111,1005,66,281,2121,245,340,152,60,567,3473,779,585
41005122,1136,53,145,1369,268,347,151,94,407,2703,652,615
41005124,870,32,118,1062,255,270,98,115,296,2082,509,525
41005125,1206,36,186,1515,327,345,164,128,475,2943,767,672
41005130,1358,48,115,935,382,318,83,102,287,2456,472,700
41005131,1476,30,154,991,388,386,64,117,312,2651,493,774
41005132,1257,35,111,713,344,292,41,90,233,2116,364,636
41005133,2030,51,189,1042,580,597,87,175,348,3312,610,1177
41005134,1413,29,108,659,444,398,51,100,215,2209,366,842
41005135,1467,34,143,779,422,342,73,135,262,2423,470,764
41005151,1639,37,124,635,564,357,32,150,242,2435,424,921
41005152,1775,47,112,723,568,445,54,152,285,2657,491,1013
41005153,1584,33,135,627,430,324,27,165,208,2379,400,754
41005154,442,3,19,209,183,56,12,71,88,673,171,239
41005155,1861,31,132,866,507,409,40,193,321,2890,554,916
41005156,1881,33,121,924,534,430,59,207,309,2959,575,964
41005157,1424,29,82,628,446,303,47,135,233,2163,415,749
41005158,1117,20,114,545,285,243,37,84,182,1796,303,528
41005159,2327,55,115,888,678,541,78,165,309,3385,552,1219
41005160,217,9,21,116,63,35,12,30,36,363,78,98
410052,1400,80,160,1145,310,561,88,54,326,2785,468,871
41005201,1455,58,130,961,319,372,91,104,229,2604,424,691
41005202,1940,87,246,1423,402,572,117,148,405,3696,670,974
41005203,1013,13,65,956,402,175,84,195,449,2047,728,577
41005204,1077,31,178,848,243,283,69,107,271,2134,447,526
41005251,0,0,0,6,0,0,0,0,1,6,1,0
41005252,894,21,106,581,246,192,57,108,190,1602,355,438
41005280,790,18,70,371,214,242,29,55,116,1249,200,456
41005281,890,33,61,387,252,250,23,63,115,1371,201,502
41005282,236,14,21,131,65,63,7,17,51,402,75,128
41005283,292,6,22,126,98,60,10,33,70,446,113,158
410053,954,51,111,879,264,366,90,57,233,1995,380,630
4100531,927,36,121,783,237,321,68,42,194,1867,304,558
4100532,992,66,121,778,266,346,55,61,197,1957,313,612
41005320,594,15,58,414,182,153,52,92,149,1081,293,335
41005321,635,18,84,755,175,145,59,89,290,1492,438,320
41005322,464,13,61,507,147,113,45,67,195,1045,307,260
41005323,630,16,60,686,190,158,69,64,254,1392,387,348
4100533,980,20,111,782,271,338,59,77,216,1893,352,609
41005330,835,39,152,1603,229,279,171,110,454,2629,735,508
41005331,255,7,28,310,53,69,19,30,111,600,160,122
41005332,88,3,16,130,26,22,23,12,48,237,83,48
41005333,477,13,61,784,156,146,79,64,268,1335,411,302
41005350,472,31,101,1072,123,202,77,37,299,1676,413,325
41005351,748,49,147,1945,200,334,155,86,556,2889,797,534
41005352,475,32,90,1207,147,198,83,50,400,1804,533,345
41005360,784,42,95,1251,227,283,87,49,369,2172,505,510
41005361,10,2,2,27,1,7,1,0,3,41,4,8
41005362,431,18,49,753,137,147,41,28,249,1251,318,284
41005363,145,6,24,300,38,84,24,14,85,475,123,122
41005364,266,9,31,392,68,92,41,16,92,698,149,160
41005370,757,42,111,1268,211,328,81,53,393,2178,527,539
41005371,596,40,65,896,197,215,68,42,233,1597,343,412
41005372,283,18,39,494,91,96,38,18,130,834,186,187
41005373,1402,94,154,1257,385,544,78,82,385,2907,545,929
410054,19,0,0,25,2,3,3,0,4,44,7,5
41005400,479,22,65,692,160,188,78,60,220,1258,358,348
41005401,450,19,57,685,148,177,83,53,240,1211,376,325
41005402,454,22,67,762,148,174,87,54,301,1305,442,322
41005403,441,21,48,652,115,146,60,56,220,1162,336,261
41005404,776,38,131,1366,235,240,91,91,391,2311,573,475
41005405,283,10,47,668,90,83,53,33,208,1008,294,173
41005406,275,10,28,443,73,95,20,28,128,756,176,168
41005410,741,26,73,521,234,189,51,60,158,1361,269,423
41005411,1322,43,133,1074,353,327,101,93,295,2572,489,680
41005412,753,24,102,906,228,223,82,69,281,1785,432,451
41005413,905,40,118,705,168,274,65,40,164,1768,269,442
41005414,285,6,37,327,75,80,29,26,96,655,151,155
41005415,44,2,5,54,7,21,10,2,20,105,32,28
41005416,1547,32,158,1183,367,348,98,78,274,2920,450,715
41005417,14,1,0,15,4,0,0,1,3,30,4,4
41005418,2054,103,175,1274,489,584,94,97,313,3606,504,1073
41005419,401,20,33,254,87,120,28,28,75,708,131,207
41005420,304,15,38,187,67,123,11,7,38,544,56,190
41005421,1277,30,129,897,395,369,104,89,251,2333,444,764
41005422,1898,114,157,1131,397,699,89,61,254,3300,404,1096
41005423,5,0,0,14,0,1,3,1,6,19,10,1
410055,1617,82,222,1534,394,468,115,93,407,3455,615,862
41005500,1753,93,135,1051,473,637,82,104,315,3032,501,1110
41005501,1736,97,140,716,467,653,64,89,183,2689,336,1120
41005502,1930,110,158,1070,577,719,85,117,340,3268,542,1296
41005503,1688,66,158,1197,542,549,124,106,369,3109,599,1091
41005504,1058,68,104,741,276,368,62,48,199,1971,309,644
41005505,905,28,78,612,269,321,53,58,183,1623,294,590
41005506,1084,44,124,935,322,297,72,53,238,2187,363,619
4100551,1594,100,96,578,366,675,35,46,167,2368,248,1041
41005510,323,10,48,453,110,127,29,31,134,834,194,237
41005511,769,42,97,1225,259,269,121,81,362,2133,564,528
41005512,550,17,68,573,164,180,38,30,194,1208,262,344
41005513,777,34,123,985,232,296,84,71,321,1919,476,528
41005514,1217,62,173,1919,356,451,157,104,580,3371,841,807
41005515,419,23,44,430,151,125,31,24,128,916,183,276
41005516,305,11,49,454,89,116,55,24,132,819,211,205
41005517,664,37,99,1103,211,230,71,44,343,1903,458,441
41005518,629,29,122,1016,204,207,64,64,301,1796,429,411
41005519,244,10,60,399,65,99,32,31,101,713,164,164
4100552,1578,81,125,718,434,640,51,53,198,2502,302,1074
41005520,142,3,20,202,48,66,12,13,55,367,80,114
4100553,1186,57,96,640,307,485,58,41,145,1979,244,792
4100554,1304,66,101,565,335,521,62,60,183,2036,305,856
4100555,1230,64,128,748,347,419,54,50,200,2170,304,766
410056,1010,36,155,1151,281,289,108,100,311,2352,519,570
410057,1102,38,180,1129,276,361,83,62,316,2449,461,637
4100570,2,0,0,1,0,0,0,0,0,3,0,0
4100571,100,1,6,34,38,21,0,14,15,141,29,59
4100572,51,2,3,33,15,13,2,2,6,89,10,28
4100573,87,4,11,53,22,25,5,5,12,155,22,47
4100574,24,1,4,28,11,1,1,0,8,57,9,12
410070001 01 - ASTORIA,299,29,20,0,0,133,8,18,54,348,80,133
410070002 02 - ASTORIA,433,21,23,176,144,201,3,12,53,653,68,345
410070003 03 - ASTORIA,471,34,37,282,106,184,13,16,81,824,110,290
410070004 04 - ASTORIA,242,16,16,173,69,113,13,14,60,447,87,182
410070005 05 - ASTORIA,489,33,37,225,145,234,13,24,79,784,116,379
410070006 06 - ASTORIA,278,19,21,106,94,99,8,13,42,424,63,193
410070007 07 - ASTORIA,464,41,35,203,126,210,15,25,68,743,108,336
410070008 08 - ASTORIA,235,24,18,149,50,115,14,5,44,426,63,165
410070020 20 - CANNON BEACH,561,26,37,228,156,193,24,45,61,852,130,349
410070021 21 - CHADWELL,141,10,21,266,48,53,20,22,72,438,114,101
410070022 22 - NORTH CLATSOP,222,21,33,348,88,92,16,21,104,624,141,180
410070023 23 - SOUTH CLATSOP,416,17,49,460,129,114,19,56,189,942,264,243
410070024 24 - ELSIE,66,8,4,78,9,36,0,1,18,156,19,45
410070025 25 - GEARHART,492,12,49,337,144,149,26,40,119,890,185,293
410070026 26 - HAMLET,102,8,9,97,22,41,5,3,27,216,35,63
410070028 28 - JEWELL,114,8,13,181,37,45,19,5,57,316,81,82
410070029 29 - JOHN DAY,134,3,11,152,34,44,12,14,44,300,70,78
410070030 30 - KNAPPA,356,22,51,457,115,149,24,23,113,886,160,264
410070031 31 - LEWIS & CLARK,268,14,54,409,83,126,15,15,139,745,169,209
410070035 35 - NECANICUM,99,4,11,141,32,31,6,17,28,255,51,63
410070036 36 - OLNEY,120,9,20,214,29,60,9,14,72,363,95,89
410070037 37 - SEASIDE,371,23,27,271,102,112,15,26,113,692,154,214
410070038 38 - SEASIDE,406,31,41,316,94,123,15,16,83,794,114,217
410070039 39 - SEASIDE,368,30,40,250,121,131,15,19,63,688,97,252
410070040 40 - SEASIDE,368,13,33,288,99,112,22,20,105,702,147,211
410070043 43 - STANLEY ACRES,55,1,15,57,14,25,4,5,22,128,31,39
410070044 44 - SVENSEN,203,15,20,270,63,77,12,16,74,508,102,140
410070045 45 - ARCH CAPE,113,6,8,50,37,42,6,10,21,177,37,79
410070046 46 - WALLUSKI,155,11,22,151,44,56,11,20,41,339,72,100
410070047 47 - WARRENTON,713,34,123,1025,226,245,53,43,296,1895,392,471
410070048 48 - WARRENTON,236,12,32,308,81,101,9,20,72,588,101,182
410070050 50 - WESTPORT,108,7,18,156,38,39,6,10,39,289,55,77
410070052 52 - HILLCREST,154,7,25,168,51,62,13,13,53,354,79,113
410090001 City of Clatskanie,0,0,0,0,0,101,23,21,109,0,153,101
410090004 N Clatskanie-Marshland,0,0,0,0,62,93,22,5,75,0,102,155
410090005 S Clatskanie,0,0,0,0,46,71,19,8,64,0,91,117
410090006 Delena,0,0,0,0,103,167,60,18,101,0,179,270
410090008 GOBLE,0,0,0,0,86,86,22,6,91,0,119,172
410090010 Milton,0,0,0,0,116,142,47,24,134,0,205,258
410090012 McNulty,0,0,0,0,124,154,37,29,130,0,196,278
410090014 Quincy,0,0,0,0,49,61,30,8,50,0,88,110
410090015 City of Rainier,0,0,0,0,124,120,25,15,98,0,138,244
410090017 W Rainier,0,0,0,0,36,37,4,9,52,0,65,73
410090018 E Rainier,0,0,0,0,19,23,4,2,22,0,28,42
410090019 S Warren,0,0,0,0,97,135,31,28,142,0,201,232
410090020 N Warren,0,0,0,0,87,94,28,20,117,0,165,181
410090021 ST Helens ONE,0,0,0,0,247,374,56,38,201,0,295,621
410090024 ST Helens FOUR,0,0,0,0,216,321,43,44,210,0,297,537
410090026 ST Helens SIX,0,0,0,0,209,335,74,61,272,0,407,544
410090031 City of Scappoose ONE,0,0,0,0,71,99,26,26,75,0,127,170
410090032 City of Scappoose TWO,0,0,0,0,265,303,60,44,215,0,319,568
410090034 City of Scappoose FOUR,0,0,0,0,140,165,42,29,118,0,189,305
410090035 SE Scappoose,0,0,0,0,126,185,29,28,125,0,182,311
410090036 Canyon,0,0,0,0,56,95,19,15,51,0,85,151
410090038 W Scappoose,0,0,0,0,64,70,18,10,66,0,94,134
410090039 Sauvie Island,0,0,0,0,3,6,1,0,6,0,7,9
410090040 Yankton,0,0,0,0,103,181,47,24,142,0,213,284
410090041 City of Vernonia,0,0,0,0,80,149,51,36,144,0,231,229
410090044 Rural Vernonia,0,0,0,0,40,99,29,16,135,0,180,139
410090046 Apiary,0,0,0,0,44,82,26,6,83,0,115,126
410090047 Chapman,0,0,0,0,99,169,29,12,99,0,140,268
410090048 S Deer Island,0,0,0,0,28,56,14,4,37,0,55,84
410090049 N Deer Island,0,0,0,0,43,83,25,13,70,0,108,126
410090050 City of Prescott,0,0,0,0,5,4,0,1,5,0,6,9
410090051 Mist,0,0,0,0,24,44,14,1,52,0,67,68
410090053 City of Columbia City,0,0,0,0,198,219,47,50,181,0,278,417
4100901 City of Clatskanie,265,20,46,0,0,0,0,0,0,331,0,0
4100904 N Clatskanie-Marshland,173,10,25,318,0,0,0,0,0,526,0,0
4100905 S Clatskanie,149,12,23,313,0,0,0,0,0,497,0,0
4100906 Delena,370,22,55,546,0,0,0,0,0,993,0,0
4100908 GOBLE,212,13,49,349,0,0,0,0,0,623,0,0
4100910 Milton,322,4,44,375,0,0,0,0,0,745,0,0
4100912 McNulty,375,18,45,442,0,0,0,0,0,880,0,0
4100914 Quincy,158,9,21,242,0,0,0,0,0,430,0,0
4100915 City of Rainier,341,24,59,453,0,0,0,0,0,877,0,0
4100917 W Rainier,110,7,18,203,0,0,0,0,0,338,0,0
4100918 E Rainier,64,5,8,65,0,0,0,0,0,142,0,0
4100919 S Warren,333,18,39,427,0,0,0,0,0,817,0,0
4100920 N Warren,242,11,39,332,0,0,0,0,0,624,0,0
4100921 ST Helens ONE,818,53,157,889,0,0,0,0,0,1917,0,0
4100924 ST Helens FOUR,735,64,130,897,0,0,0,0,0,1826,0,0
4100926 ST Helens SIX,806,47,144,1051,0,0,0,0,0,2048,0,0
4100931 City of Scappoose ONE,239,18,49,307,0,0,0,0,0,613,0,0
4100932 City of Scappoose TWO,914,34,152,820,0,0,0,0,0,1920,0,0
4100934 City of Scappoose FOUR,453,24,83,440,0,0,0,0,0,1000,0,0
4100935 SE Scappoose,442,20,66,482,0,0,0,0,0,1010,0,0
4100936 Canyon,189,6,16,199,0,0,0,0,0,410,0,0
4100938 W Scappoose,184,4,19,214,0,0,0,0,0,421,0,0
4100939 Sauvie Island,17,2,0,27,0,0,0,0,0,46,0,0
4100940 Yankton,338,18,48,470,0,0,0,0,0,874,0,0
4100941 City of Vernonia,308,28,78,634,0,0,0,0,0,1048,0,0
4100944 Rural Vernonia,188,13,32,421,0,0,0,0,0,654,0,0
4100946 Apiary,174,8,30,338,0,0,0,0,0,550,0,0
4100947 Chapman,332,22,45,365,0,0,0,0,0,764,0,0
4100948 S Deer Island,99,6,16,176,0,0,0,0,0,297,0,0
4100949 N Deer Island,146,7,23,258,0,0,0,0,0,434,0,0
4100950 City of Prescott,18,0,0,22,0,0,0,0,0,40,0,0
4100951 Mist,97,7,18,140,0,0,0,0,0,262,0,0
4100953 City of Columbia City,556,18,69,594,0,0,0,0,0,1237,0,0
4101101,359,27,59,0,0,136,36,24,276,445,336,136
4101102,750,47,109,1362,257,350,90,75,479,2268,644,607
4101103,921,63,143,1506,322,356,84,64,465,2633,613,678
4101104,842,50,116,946,257,343,56,57,303,1954,416,600
4101105,1108,67,141,1541,368,425,70,61,498,2857,629,793
4101106,793,48,87,864,248,344,43,65,276,1792,384,592
4101107,890,71,122,976,274,338,47,43,322,2059,412,612
4101108,910,75,127,1656,301,405,56,47,531,2768,634,706
4101109,130,17,13,156,30,63,6,6,40,316,52,93
4101110,642,50,73,1365,239,285,63,57,454,2130,574,524
4101111,404,39,69,1186,137,229,48,34,442,1698,524,366
4101112,487,41,89,1136,196,215,48,44,380,1753,472,411
4101113,258,15,44,811,102,114,53,20,269,1128,342,216
4101114,276,20,51,1083,89,184,68,31,400,1430,499,273
4101115,90,7,18,287,36,54,10,8,76,402,94,90
4101116,813,48,59,783,264,287,41,49,296,1703,386,551
4101117,694,61,78,1206,206,330,46,56,427,2039,529,536
4101118,81,9,13,208,27,47,13,5,83,311,101,74
41011Total,0,0,0,0,3487,4505,878,746,6017,0,7641,7992
410131,122,8,17,309,0,55,32,18,102,456,152,55
4101310,120,4,14,214,45,37,13,22,82,352,117,82
4101311,379,12,64,1178,120,113,100,74,481,1633,655,233
4101312,12,1,7,93,3,7,5,4,45,113,54,10
4101313,114,5,33,518,48,47,36,22,171,670,229,95
4101314,105,7,21,274,27,41,15,12,75,407,102,68
4101315,178,8,35,653,51,77,56,31,243,874,330,128
4101316,92,4,22,421,38,31,42,21,153,539,216,69
4101317,448,41,97,1538,157,197,108,55,591,2124,754,354
410132,102,5,27,256,30,40,19,18,63,390,100,70
410133,57,4,11,125,17,27,6,3,35,197,44,44
410134,181,9,25,726,39,89,70,41,270,941,381,128
410135,355,19,89,1159,121,137,105,74,407,1622,586,258
410136,190,14,29,355,59,64,33,36,112,588,181,123
410137,35,3,10,212,12,12,13,12,93,260,118,24
410138,123,13,14,348,31,50,26,9,98,498,133,81
410139,24,0,3,132,5,7,8,2,50,159,60,12
410151,0,0,0,0,0,13,2,0,15,0,17,13
4101510,0,0,0,0,52,48,25,10,106,0,141,100
4101511,0,0,0,0,72,92,16,20,172,0,208,164
4101512,0,0,0,0,30,43,8,3,50,0,61,73
4101513,0,0,0,0,29,20,12,13,72,0,97,49
4101514,0,0,0,0,25,35,15,6,90,0,111,60
4101515,0,0,0,0,54,44,15,9,98,0,122,98
4101516,0,0,0,0,115,115,38,25,238,0,301,230
4101517,0,0,0,0,138,177,58,40,298,0,396,315
4101518,0,0,0,0,44,56,20,14,76,0,110,100
4101519,0,0,0,0,70,60,22,16,172,0,210,130
410152,0,0,0,0,37,64,26,6,100,0,132,101
4101520,0,0,0,0,34,35,15,6,70,0,91,69
4101521,0,0,0,0,18,32,9,6,50,0,65,50
4101522,0,0,0,0,43,40,11,16,115,0,142,83
4101523,0,0,0,0,65,38,17,23,102,0,142,103
4101524,0,0,0,0,57,39,16,16,125,0,157,96
4101525,0,0,0,0,59,46,19,9,94,0,122,105
4101526,0,0,0,0,64,90,38,21,197,0,256,154
4101527,0,0,0,0,31,38,22,5,77,0,104,69
410153,0,0,0,0,52,65,14,7,73,0,94,117
410154,0,0,0,0,19,13,6,2,48,0,56,32
410155,0,0,0,0,77,125,15,7,108,0,130,202
410156,0,0,0,0,60,76,11,8,68,0,87,136
410157,0,0,0,0,40,39,4,6,40,0,50,79
410158,0,0,0,0,62,63,20,16,104,0,140,125
410159,0,0,0,0,85,88,27,33,198,0,258,173
41015PRC0001,27,1,3,36,0,0,0,0,0,67,0,0
41015PRC0002,144,5,21,246,0,0,0,0,0,416,0,0
41015PRC0003,152,6,26,184,0,0,0,0,0,368,0,0
41015PRC0004,52,3,0,120,0,0,0,0,0,175,0,0
41015PRC0005,262,28,22,260,0,0,0,0,0,572,0,0
41015PRC0006,182,12,12,180,0,0,0,0,0,386,0,0
41015PRC0007,113,8,15,99,0,0,0,0,0,235,0,0
41015PRC0008,171,8,19,259,0,0,0,0,0,457,0,0
41015PRC0009,250,13,31,441,0,0,0,0,0,735,0,0
41015PRC0010,158,11,19,252,0,0,0,0,0,440,0,0
41015PRC0011,243,17,35,430,0,0,0,0,0,725,0,0
41015PRC0012,82,3,3,121,0,0,0,0,0,209,0,0
41015PRC0013,77,5,13,134,0,0,0,0,0,229,0,0
41015PRC0014,82,6,19,216,0,0,0,0,0,323,0,0
41015PRC0015,129,8,11,236,0,0,0,0,0,384,0,0
41015PRC0016,307,25,60,632,0,0,0,0,0,1024,0,0
41015PRC0017,452,28,48,794,0,0,0,0,0,1322,0,0
41015PRC0018,146,9,11,200,0,0,0,0,0,366,0,0
41015PRC0019,205,5,14,379,0,0,0,0,0,603,0,0
41015PRC0020,96,6,17,201,0,0,0,0,0,320,0,0
41015PRC0021,80,8,11,153,0,0,0,0,0,252,0,0
41015PRC0022,140,3,13,244,0,0,0,0,0,400,0,0
41015PRC0023,139,11,16,235,0,0,0,0,0,401,0,0
41015PRC0024,150,7,11,282,0,0,0,0,0,450,0,0
41015PRC0025,165,7,8,247,0,0,0,0,0,427,0,0
41015PRC0026,207,25,25,432,0,0,0,0,0,689,0,0
41015PRC0027,89,5,15,199,0,0,0,0,0,308,0,0
4101701,1693,75,116,500,0,0,0,0,0,2384,0,0
4101702,1081,44,130,1119,0,0,0,0,0,2374,0,0
4101703,2134,51,136,590,0,0,0,0,0,2911,0,0
4101704,1719,87,154,760,0,0,0,0,0,2720,0,0
4101705,1823,87,200,1418,0,0,0,0,0,3528,0,0
4101706,1243,99,152,841,0,0,0,0,0,2335,0,0
4101707,1054,58,78,350,0,0,0,0,0,1540,0,0
4101708,140,2,13,111,0,0,0,0,0,266,0,0
4101709,740,47,98,575,0,0,0,0,0,1460,0,0
410171,0,0,0,0,0,568,30,91,184,0,305,568
4101710,218,12,29,568,49,71,28,15,198,827,241,120
4101711,534,20,60,348,131,148,26,44,112,962,182,279
4101712,760,35,105,1226,199,242,86,107,427,2126,620,441
4101713,398,18,54,515,118,130,30,53,183,985,266,248
4101714,566,25,67,886,159,213,78,73,349,1544,500,372
4101715,474,11,53,523,158,135,58,60,215,1061,333,293
4101716,546,12,39,526,209,114,45,112,234,1123,391,323
4101717,1083,83,213,1834,257,419,118,74,446,3213,638,676
4101718,679,42,116,1725,232,208,134,81,583,2562,798,440
4101719,265,22,53,589,56,95,46,33,187,929,266,151
410172,0,0,0,0,284,307,76,129,393,0,598,591
4101720,1561,63,237,1631,314,449,109,109,469,3492,687,763
4101721,395,22,58,737,103,145,59,52,276,1212,387,248
4101722,153,0,5,116,62,23,5,41,53,274,99,85
4101723,200,12,42,503,64,56,22,18,147,757,187,120
4101724,169,15,22,485,48,67,19,10,167,691,196,115
4101725,1250,64,178,1186,257,471,74,61,307,2678,442,728
4101726,874,44,135,888,207,250,60,51,239,1941,350,457
4101727,1296,49,101,367,329,455,17,48,114,1813,179,784
4101728,1121,61,211,2100,251,388,150,91,537,3493,778,639
4101729,821,45,165,1803,238,233,123,87,551,2834,761,471
410173,0,0,0,0,549,550,41,92,181,0,314,1099
4101730,580,44,77,614,190,193,48,67,196,1315,311,383
4101731,967,18,94,1644,324,183,136,199,629,2723,964,507
4101732,1408,116,133,827,256,587,49,47,217,2484,313,843
4101733,1140,36,143,1202,313,325,88,118,457,2521,663,638
4101734,1155,63,148,1151,275,423,63,74,311,2517,448,698
4101735,1454,28,115,895,493,247,62,207,341,2492,610,740
4101736,1009,57,156,1803,276,306,123,119,581,3025,823,582
4101737,421,20,52,472,115,146,41,40,162,965,243,261
4101738,865,40,115,1086,243,249,63,62,349,2106,474,492
4101739,828,52,126,1773,259,260,113,60,599,2779,772,519
410174,0,0,0,0,354,669,54,72,219,0,345,1023
4101740,253,13,26,616,78,86,31,17,172,908,220,164
4101741,818,25,102,1179,242,269,89,82,377,2124,548,511
4101742,1034,67,148,1498,223,369,90,48,501,2747,639,592
4101743,612,15,80,811,187,165,82,80,318,1518,480,352
4101744,1097,72,170,1151,301,354,87,106,344,2490,537,655
4101745,669,23,83,687,225,197,67,100,291,1462,458,422
4101746,829,44,94,687,208,290,47,52,202,1654,301,498
4101747,1340,24,138,821,406,239,52,221,294,2323,567,645
4101748,325,17,59,920,109,106,60,42,289,1321,391,215
4101749,377,9,19,285,104,82,24,53,108,690,185,186
410175,0,0,0,0,491,507,117,145,463,0,725,998
4101750,273,10,60,750,101,97,46,26,265,1093,337,198
410176,0,0,0,0,218,456,68,52,214,0,334,674
410177,0,0,0,0,293,348,18,69,100,0,187,641
410178,0,0,0,0,34,10,3,17,32,0,52,44
410179,0,0,0,0,157,257,38,50,162,0,250,414
410191,239,17,31,0,0,93,33,20,174,287,227,93
4101910,41,1,9,42,16,5,4,2,11,93,17,21
4101911,98,10,8,319,26,48,20,11,90,435,121,74
4101912,885,38,104,2383,279,328,227,139,1011,3410,1377,607
4101913,645,36,110,1886,222,278,161,86,733,2677,980,500
4101914,94,7,25,290,39,50,27,11,107,416,145,89
4101915,136,9,20,274,41,60,18,10,95,439,123,101
4101916,477,45,98,1548,145,271,98,53,501,2168,652,416
4101917,1023,77,194,2592,349,345,143,103,976,3886,1222,694
4101918,609,46,93,1074,180,231,84,56,340,1822,480,411
4101919,782,63,157,2315,262,354,119,82,829,3317,1030,616
410192,77,4,8,230,26,25,9,12,81,319,102,51
4101920,526,19,126,1786,165,248,101,68,658,2457,827,413
4101921,367,44,46,1399,127,188,72,25,476,1856,573,315
4101922,952,79,151,1388,251,428,98,75,420,2570,593,679
4101923,249,17,66,706,83,98,46,29,221,1038,296,181
4101924,309,27,48,789,103,133,45,28,242,1173,315,236
4101925,171,6,25,469,43,84,37,23,193,671,253,127
4101926,332,33,52,986,123,129,48,26,349,1403,423,252
4101927,58,11,14,208,19,25,7,3,69,291,79,44
4101928,91,8,21,287,26,28,18,13,71,407,102,54
410193,713,38,97,1121,263,273,79,68,388,1969,535,536
410194,891,88,157,2364,272,419,190,108,831,3500,1129,691
410195,921,68,162,2365,293,367,162,90,872,3516,1124,660
410196,937,73,163,2331,348,355,159,127,873,3504,1159,703
410197,856,41,141,1430,270,304,131,112,569,2468,812,574
410198,756,54,146,2143,236,293,139,67,686,3099,892,529
410199,861,62,141,1305,248,333,103,95,523,2369,721,581
410211,86,5,24,0,0,0,0,0,0,115,0,0
410216,61,0,16,178,0,0,0,0,0,255,0,0
410217,92,2,39,218,0,0,0,0,0,351,0,0
41021Prec #1,0,0,0,0,0,36,12,16,86,0,114,36
41021Prec #6,0,0,0,0,27,27,17,8,64,0,89,54
41021Prec #7,0,0,0,0,45,37,14,22,77,0,113,82
4102303,513,30,128,2082,0,0,0,0,0,2753,0,0
4102304,107,9,36,544,0,0,0,0,0,696,0,0
4102308,51,1,19,188,0,0,0,0,0,259,0,0
4102316,34,3,15,186,6,15,0,0,0,238,0,21
4102317,34,5,11,210,13,21,0,0,0,260,0,34
410233,0,0,0,0,159,264,0,0,0,0,0,423
410234,0,0,0,0,24,59,0,0,0,0,0,83
410238,0,0,0,0,0,27,0,0,0,0,0,27
4102521,296,26,97,0,0,0,0,0,0,419,0,0
4102525,174,5,57,546,0,0,0,0,0,782,0,0
4102526,213,11,68,1489,0,0,0,0,0,1781,0,0
41025Burns #21,0,0,0,0,114,0,61,46,367,0,474,114
41025Hines #25,0,0,0,0,61,97,41,47,217,0,305,158
41025Rural Harney #26,0,0,0,0,61,131,122,94,751,0,967,192
410271,939,39,65,280,0,407,36,51,88,1323,175,407
4102710,343,11,29,239,99,148,13,18,109,622,140,247
4102711,428,24,38,308,97,180,35,35,103,798,173,277
4102712,229,17,41,243,70,108,17,15,84,530,116,178
4102713,418,29,28,262,100,145,21,17,105,737,143,245
410272,1107,45,66,400,283,413,48,62,119,1618,229,696
410273,515,17,35,126,110,208,14,30,37,693,81,318
410274,969,44,69,395,258,385,45,88,145,1477,278,643
410275,419,22,35,339,117,169,31,43,136,815,210,286
410276,478,22,44,246,134,172,24,48,78,790,150,306
410277,322,18,21,193,88,122,15,14,82,554,111,210
410278,264,8,28,165,75,95,23,46,59,465,128,170
410279,79,4,12,76,18,35,5,11,29,171,45,53
4102910,257,16,20,48,5,116,1,2,3,341,6,121
41029102,610,41,94,1362,201,214,62,57,531,2107,650,415
41029105,189,17,26,388,58,67,14,9,117,620,140,125
41029106,437,29,79,1457,110,171,88,53,567,2002,708,281
41029109,413,46,55,986,148,183,57,29,377,1500,463,331
41029111,740,57,83,1846,229,287,96,72,699,2726,867,516
41029112,333,25,39,693,114,106,42,29,241,1090,312,220
41029115,327,30,16,414,93,154,25,27,157,787,209,247
4102913,2470,189,85,481,692,1128,49,72,173,3225,294,1820
4102918,1731,166,111,747,486,849,60,68,292,2755,420,1335
410292,2627,158,70,324,0,1135,29,66,102,3179,197,1135
4102921,107,16,8,59,22,65,1,7,22,190,30,87
4102922,142,13,30,432,34,60,33,15,150,617,198,94
4102923,143,17,15,322,48,56,9,10,124,497,143,104
4102924,430,37,48,1352,118,178,88,48,492,1867,628,296
4102926,419,22,58,1040,151,133,53,35,346,1539,434,284
4102927,476,40,109,1687,131,139,106,51,535,2312,692,270
4102929,522,20,59,1300,218,136,77,90,536,1901,703,354
4102930,51,4,3,121,18,18,8,1,34,179,43,36
4102931,217,14,29,706,57,84,35,16,260,966,311,141
4102934,325,30,48,1122,100,110,64,45,474,1525,583,210
4102935,11,0,1,28,3,5,1,1,4,40,6,8
4102936,792,53,147,1589,156,252,68,33,457,2581,558,408
4102938,274,13,52,614,83,79,25,36,264,953,325,162
410294,2698,184,85,364,812,1303,38,63,120,3331,221,2115
4102940,1071,68,147,1786,335,326,132,110,604,3072,846,661
4102942,1002,49,147,1488,330,271,114,151,556,2686,821,601
4102944,1180,77,167,1591,339,378,108,92,573,3015,773,717
4102946,1024,39,116,1570,331,232,96,147,676,2749,919,563
4102947,730,23,75,1037,238,192,59,134,463,1865,656,430
4102948,1492,80,117,1272,437,481,101,138,493,2961,732,918
4102950,1066,45,87,1192,377,287,97,106,560,2390,763,664
4102952,436,7,24,307,215,50,39,125,151,774,315,265
4102954,1240,72,174,1875,297,455,105,102,602,3361,809,752
4102956,1011,89,140,1412,242,443,91,70,441,2652,602,685
4102958,1091,121,164,1050,250,452,56,50,286,2426,392,702
4102960,1146,89,154,1530,292,431,74,46,473,2919,593,723
4102962,822,40,112,1226,210,262,74,39,363,2200,476,472
4102964,734,67,120,1127,216,250,78,58,351,2048,487,466
410297,2273,180,71,313,585,1251,15,59,116,2837,190,1836
4102970,526,32,65,946,175,181,63,44,364,1569,471,356
4102973,483,22,37,859,158,142,54,53,360,1401,467,300
4102974,422,26,41,716,132,123,43,67,295,1205,405,255
4102975,993,35,70,934,354,279,68,100,381,2032,549,633
4102977,924,68,87,1255,260,398,89,75,445,2334,609,658
4102980,646,52,33,346,186,318,14,32,128,1077,174,504
4102982,2007,147,123,865,474,982,63,55,278,3142,396,1456
4102984,1150,71,86,1024,345,464,81,60,363,2331,504,809
4102987,1187,65,113,1336,335,436,95,75,527,2701,697,771
4102990,611,50,121,1462,205,200,83,72,511,2244,666,405
4102992,853,36,136,1719,254,254,118,112,619,2744,849,508
4102994,630,50,113,1384,173,261,70,52,458,2177,580,434
4102996,307,23,48,903,89,97,50,41,331,1281,422,186
4102999,649,36,115,1863,203,251,122,80,672,2663,874,454
410311,188,13,35,724,0,0,0,0,0,960,0,0
410311 Haystack,0,0,0,0,0,54,48,21,270,0,339,54
4103111,101,5,19,171,0,0,0,0,0,296,0,0
4103111 Metolius,0,0,0,0,28,33,14,9,45,0,68,61
4103113,427,37,79,664,0,0,0,0,0,1207,0,0
4103113 East Madras,0,0,0,0,116,114,53,62,179,0,294,230
4103114,360,21,28,66,0,0,0,0,0,475,0,0
4103114 Warm Springs,0,0,0,0,44,79,3,4,11,0,18,123
4103116,126,9,14,57,0,0,0,0,0,206,0,0
4103116 Camp Sherman,0,0,0,0,26,36,8,12,27,0,47,62
4103117,156,9,24,303,0,0,0,0,0,492,0,0
4103117 Culver,0,0,0,0,32,42,20,9,95,0,124,74
4103118,71,5,23,238,0,0,0,0,0,337,0,0
4103118 Round Butte,0,0,0,0,21,29,22,15,74,0,111,50
4103119,293,30,57,386,0,0,0,0,0,766,0,0
4103119 West Madras,0,0,0,0,63,89,29,20,108,0,157,152
410312,726,23,105,1662,0,0,0,0,0,2516,0,0
410312 Crooked River Ranch,0,0,0,0,239,241,89,99,587,0,775,480
4103120,48,5,11,84,0,0,0,0,0,148,0,0
4103120 Circle M,0,0,0,0,14,14,1,2,28,0,31,28
4103121,250,11,45,435,0,0,0,0,0,741,0,0
4103121 Central,0,0,0,0,90,83,40,41,151,0,232,173
4103122,119,7,23,414,0,0,0,0,0,563,0,0
4103122 Sunset,0,0,0,0,39,45,38,27,141,0,206,84
410315,6,1,3,32,0,0,0,0,0,42,0,0
410315 Ashwood,0,0,0,0,2,7,1,2,8,0,11,9
410316,83,5,23,178,0,0,0,0,0,289,0,0
410316 Kutcher,0,0,0,0,28,26,7,18,67,0,92,54
410318,26,1,4,69,0,0,0,0,0,100,0,0
410318 Lyle Gap,0,0,0,0,7,11,4,4,26,0,34,18
4103301,1170,69,131,1629,0,0,0,0,0,2999,0,0
4103302,1201,76,175,2581,0,0,0,0,0,4033,0,0
4103303,451,29,72,806,0,0,0,0,0,1358,0,0
4103304,445,34,68,621,0,0,0,0,0,1168,0,0
4103305,441,24,63,659,0,0,0,0,0,1187,0,0
4103306,251,14,36,560,0,0,0,0,0,861,0,0
4103307,678,47,95,1011,0,0,0,0,0,1831,0,0
4103308,739,50,127,1723,0,0,0,0,0,2639,0,0
4103309,19,1,8,62,0,0,0,0,0,90,0,0
410331 Highland GP,0,0,0,0,0,403,143,107,627,0,877,403
4103310,44,5,7,99,0,0,0,0,0,155,0,0
4103310 Robertson GP,0,0,0,0,11,11,10,3,41,0,54,22
4103311,67,2,11,121,0,0,0,0,0,201,0,0
4103311 Beacon GP,0,0,0,0,19,25,14,10,39,0,63,44
4103312,66,8,12,175,0,0,0,0,0,261,0,0
4103312 River Road,0,0,0,0,23,24,13,8,68,0,89,47
4103313,75,5,14,131,0,0,0,0,0,225,0,0
4103313 Hamilton,0,0,0,0,32,25,12,5,45,0,62,57
4103314,33,2,3,69,0,0,0,0,0,107,0,0
4103314 Fort Vannoy,0,0,0,0,11,13,4,4,23,0,31,24
4103315,247,13,33,712,0,0,0,0,0,1005,0,0
4103315 Redwood,0,0,0,0,74,101,54,35,294,0,383,175
4103316,65,4,11,219,0,0,0,0,0,299,0,0
4103316 Camp Joy,0,0,0,0,17,18,8,7,97,0,112,35
4103317,294,16,36,687,0,0,0,0,0,1033,0,0
4103317 Dimmick,0,0,0,0,111,107,56,41,293,0,390,218
4103318,345,25,58,805,0,0,0,0,0,1233,0,0
4103318 College,0,0,0,0,97,127,47,46,332,0,425,224
4103319,351,24,45,1040,0,0,0,0,0,1460,0,0
4103319 Jerome Prairie,0,0,0,0,111,152,72,59,393,0,524,263
410332 Greenwood S GP,0,0,0,0,367,399,165,139,930,0,1234,766
4103320,61,5,9,112,0,0,0,0,0,187,0,0
4103320 Grave Creek,0,0,0,0,26,34,6,2,50,0,58,60
4103321,667,42,101,1631,0,0,0,0,0,2441,0,0
4103321 Cloverlawn,0,0,0,0,248,230,107,61,639,0,807,478
4103322,210,14,37,608,0,0,0,0,0,869,0,0
4103322 New Hope,0,0,0,0,75,82,65,27,243,0,335,157
4103323,69,4,8,255,0,0,0,0,0,336,0,0
4103323 Louse Creek,0,0,0,0,27,26,18,11,116,0,145,53
4103324,112,4,6,242,0,0,0,0,0,364,0,0
4103324 Allendale,0,0,0,0,29,28,15,14,100,0,129,57
4103325,261,8,35,578,0,0,0,0,0,882,0,0
4103325 Jones Creek,0,0,0,0,66,88,43,36,242,0,321,154
4103326,223,22,18,454,0,0,0,0,0,717,0,0
4103326 Board Shanty,0,0,0,0,59,86,37,28,204,0,269,145
4103327,135,10,27,258,0,0,0,0,0,430,0,0
4103327 Wolf Creek,0,0,0,0,36,75,11,11,83,0,105,111
4103328,147,23,17,258,0,0,0,0,0,445,0,0
4103328 Kerby,0,0,0,0,37,65,12,10,91,0,113,102
4103329,23,0,4,74,0,0,0,0,0,101,0,0
4103329 West Colonial,0,0,0,0,7,11,0,1,28,0,29,18
410333 Lincoln GP,0,0,0,0,136,166,80,53,294,0,427,302
4103330,258,32,49,431,0,0,0,0,0,770,0,0
4103330 Cave Junction,0,0,0,0,77,114,26,14,129,0,169,191
4103331,955,155,87,1187,0,0,0,0,0,2384,0,0
4103331 Bridgeview,0,0,0,0,246,544,99,42,446,0,587,790
4103332,88,7,11,124,0,0,0,0,0,230,0,0
4103332 Mt Peavine,0,0,0,0,21,38,11,4,57,0,72,59
4103333,176,10,33,385,0,0,0,0,0,604,0,0
4103333 Ferry,0,0,0,0,41,70,41,17,169,0,227,111
4103334,85,27,5,154,0,0,0,0,0,271,0,0
4103334 Illinois,0,0,0,0,17,55,14,6,53,0,73,72
4103335,191,12,34,477,0,0,0,0,0,714,0,0
4103335 Merlin,0,0,0,0,62,66,29,21,207,0,257,128
4103336,490,28,74,1129,0,0,0,0,0,1721,0,0
4103336 Findley Bend,0,0,0,0,169,188,111,68,467,0,646,357
4103337,342,31,42,616,0,0,0,0,0,1031,0,0
4103337 Selma,0,0,0,0,89,152,55,13,223,0,291,241
4103338,613,39,79,1263,0,0,0,0,0,1994,0,0
4103338 Slate Creek,0,0,0,0,193,233,96,71,508,0,675,426
4103339,294,18,34,733,0,0,0,0,0,1079,0,0
4103339 Lucky Queen,0,0,0,0,110,106,52,30,346,0,428,216
410334 Central GP,0,0,0,0,142,162,53,43,230,0,326,304
4103340,316,59,13,341,0,0,0,0,0,729,0,0
4103340 Williams,0,0,0,0,61,221,13,9,156,0,178,282
4103341,33,0,2,65,0,0,0,0,0,100,0,0
4103341 Colonial,0,0,0,0,10,8,3,4,21,0,28,18
4103342,345,23,42,984,0,0,0,0,0,1394,0,0
4103342 North Valley,0,0,0,0,102,133,65,35,406,0,506,235
4103343,176,9,33,483,0,0,0,0,0,701,0,0
4103343 Pleasant Valley,0,0,0,0,64,74,34,22,178,0,234,138
4103344,60,8,6,77,0,0,0,0,0,151,0,0
4103344 Illinois River,0,0,0,0,15,32,5,2,31,0,38,47
4103345,49,7,5,104,0,0,0,0,0,165,0,0
4103345 N Applegate,0,0,0,0,13,24,8,2,48,0,58,37
4103346,65,11,7,139,0,0,0,0,0,222,0,0
4103346 Powell Creek,0,0,0,0,16,34,9,6,47,0,62,50
4103347,27,1,6,51,0,0,0,0,0,85,0,0
4103347 Crestview GP,0,0,0,0,9,8,6,0,19,0,25,17
410335 Riverside GP,0,0,0,0,120,157,51,39,229,0,319,277
410336 Webster GP,0,0,0,0,78,90,47,44,223,0,314,168
410337 Greenwood GP,0,0,0,0,196,258,70,49,312,0,431,454
410338 Riverside S GP,0,0,0,0,215,292,147,84,650,0,881,507
410339 Scoville GP,0,0,0,0,5,8,4,4,27,0,35,13
410351,340,21,41,0,0,120,51,36,338,402,425,120
4103510,261,7,15,368,80,51,43,37,208,651,288,131
4103511,184,13,59,769,60,86,65,28,321,1025,414,146
4103512,125,3,17,579,52,49,61,39,299,724,399,101
4103513,208,17,66,1601,63,115,175,68,736,1892,979,178
4103514,33,3,8,117,6,10,15,7,61,161,83,16
4103515,82,3,37,710,35,34,70,23,362,832,455,69
4103516,53,2,12,123,10,11,6,9,45,190,60,21
4103517,52,5,7,189,14,15,16,7,83,253,106,29
4103518,161,8,44,749,44,76,87,46,340,962,473,120
4103519,71,12,8,120,21,17,12,4,40,211,56,38
410352,20,0,3,66,5,7,4,0,21,89,25,12
4103520,166,16,50,464,50,62,40,17,175,696,232,112
4103521,401,24,93,1126,140,172,105,54,457,1644,616,312
4103522,124,10,20,318,44,37,22,7,122,472,151,81
4103523,371,33,92,1142,123,172,109,44,445,1638,598,295
4103524,113,5,32,323,34,43,24,17,125,473,166,77
4103525,199,23,45,603,77,85,53,14,250,870,317,162
4103526,205,12,73,739,69,81,77,34,319,1029,430,150
4103527,274,20,77,961,97,129,97,50,415,1332,562,226
4103528,50,1,8,197,18,23,18,11,68,256,97,41
4103529,166,13,36,702,66,68,70,53,284,917,407,134
410353,287,28,42,671,98,111,63,33,288,1028,384,209
4103530,252,19,48,494,70,108,44,30,220,813,294,178
4103531,397,21,56,500,97,143,57,58,233,974,348,240
4103532,121,4,13,199,34,21,15,17,83,337,115,55
4103533,43,6,14,70,10,15,9,8,35,133,52,25
4103534,156,5,35,336,52,71,17,19,138,532,174,123
4103535,87,9,20,120,16,49,12,5,35,236,52,65
4103536,248,30,46,297,66,108,36,12,88,621,136,174
4103537,338,10,43,334,91,138,38,40,154,725,232,229
4103538,130,7,36,197,36,61,17,4,53,370,74,97
4103539,25,3,7,46,5,12,5,0,10,81,15,17
410354,168,12,29,622,60,57,75,14,240,831,329,117
4103540,156,14,34,241,39,62,21,11,73,445,105,101
4103541,257,12,50,483,81,82,59,52,190,802,301,163
4103542,91,1,27,246,25,35,21,5,86,365,112,60
4103543,178,23,21,200,47,76,19,14,68,422,101,123
410355,71,10,10,88,18,18,5,1,34,179,40,36
410356,70,4,20,305,27,33,26,7,111,399,144,60
410357,295,20,86,1150,116,119,92,47,473,1551,612,235
410358,107,11,24,366,31,45,34,14,150,508,198,76
410359,74,8,21,447,32,35,57,15,221,550,293,67
410371,25,3,5,117,0,0,0,0,0,150,0,0
410371 SILVER LAKE,0,0,0,0,0,12,6,5,53,0,64,12
4103710,10,2,7,178,0,0,0,0,0,197,0,0
4103710 GOOSE LAKE,0,0,0,0,5,9,15,12,82,0,109,14
4103711,44,2,16,201,0,0,0,0,0,263,0,0
4103711 COGSWELL CREEK,0,0,0,0,12,30,19,17,78,0,114,42
4103712,80,5,19,324,0,0,0,0,0,428,0,0
4103712 THOM. CRK. WESTSIDE,0,0,0,0,23,29,29,22,158,0,209,52
4103713,127,11,17,537,0,0,0,0,0,692,0,0
4103713 CHRISTMAS VALLEY,0,0,0,0,39,39,37,11,206,0,254,78
4103714,17,2,3,92,0,0,0,0,0,114,0,0
4103714 FORT ROCK,0,0,0,0,3,13,7,4,36,0,47,16
4103715,18,0,5,107,0,0,0,0,0,130,0,0
4103715 WEST LAKEVIEW,0,0,0,0,6,12,13,6,44,0,63,18
4103716,14,2,0,65,0,0,0,0,0,81,0,0
4103716 NEW PINE CREEK,0,0,0,0,3,14,9,1,24,0,34,17
4103718,1,0,1,35,0,0,0,0,0,37,0,0
4103718 VALLEY FALLS,0,0,0,0,2,1,0,1,22,0,23,3
410372,19,2,5,53,0,0,0,0,0,79,0,0
410372 SUMMER LAKE,0,0,0,0,5,7,2,2,24,0,28,12
4103720,28,2,9,155,0,0,0,0,0,194,0,0
4103720 NO. CENTRAL LKVW.,0,0,0,0,4,16,17,4,74,0,95,20
4103721,60,0,11,154,0,0,0,0,0,225,0,0
4103721 SO. CENTRAL LKVW.,0,0,0,0,22,20,12,7,85,0,104,42
410373,29,1,6,178,0,0,0,0,0,214,0,0
410373 PAISLEY,0,0,0,0,3,19,14,10,81,0,105,22
410374,31,2,12,190,0,0,0,0,0,235,0,0
410374 CROOKED CREEK,0,0,0,0,15,12,23,20,96,0,139,27
410375,4,0,1,46,0,0,0,0,0,51,0,0
410375 NORTH WARNER,0,0,0,0,1,1,4,5,21,0,30,2
410376,5,0,1,60,0,0,0,0,0,66,0,0
410376 SOUTH WARNER,0,0,0,0,1,0,1,4,23,0,28,1
410377,26,5,9,147,0,0,0,0,0,187,0,0
410377 NORTH LAKEVIEW,0,0,0,0,8,19,15,9,67,0,91,27
410378,61,1,12,157,0,0,0,0,0,231,0,0
410378 SOUTH LAKEVIEW,0,0,0,0,21,23,13,14,69,0,96,44
410379,40,2,12,226,0,0,0,0,0,280,0,0
410379 FREMONT,0,0,0,0,21,19,24,19,89,0,132,40
41037Total,0,0,0,0,199,295,260,173,1332,0,1765,494
410390702 702,0,0,0,0,0,517,107,109,634,0,850,517
410390704 704,0,0,0,0,128,188,19,17,155,0,191,316
410390706 706,0,0,0,0,136,233,47,34,166,0,247,369
410390708 708,0,0,0,0,300,464,97,54,445,0,596,764
410390710 710,0,0,0,0,165,261,75,43,217,0,335,426
410390712 712,0,0,0,0,245,317,111,84,569,0,764,562
410390714 714,0,0,0,0,310,380,142,81,468,0,691,690
410390716 716,0,0,0,0,276,290,79,37,394,0,510,566
410390718 718,0,0,0,0,201,321,38,55,242,0,335,522
410390720 720,0,0,0,0,314,437,38,41,147,0,226,751
410390722 722,0,0,0,0,59,84,24,13,107,0,144,143
410390724 724,0,0,0,0,37,79,18,8,87,0,113,116
410390726 726,0,0,0,0,597,759,148,121,547,0,816,1356
410390728 728,0,0,0,0,200,371,38,37,129,0,204,571
410390730 730,0,0,0,0,547,1310,65,72,256,0,393,1857
410390732 732,0,0,0,0,400,524,92,68,333,0,493,924
410390734 734,0,0,0,0,81,88,18,15,86,0,119,169
410390736 736,0,0,0,0,120,110,42,57,189,0,288,230
410390738 738,0,0,0,0,364,464,74,85,335,0,494,828
410390740 740,0,0,0,0,37,104,2,2,29,0,33,141
410390742 742,0,0,0,0,158,270,29,25,176,0,230,428
410390744 744,0,0,0,0,95,109,36,36,126,0,198,204
410390746 746,0,0,0,0,344,502,128,73,599,0,800,846
410390748 748,0,0,0,0,445,491,140,128,575,0,843,936
410390750 750,0,0,0,0,91,119,38,40,143,0,221,210
410390752 752,0,0,0,0,185,285,95,43,322,0,460,470
410390754 754,0,0,0,0,140,198,26,36,183,0,245,338
410390756 756,0,0,0,0,393,412,134,125,594,0,853,805
410390758 758,0,0,0,0,225,281,66,74,340,0,480,506
410390760 760,0,0,0,0,245,341,87,44,298,0,429,586
410390762 762,0,0,0,0,213,254,37,34,178,0,249,467
410390764 764,0,0,0,0,130,259,25,42,245,0,312,389
410390766 766,0,0,0,0,71,107,24,17,125,0,166,178
410391121,284,31,12,62,49,154,4,8,11,389,23,203
410391123,1390,170,48,143,262,867,15,10,34,1751,59,1129
410391125,2739,297,112,349,501,1702,24,34,106,3497,164,2203
410391127,4764,325,151,627,1269,2541,56,106,187,5867,349,3810
410391231,2812,195,86,303,658,1604,33,54,91,3396,178,2262
410391233,2464,126,90,397,752,1156,32,106,163,3077,301,1908
410391235,5088,228,192,769,1588,2335,94,177,287,6277,558,3923
410391341,58,3,1,10,27,17,2,1,7,72,10,44
410391343,3597,189,149,339,575,1787,19,47,53,4274,119,2362
410391345,3329,153,125,334,826,1424,26,61,94,3941,181,2250
410391349,1153,74,67,134,71,643,3,11,13,1428,27,714
410391451,2270,73,146,1349,722,672,142,186,491,3838,819,1394
410391453,1345,59,112,599,394,542,67,89,225,2115,381,936
410391455,1044,55,86,332,204,437,22,49,88,1517,159,641
410391457,1651,80,100,917,524,546,93,147,353,2748,593,1070
410391561,3363,110,283,2057,1009,931,187,307,838,5813,1332,1940
410391563,1608,74,109,812,492,624,75,106,271,2603,452,1116
410391565,1064,40,69,496,307,345,43,104,215,1669,362,652
410391569,900,42,91,638,250,289,42,48,203,1671,293,539
410391671,713,40,72,623,169,296,46,30,198,1448,274,465
410391673,1651,108,181,1172,445,688,94,79,399,3112,572,1133
410391675,2445,97,252,2074,680,885,187,165,662,4868,1014,1565
410391781,1068,108,57,466,205,562,30,14,130,1699,174,767
410391783,1752,228,78,250,305,1180,12,16,74,2308,102,1485
410391785,1297,86,98,797,322,547,43,50,236,2278,329,869
410391787,1551,53,164,1320,561,482,119,144,487,3088,750,1043
410391891,1016,84,124,788,213,408,38,36,213,2012,287,621
410391893,391,48,19,82,75,217,1,2,16,540,19,292
410391895,307,12,22,80,108,119,12,23,36,421,71,227
410391897,1933,63,114,867,630,663,87,127,342,2977,556,1293
410391899,2536,156,155,962,653,1136,83,109,309,3809,501,1789
410392122,2036,137,253,1430,578,702,111,118,441,3856,670,1280
410392234,2387,179,190,1146,570,1205,119,95,340,3902,554,1775
410392238,63,4,10,58,25,29,1,1,13,135,15,54
410392340,2063,152,210,1564,499,843,140,111,436,3989,687,1342
410392344,29,0,4,40,8,6,3,6,17,73,26,14
410392456,1707,123,235,1642,400,704,118,69,400,3707,587,1104
410392562,1947,132,275,2016,467,795,120,112,539,4370,771,1262
410392676,2133,91,287,2570,626,789,180,139,801,5081,1120,1415
410394200,306,15,36,313,102,105,18,28,103,670,149,207
410394301,1656,149,234,2099,474,727,179,116,687,4138,982,1201
410394400,876,56,151,1322,213,347,88,59,434,2405,581,560
410394500,400,17,24,486,148,143,28,29,224,927,281,291
410394601,2198,105,219,2280,837,779,144,170,957,4802,1271,1616
410394700,954,66,169,1610,279,380,130,82,559,2799,771,659
410394800,519,49,81,640,190,210,43,31,184,1289,258,400
410394900,793,66,122,1193,209,354,82,37,378,2174,497,563
41039702,1416,57,124,1545,0,0,0,0,0,3142,0,0
41039704,357,49,29,391,0,0,0,0,0,826,0,0
41039706,465,41,44,492,0,0,0,0,0,1042,0,0
41039708,963,67,100,1181,0,0,0,0,0,2311,0,0
41039710,571,39,49,626,0,0,0,0,0,1285,0,0
41039712,736,52,99,1433,0,0,0,0,0,2320,0,0
41039714,940,44,89,1324,0,0,0,0,0,2397,0,0
41039716,786,25,89,1055,0,0,0,0,0,1955,0,0
41039718,707,39,51,540,0,0,0,0,0,1337,0,0
41039720,1033,63,51,403,0,0,0,0,0,1550,0,0
41039722,204,9,21,327,0,0,0,0,0,561,0,0
41039724,118,15,20,244,0,0,0,0,0,397,0,0
41039726,1968,109,203,1648,0,0,0,0,0,3928,0,0
41039728,782,49,74,454,0,0,0,0,0,1359,0,0
41039730,2328,208,127,730,0,0,0,0,0,3393,0,0
41039732,1256,86,148,1025,0,0,0,0,0,2515,0,0
41039734,250,10,29,239,0,0,0,0,0,528,0,0
41039736,360,11,35,472,0,0,0,0,0,878,0,0
41039738,1188,58,121,1008,0,0,0,0,0,2375,0,0
41039740,197,22,21,111,0,0,0,0,0,351,0,0
41039742,563,43,56,432,0,0,0,0,0,1094,0,0
41039744,274,21,42,426,0,0,0,0,0,763,0,0
41039746,1035,59,171,1573,0,0,0,0,0,2838,0,0
41039748,1315,72,170,1783,0,0,0,0,0,3340,0,0
41039750,273,23,57,469,0,0,0,0,0,822,0,0
41039752,558,49,71,938,0,0,0,0,0,1616,0,0
41039754,444,31,63,583,0,0,0,0,0,1121,0,0
41039756,1118,51,137,1663,0,0,0,0,0,2969,0,0
41039758,693,31,95,923,0,0,0,0,0,1742,0,0
41039760,790,40,84,925,0,0,0,0,0,1839,0,0
41039762,652,36,42,524,0,0,0,0,0,1254,0,0
41039764,516,27,74,746,0,0,0,0,0,1363,0,0
41039766,247,18,25,351,0,0,0,0,0,641,0,0
4104101 Waldport,641,35,44,0,0,250,39,46,164,720,249,250
4104102 Alsea,209,18,16,258,70,81,15,14,88,501,117,151
4104103 Seaview,305,35,30,264,104,138,23,21,80,634,124,242
4104104 Tidewater,136,19,14,199,45,61,7,7,82,368,96,106
4104105 Yachats,582,40,24,205,200,229,22,22,74,851,118,429
4104106 Bayview,528,18,41,326,192,173,25,34,123,913,182,365
4104107 Seal Rock,536,29,27,379,172,238,26,25,133,971,184,410
4104108 South Beach,489,25,34,311,166,180,25,20,103,859,148,346
4104109 Nye Creek,513,33,29,247,150,215,17,16,82,822,115,365
4104110 Newport Bay,365,22,23,167,95,153,15,13,43,577,71,248
4104111 Oceanview,370,28,26,240,130,153,13,33,91,664,137,283
4104112 Yaquina,520,28,43,425,186,202,33,47,149,1016,229,388
4104113 Pacific,574,21,45,358,202,225,37,48,128,998,213,427
4104114 Agate Beach,491,23,44,343,167,172,43,30,115,901,188,339
4104115 Otter Rock,150,7,10,89,48,57,1,11,35,256,47,105
4104116 Depoe Bay,467,20,45,389,170,158,22,30,160,921,212,328
4104117 Fogarty,499,13,34,386,178,148,18,37,141,932,196,326
4104118 Kern,441,23,35,296,160,144,11,35,117,795,163,304
4104119 Schooner Ck,542,44,56,467,158,170,34,27,163,1109,224,328
4104120 Delake,681,43,71,529,189,257,28,37,149,1324,214,446
4104121 Oceanlake,550,29,64,411,146,213,21,36,133,1054,190,359
4104122 Sunset West,689,23,54,566,230,217,31,64,200,1332,295,447
4104123 Sunset East,341,17,42,409,100,126,18,20,130,809,168,226
4104124 Rose Lodge,219,20,31,299,64,86,16,10,71,569,97,150
4104125 Big Elk,30,3,1,42,6,13,5,6,14,76,25,19
4104126 Elk City,20,2,3,43,6,7,5,0,6,68,11,13
4104127 Fruitvale,233,15,37,336,84,92,26,13,112,621,151,176
4104128 Eddyville,120,16,16,147,29,61,7,10,48,299,65,90
4104129 SiIetz,460,29,54,453,162,186,24,19,153,996,196,348
4104130 Rock Creek,105,10,8,74,32,43,5,6,23,197,34,75
4104131 East Toledo,372,34,61,476,109,161,21,32,118,943,171,270
4104132 South Toledo,323,26,68,417,106,148,27,21,106,834,154,254
41043001,298,19,28,0,0,0,0,0,0,345,0,0
41043003,281,13,29,156,0,0,0,0,0,479,0,0
41043005,303,25,43,267,0,0,0,0,0,638,0,0
41043008,330,39,70,388,0,0,0,0,0,827,0,0
41043011,247,11,46,190,0,0,0,0,0,494,0,0
41043014,261,20,58,271,0,0,0,0,0,610,0,0
41043015,102,12,16,117,0,0,0,0,0,247,0,0
41043016,285,17,53,293,0,0,0,0,0,648,0,0
41043018,797,53,129,919,0,0,0,0,0,1898,0,0
41043019,247,13,61,387,0,0,0,0,0,708,0,0
41043020,134,12,19,329,0,0,0,0,0,494,0,0
41043021,62,3,16,197,0,0,0,0,0,278,0,0
41043022,18,3,16,56,0,0,0,0,0,93,0,0
41043023,158,8,23,464,0,0,0,0,0,653,0,0
41043025,194,15,34,466,0,0,0,0,0,709,0,0
41043026,35,3,15,149,0,0,0,0,0,202,0,0
41043027,129,8,19,350,0,0,0,0,0,506,0,0
41043028,25,3,4,138,0,0,0,0,0,170,0,0
41043029,423,24,85,997,0,0,0,0,0,1529,0,0
41043030,30,2,4,133,0,0,0,0,0,169,0,0
41043031,106,12,17,360,0,0,0,0,0,495,0,0
41043032,113,8,33,370,0,0,0,0,0,524,0,0
41043033,7,1,2,24,0,0,0,0,0,34,0,0
41043034,82,7,9,195,0,0,0,0,0,293,0,0
41043035,304,26,61,805,0,0,0,0,0,1196,0,0
41043036,289,29,50,563,0,0,0,0,0,931,0,0
41043037,275,21,60,435,0,0,0,0,0,791,0,0
41043038,277,28,56,479,0,0,0,0,0,840,0,0
41043039,212,22,36,294,0,0,0,0,0,564,0,0
41043041,176,11,43,280,0,0,0,0,0,510,0,0
41043042,103,10,32,427,0,0,0,0,0,572,0,0
41043043,179,15,41,424,0,0,0,0,0,659,0,0
41043044,383,25,32,366,0,0,0,0,0,806,0,0
41043045,159,10,31,491,0,0,0,0,0,691,0,0
41043046,223,20,37,635,0,0,0,0,0,915,0,0
41043047,90,5,10,148,0,0,0,0,0,253,0,0
41043048,389,30,27,409,0,0,0,0,0,855,0,0
41043049,0,0,0,0,0,0,0,0,0,0,0,0
41043050,103,2,26,295,0,0,0,0,0,426,0,0
41043051,25,3,11,149,0,0,0,0,0,188,0,0
41043052,89,8,35,241,0,0,0,0,0,373,0,0
41043053,145,10,22,494,0,0,0,0,0,671,0,0
41043054,79,7,19,228,0,0,0,0,0,333,0,0
41043055,123,11,26,368,0,0,0,0,0,528,0,0
41043056,201,5,47,453,0,0,0,0,0,706,0,0
41043057,12,2,2,31,0,0,0,0,0,47,0,0
41043058,8,0,2,31,0,0,0,0,0,41,0,0
41043059,109,13,40,270,0,0,0,0,0,432,0,0
41043060,173,18,55,330,0,0,0,0,0,576,0,0
41043061,85,6,16,192,0,0,0,0,0,299,0,0
41043062,198,29,37,502,0,0,0,0,0,766,0,0
41043063,283,9,52,750,0,0,0,0,0,1094,0,0
41043065,8,0,5,21,0,0,0,0,0,34,0,0
41043066,51,5,10,147,0,0,0,0,0,213,0,0
41043067,101,15,33,293,0,0,0,0,0,442,0,0
41043068,26,9,14,115,0,0,0,0,0,164,0,0
41043070,147,10,21,365,0,0,0,0,0,543,0,0
41043071,17,4,8,87,0,0,0,0,0,116,0,0
41043073,290,20,45,506,0,0,0,0,0,861,0,0
41043074,176,18,35,521,0,0,0,0,0,750,0,0
41043075,203,14,38,578,0,0,0,0,0,833,0,0
41043076,313,16,57,658,0,0,0,0,0,1044,0,0
41043077,103,3,20,297,0,0,0,0,0,423,0,0
41043078,176,14,26,387,0,0,0,0,0,603,0,0
41043079,398,32,73,626,0,0,0,0,0,1129,0,0
41043080,253,21,34,605,0,0,0,0,0,913,0,0
41043082,99,5,21,241,0,0,0,0,0,366,0,0
41043083,5,0,2,15,0,0,0,0,0,22,0,0
41043084,311,32,41,344,0,0,0,0,0,728,0,0
41043086,255,16,54,792,0,0,0,0,0,1117,0,0
41043087,97,8,23,275,0,0,0,0,0,403,0,0
41043088,214,18,58,431,0,0,0,0,0,721,0,0
41043089,227,8,38,338,0,0,0,0,0,611,0,0
41043091,352,36,86,481,0,0,0,0,0,955,0,0
41043092,584,45,113,719,0,0,0,0,0,1461,0,0
41043093,600,37,120,893,0,0,0,0,0,1650,0,0
41043094,279,21,59,356,0,0,0,0,0,715,0,0
41043095,313,26,54,572,0,0,0,0,0,965,0,0
41043096,364,16,41,341,0,0,0,0,0,762,0,0
41043097,227,16,55,509,0,0,0,0,0,807,0,0
41043099,67,2,20,251,0,0,0,0,0,340,0,0
410431,0,0,0,0,0,113,11,22,63,0,96,113
41043100,421,29,109,627,130,179,63,45,208,1186,316,309
41043101,105,4,18,297,35,35,15,15,103,424,133,70
41043102,412,25,67,570,106,159,34,33,153,1074,220,265
41043103,93,9,13,314,20,49,30,8,90,429,128,69
41043104,146,11,24,370,39,58,33,15,99,551,147,97
41043105,208,21,39,284,46,94,19,4,64,552,87,140
41043106,209,13,33,348,50,87,17,15,112,603,144,137
41043107,333,20,57,535,99,150,49,42,157,945,248,249
41043108,453,34,132,884,130,185,77,46,196,1503,319,315
4104311,0,0,0,0,58,84,18,14,45,0,77,142
4104314,0,0,0,0,52,123,24,14,60,0,98,175
4104315,0,0,0,0,23,44,10,3,30,0,43,67
4104316,0,0,0,0,71,97,28,22,84,0,134,168
4104318,0,0,0,0,212,268,77,81,241,0,399,480
4104319,0,0,0,0,74,112,41,26,125,0,192,186
4104320,0,0,0,0,42,52,27,19,96,0,142,94
4104321,0,0,0,0,16,28,26,6,51,0,83,44
4104322,0,0,0,0,4,4,5,2,20,0,27,8
4104323,0,0,0,0,54,56,49,29,131,0,209,110
4104325,0,0,0,0,60,78,38,18,111,0,167,138
4104326,0,0,0,0,13,19,21,5,33,0,59,32
4104327,0,0,0,0,51,49,27,27,100,0,154,100
4104328,0,0,0,0,11,10,19,10,50,0,79,21
4104329,0,0,0,0,93,159,73,37,269,0,379,252
410433,0,0,0,0,73,115,13,21,49,0,83,188
4104330,0,0,0,0,12,8,7,4,46,0,57,20
4104331,0,0,0,0,28,41,28,12,102,0,142,69
4104332,0,0,0,0,33,55,53,23,111,0,187,88
4104333,0,0,0,0,1,4,1,1,6,0,8,5
4104334,0,0,0,0,22,19,13,13,63,0,89,41
4104335,0,0,0,0,98,152,49,33,188,0,270,250
4104336,0,0,0,0,95,105,48,23,122,0,193,200
4104337,0,0,0,0,75,106,31,20,116,0,167,181
4104338,0,0,0,0,70,115,29,18,89,0,136,185
4104339,0,0,0,0,70,90,30,14,71,0,115,160
4104341,0,0,0,0,42,64,21,15,61,0,97,106
4104342,0,0,0,0,34,51,39,18,101,0,158,85
4104343,0,0,0,0,51,65,12,20,110,0,142,116
4104344,0,0,0,0,103,150,38,29,115,0,182,253
4104345,0,0,0,0,45,69,53,22,128,0,203,114
4104346,0,0,0,0,77,94,53,22,170,0,245,171
4104347,0,0,0,0,36,27,7,14,37,0,58,63
4104348,0,0,0,0,152,121,58,31,158,0,247,273
4104349,0,0,0,0,0,0,0,0,0,0,0,0
410435,0,0,0,0,62,127,21,20,57,0,98,189
4104350,0,0,0,0,23,54,16,20,88,0,124,77
4104351,0,0,0,0,8,9,22,7,48,0,77,17
4104352,0,0,0,0,21,35,16,6,49,0,71,56
4104353,0,0,0,0,47,74,31,17,178,0,226,121
4104354,0,0,0,0,14,45,20,18,92,0,130,59
4104355,0,0,0,0,32,52,34,12,118,0,164,84
4104356,0,0,0,0,63,68,49,16,146,0,211,131
4104357,0,0,0,0,2,5,10,2,12,0,24,7
4104358,0,0,0,0,2,2,2,1,16,0,19,4
4104359,0,0,0,0,35,38,19,14,65,0,98,73
4104360,0,0,0,0,50,66,19,19,85,0,123,116
4104361,0,0,0,0,23,39,18,11,43,0,72,62
4104362,0,0,0,0,57,92,22,11,130,0,163,149
4104363,0,0,0,0,79,124,71,49,208,0,328,203
4104365,0,0,0,0,2,2,4,4,10,0,18,4
4104366,0,0,0,0,20,23,10,6,38,0,54,43
4104367,0,0,0,0,30,53,25,19,80,0,124,83
4104368,0,0,0,0,5,14,10,4,19,0,33,19
4104370,0,0,0,0,44,63,26,32,116,0,174,107
4104371,0,0,0,0,5,8,5,4,24,0,33,13
4104373,0,0,0,0,79,125,55,28,176,0,259,204
4104374,0,0,0,0,59,72,35,15,122,0,172,131
4104375,0,0,0,0,90,95,90,40,207,0,337,185
4104376,0,0,0,0,95,86,36,35,201,0,272,181
4104377,0,0,0,0,36,52,12,11,77,0,100,88
4104378,0,0,0,0,68,65,32,14,125,0,171,133
4104379,0,0,0,0,93,142,53,41,147,0,241,235
410438,0,0,0,0,77,125,46,15,92,0,153,202
4104380,0,0,0,0,65,86,47,15,174,0,236,151
4104382,0,0,0,0,34,30,20,13,57,0,90,64
4104383,0,0,0,0,3,1,0,1,9,0,10,4
4104384,0,0,0,0,79,141,25,8,64,0,97,220
4104386,0,0,0,0,69,115,70,16,264,0,350,184
4104387,0,0,0,0,37,51,35,16,83,0,134,88
4104388,0,0,0,0,55,93,49,21,94,0,164,148
4104389,0,0,0,0,77,71,29,27,113,0,169,148
4104391,0,0,0,0,53,149,32,18,141,0,191,202
4104392,0,0,0,0,152,236,59,48,212,0,319,388
4104393,0,0,0,0,148,220,72,39,246,0,357,368
4104394,0,0,0,0,60,135,16,20,98,0,134,195
4104395,0,0,0,0,78,135,48,34,171,0,253,213
4104396,0,0,0,0,120,111,28,55,129,0,212,231
4104397,0,0,0,0,57,70,37,25,153,0,215,127
4104399,0,0,0,0,24,33,27,8,57,0,92,57
41043Total,17995,1339,3431,33488,0,0,0,0,0,56253,0,0
410451 - Ontario 1,263,24,41,0,0,68,45,48,207,328,300,68
4104510 - City of Adrian,22,1,7,46,8,6,0,1,15,76,16,14
4104511 - Rural Adrian,50,7,19,438,6,25,50,19,145,514,214,31
4104512 - City of Vale,160,15,35,468,39,51,42,11,159,678,212,90
4104513 - South Rural Vale,56,1,21,445,17,22,49,24,151,523,224,39
4104514 - North Rural Vale,86,9,28,566,22,38,42,16,230,689,288,60
4104515 - Willoworeek,18,1,5,202,7,5,15,5,98,226,118,12
4104516 - Brogan,15,0,5,54,4,5,3,3,12,74,18,9
4104517 - lronside,0,0,0,33,0,0,0,2,17,33,19,0
4104518 - Harper,11,0,0,138,5,3,9,2,62,149,73,8
4104519 - Juntura,0,0,2,72,0,1,4,1,37,74,42,1
410452 - Ontario 2,337,41,65,430,68,78,38,17,105,873,160,146
4104520 - City of Jordan Valley,5,0,0,81,1,5,10,2,45,86,57,6
4104521 - Rural Jordan Valley,4,0,2,129,1,2,11,6,47,135,64,3
4104522 - Arock,2,0,0,87,0,2,7,0,42,89,49,2
4104523 - McDermitt,1,0,0,29,0,0,1,0,12,30,13,0
4104524 - Annex/Huntington,31,3,8,123,7,9,8,1,34,165,43,16
410453 - Ontario 3,250,13,28,431,61,60,24,19,146,722,189,121
410454 - Ontario 4,241,21,39,511,56,56,37,35,179,812,251,112
410455 - Applegate,48,3,13,282,13,22,23,10,72,346,105,35
410456 - Fair/Ontario Heights,158,5,29,572,35,39,41,10,179,764,230,74
410457 - Butte/Cairo,120,13,24,449,29,49,30,26,176,606,232,78
410458 - City of Nyssa,280,11,33,431,70,48,46,14,151,755,211,118
410459 - Rural Nyssa,88,9,23,625,38,25,43,19,242,745,304,63
41047310,0,0,0,0,0,439,56,36,141,0,233,439
41047310 - 1,1146,68,84,0,0,0,0,0,0,1298,0,0
41047311,0,0,0,0,339,576,81,59,236,0,376,915
41047311 - 1,1453,109,148,821,0,0,0,0,0,2531,0,0
41047312,0,0,0,0,269,557,64,62,109,0,235,826
41047312 - 1,1108,66,125,470,0,0,0,0,0,1769,0,0
41047320,0,0,0,0,127,172,37,32,74,0,143,299
41047320 - 1,561,16,57,291,0,0,0,0,0,925,0,0
41047321,0,0,0,0,128,233,35,17,63,0,115,361
41047321 - 1,608,34,68,318,0,0,0,0,0,1028,0,0
41047322,0,0,0,0,24,16,1,3,14,0,18,40
41047322 - 1,55,1,4,24,0,0,0,0,0,84,0,0
41047323,0,0,0,0,416,540,74,66,159,0,299,956
41047323 - 1,1373,64,106,561,0,0,0,0,0,2104,0,0
41047324,0,0,0,0,8,13,4,1,6,0,11,21
41047324 - 1,45,3,3,27,0,0,0,0,0,78,0,0
41047325,0,0,0,0,199,325,59,40,194,0,293,524
41047325 - 1,847,57,103,678,0,0,0,0,0,1685,0,0
41047326,0,0,0,0,6,12,2,0,2,0,4,18
41047326 - 1,30,1,2,20,0,0,0,0,0,53,0,0
41047330,0,0,0,0,273,365,95,85,275,0,455,638
41047330 - 1,997,48,93,818,0,0,0,0,0,1956,0,0
41047331,0,0,0,0,110,125,41,30,99,0,170,235
41047331 - 1,364,19,33,346,0,0,0,0,0,762,0,0
41047332,0,0,0,0,55,91,10,8,66,0,84,146
41047332 - 1,372,10,49,254,0,0,0,0,0,685,0,0
41047333,0,0,0,0,126,108,47,19,146,0,212,234
41047333 - 1,405,21,59,463,0,0,0,0,0,948,0,0
41047334,0,0,0,0,18,17,12,5,27,0,44,35
41047334 - 1,72,1,13,67,0,0,0,0,0,153,0,0
41047335,0,0,0,0,0,0,0,0,0,0,0,0
41047335 - 1,0,0,0,0,0,0,0,0,0,0,0,0
41047336,0,0,0,0,1,0,0,0,0,0,0,1
41047336 - 1,0,0,0,6,0,0,0,0,0,6,0,0
41047337,0,0,0,0,509,576,178,169,406,0,753,1085
41047337 - 1,1702,69,165,1398,0,0,0,0,0,3334,0,0
41047340,0,0,0,0,226,253,90,94,303,0,487,479
41047340 - 1,953,41,120,994,0,0,0,0,0,2108,0,0
41047341,0,0,0,0,273,295,111,107,348,0,566,568
41047341 - 1,951,43,102,1001,0,0,0,0,0,2097,0,0
41047342,0,0,0,0,0,0,2,0,0,0,2,0
41047342 - 1,0,0,0,5,0,0,0,0,0,5,0,0
41047343,0,0,0,0,368,389,146,110,453,0,709,757
41047343 - 1,1355,46,160,1386,0,0,0,0,0,2947,0,0
41047344,0,0,0,0,512,536,171,163,476,0,810,1048
41047344 - 1,1675,62,204,1528,0,0,0,0,0,3469,0,0
41047350,0,0,0,0,192,327,49,32,150,0,231,519
41047350 - 1,1023,79,101,701,0,0,0,0,0,1904,0,0
41047351,0,0,0,0,31,55,20,12,34,0,66,86
41047351 - 1,213,9,23,198,0,0,0,0,0,443,0,0
41047352,0,0,0,0,34,59,14,9,40,0,63,93
41047352 - 1,164,4,20,181,0,0,0,0,0,369,0,0
41047353,0,0,0,0,156,146,56,39,159,0,254,302
41047353 - 1,539,35,62,572,0,0,0,0,0,1208,0,0
41047354,0,0,0,0,14,16,6,2,19,0,27,30
41047354 - 1,55,1,3,56,0,0,0,0,0,115,0,0
41047355,0,0,0,0,5,10,2,0,9,0,11,15
41047355 - 1,20,1,2,22,0,0,0,0,0,45,0,0
41047356,0,0,0,0,4,4,2,0,5,0,7,8
41047356 - 1,20,1,0,30,0,0,0,0,0,51,0,0
41047357,0,0,0,0,138,242,47,33,153,0,233,380
41047357 - 1,734,47,65,594,0,0,0,0,0,1440,0,0
41047361,0,0,0,0,37,98,9,10,26,0,45,135
41047361 - 1,307,12,27,142,0,0,0,0,0,488,0,0
41047362,0,0,0,0,105,185,24,19,76,0,119,290
41047362 - 1,428,33,40,251,0,0,0,0,0,752,0,0
41047363,0,0,0,0,277,372,123,58,314,0,495,649
41047363 - 1,1268,81,151,1178,0,0,0,0,0,2678,0,0
41047364,0,0,0,0,163,226,91,37,214,0,342,389
41047364 - 1,710,35,62,683,0,0,0,0,0,1490,0,0
41047365,0,0,0,0,0,0,0,0,0,0,0,0
41047365 - 1,0,0,0,0,0,0,0,0,0,0,0,0
41047370,0,0,0,0,424,357,60,74,136,0,270,781
41047370 - 1,1153,43,96,443,0,0,0,0,0,1735,0,0
41047371,0,0,0,0,529,495,100,179,400,0,679,1024
41047371 - 1,1684,59,164,1121,0,0,0,0,0,3028,0,0
41047372,0,0,0,0,144,209,41,35,89,0,165,353
41047372 - 1,504,15,52,314,0,0,0,0,0,885,0,0
41047373,0,0,0,0,366,372,131,128,322,0,581,738
41047373 - 1,1108,37,118,963,0,0,0,0,0,2226,0,0
41047374,0,0,0,0,148,218,72,42,136,0,250,366
41047374 - 1,570,22,87,550,0,0,0,0,0,1229,0,0
41047375,0,0,0,0,228,365,99,64,212,0,375,593
41047375 - 1,938,70,120,877,0,0,0,0,0,2005,0,0
41047376,0,0,0,0,0,0,0,0,0,0,0,0
41047376 - 1,0,0,0,0,0,0,0,0,0,0,0,0
41047400,0,0,0,0,0,0,0,0,0,0,0,0
41047400 - 1,0,0,0,0,0,0,0,0,0,0,0,0
41047401,0,0,0,0,298,291,183,129,453,0,765,589
41047401 - 1,1135,37,145,1456,0,0,0,0,0,2773,0,0
41047402,0,0,0,0,291,233,112,118,426,0,656,524
41047402 - 1,829,30,100,1022,0,0,0,0,0,1981,0,0
41047403,0,0,0,0,277,347,164,142,443,0,749,624
41047403 - 1,1103,46,157,1384,0,0,0,0,0,2690,0,0
41047404,0,0,0,0,245,289,123,58,293,0,474,534
41047404 - 1,866,58,124,1082,0,0,0,0,0,2130,0,0
41047405,0,0,0,0,157,179,74,59,264,0,397,336
41047405 - 1,614,28,97,840,0,0,0,0,0,1579,0,0
41047406,0,0,0,0,325,378,159,95,395,0,649,703
41047406 - 1,1143,45,183,1456,0,0,0,0,0,2827,0,0
41047407,0,0,0,0,222,417,120,57,337,0,514,639
41047407 - 1,1144,72,159,1248,0,0,0,0,0,2623,0,0
41047408,0,0,0,0,13,18,1,0,4,0,5,31
41047408 - 1,56,9,7,41,0,0,0,0,0,113,0,0
41047505,0,0,0,0,28,16,3,13,42,0,58,44
41047505 - 1,73,2,14,124,0,0,0,0,0,213,0,0
41047515,0,0,0,0,39,49,15,13,75,0,103,88
41047515 - 1,154,9,25,250,0,0,0,0,0,438,0,0
41047525,0,0,0,0,54,114,43,16,104,0,163,168
41047525 - 1,217,11,24,270,0,0,0,0,0,522,0,0
41047525 - 2,40,3,9,60,0,0,0,0,0,112,0,0
41047535,0,0,0,0,101,131,47,24,135,0,206,232
41047535 - 1,115,11,16,121,0,0,0,0,0,263,0,0
41047535 - 2,323,11,46,425,0,0,0,0,0,805,0,0
41047545,0,0,0,0,53,65,24,5,45,0,74,118
41047545 - 1,305,15,34,226,0,0,0,0,0,580,0,0
41047555,0,0,0,0,151,162,85,44,187,0,316,313
41047555 - 1,524,24,74,694,0,0,0,0,0,1316,0,0
41047577,0,0,0,0,29,35,36,21,82,0,139,64
41047577 - 1,129,1,32,272,0,0,0,0,0,434,0,0
41047578,0,0,0,0,0,4,4,2,7,0,13,4
41047578 - 1,0,0,0,1,0,0,0,0,0,1,0,0
41047578 - 2,5,0,3,22,0,0,0,0,0,30,0,0
41047579,0,0,0,0,21,13,15,4,32,0,51,34
41047579 - 1,46,5,6,98,0,0,0,0,0,155,0,0
41047580,0,0,0,0,82,96,65,60,194,0,319,178
41047580 - 1,299,17,64,598,0,0,0,0,0,978,0,0
41047581,0,0,0,0,229,254,106,96,498,0,700,483
41047581 - 1,160,10,22,297,0,0,0,0,0,489,0,0
41047581 - 2,649,37,95,1262,0,0,0,0,0,2043,0,0
41047582,0,0,0,0,46,36,42,18,117,0,177,82
41047582 - 1,35,1,5,55,0,0,0,0,0,96,0,0
41047582 - 2,119,6,19,307,0,0,0,0,0,451,0,0
41047583,0,0,0,0,67,81,64,39,169,0,272,148
41047583 - 1,44,2,4,78,0,0,0,0,0,128,0,0
41047583 - 2,189,5,33,472,0,0,0,0,0,699,0,0
41047584,0,0,0,0,0,0,4,2,3,0,9,0
41047584 - 1,4,0,0,15,0,0,0,0,0,19,0,0
41047586,0,0,0,0,39,49,41,19,109,0,169,88
41047586 - 1,134,14,23,284,0,0,0,0,0,455,0,0
41047587,0,0,0,0,7,14,14,6,20,0,40,21
41047587 - 1,20,5,4,74,0,0,0,0,0,103,0,0
41047588,0,0,0,0,6,11,1,2,11,0,14,17
41047588 - 1,56,0,6,47,0,0,0,0,0,109,0,0
41047589,0,0,0,0,3,1,6,2,7,0,15,4
41047589 - 1,6,0,1,27,0,0,0,0,0,34,0,0
41047590,0,0,0,0,30,54,68,34,123,0,225,84
41047590 - 1,0,0,0,0,0,0,0,0,0,0,0,0
41047590 - 2,152,6,34,419,0,0,0,0,0,611,0,0
41047615,0,0,0,0,9,22,12,7,25,0,44,31
41047615 - 1,37,5,15,114,0,0,0,0,0,171,0,0
41047625,0,0,0,0,225,316,111,68,205,0,384,541
41047625 - 1,879,40,125,775,0,0,0,0,0,1819,0,0
41047635,0,0,0,0,343,488,139,124,390,0,653,831
41047635 - 1,1320,82,164,1260,0,0,0,0,0,2826,0,0
41047645,0,0,0,0,146,143,85,71,249,0,405,289
41047645 - 1,444,11,81,874,0,0,0,0,0,1410,0,0
41047655,0,0,0,0,300,387,219,127,618,0,964,687
41047655 - 1,1008,68,201,1955,0,0,0,0,0,3232,0,0
41047674,0,0,0,0,64,90,43,21,240,0,304,154
41047674 - 1,220,10,40,642,0,0,0,0,0,912,0,0
41047676,0,0,0,0,72,92,83,36,205,0,324,164
41047676 - 1,253,7,52,564,0,0,0,0,0,876,0,0
41047677,0,0,0,0,27,26,33,9,51,0,93,53
41047677 - 1,107,2,16,160,0,0,0,0,0,285,0,0
41047678,0,0,0,0,189,247,64,46,224,0,334,436
41047678 - 1,757,39,86,798,0,0,0,0,0,1680,0,0
41047679,0,0,0,0,63,95,77,71,207,0,355,158
41047679 - 1,239,8,46,640,0,0,0,0,0,933,0,0
41047680,0,0,0,0,23,23,50,20,71,0,141,46
41047680 - 1,63,5,20,236,0,0,0,0,0,324,0,0
41047681,0,0,0,0,100,148,64,46,195,0,305,248
41047681 - 1,335,11,43,598,0,0,0,0,0,987,0,0
41047682,0,0,0,0,245,261,174,124,449,0,747,506
41047682 - 1,762,34,116,1411,0,0,0,0,0,2323,0,0
41047683,0,0,0,0,16,24,27,18,60,0,105,40
41047683 - 1,63,3,9,187,0,0,0,0,0,262,0,0
41047684,0,0,0,0,42,79,52,30,108,0,190,121
41047684 - 1,181,11,12,373,0,0,0,0,0,577,0,0
41047686,0,0,0,0,5,12,12,10,37,0,59,17
41047686 - 1,31,1,6,101,0,0,0,0,0,139,0,0
41047687,0,0,0,0,15,10,9,6,11,0,26,25
41047687 - 1,38,1,4,44,0,0,0,0,0,87,0,0
41047688,0,0,0,0,25,23,18,11,49,0,78,48
41047688 - 1,77,4,9,154,0,0,0,0,0,244,0,0
41047689,0,0,0,0,3,2,1,1,2,0,4,5
41047689 - 1,7,1,0,13,0,0,0,0,0,21,0,0
41047690,0,0,0,0,206,315,115,67,275,0,457,521
41047690 - 1,1053,57,113,960,0,0,0,0,0,2183,0,0
41047691,0,0,0,0,383,431,193,118,413,0,724,814
41047691 - 1,1347,68,153,1556,0,0,0,0,0,3124,0,0
41047692,0,0,0,0,4,1,5,0,10,0,15,5
41047692 - 1,13,0,1,26,0,0,0,0,0,40,0,0
41047694,0,0,0,0,94,128,48,26,140,0,214,222
41047694 - 1,421,26,66,446,0,0,0,0,0,959,0,0
41047696,0,0,0,0,218,245,86,59,252,0,397,463
41047696 - 1,811,54,84,864,0,0,0,0,0,1813,0,0
41047697,0,0,0,0,162,251,72,47,234,0,353,413
41047697 - 1,740,40,105,806,0,0,0,0,0,1691,0,0
41047698,0,0,0,0,85,113,60,44,153,0,257,198
41047698 - 1,283,21,45,518,0,0,0,0,0,867,0,0
41047705,0,0,0,0,60,74,70,39,183,0,292,134
41047705 - 1,238,16,54,633,0,0,0,0,0,941,0,0
41047715,0,0,0,0,97,153,88,43,258,0,389,250
41047715 - 1,382,22,107,991,0,0,0,0,0,1502,0,0
41047725,0,0,0,0,76,141,86,33,249,0,368,217
41047725 - 1,372,31,78,796,0,0,0,0,0,1277,0,0
41047779,0,0,0,0,83,101,46,50,148,0,244,184
41047779 - 1,266,5,21,388,0,0,0,0,0,680,0,0
41047779 - 2,28,0,6,47,0,0,0,0,0,81,0,0
41047780,0,0,0,0,137,127,44,71,180,0,295,264
41047780 - 1,438,13,33,494,0,0,0,0,0,978,0,0
41047781,0,0,0,0,76,70,34,22,94,0,150,146
41047781 - 1,254,13,28,257,0,0,0,0,0,552,0,0
41047782,0,0,0,0,22,49,16,16,67,0,99,71
41047782 - 1,118,4,20,162,0,0,0,0,0,304,0,0
41047783,0,0,0,0,47,45,52,29,115,0,196,92
41047783 - 1,148,9,18,309,0,0,0,0,0,484,0,0
41047784,0,0,0,0,25,22,12,6,16,0,34,47
41047784 - 1,46,7,6,38,0,0,0,0,0,97,0,0
41047784 - 2,28,1,2,29,0,0,0,0,0,60,0,0
41047786,0,0,0,0,21,25,15,10,60,0,85,46
41047786 - 1,56,3,18,160,0,0,0,0,0,237,0,0
41047787,0,0,0,0,209,187,147,73,428,0,648,396
41047787 - 1,621,17,100,1358,0,0,0,0,0,2096,0,0
41047788,0,0,0,0,194,210,143,66,383,0,592,404
41047788 - 1,82,5,9,101,0,0,0,0,0,197,0,0
41047788 - 2,460,27,70,955,0,0,0,0,0,1512,0,0
41047789,0,0,0,0,134,203,125,62,336,0,523,337
41047789 - 1,470,31,75,1179,0,0,0,0,0,1755,0,0
41047790,0,0,0,0,14,26,21,3,46,0,70,40
41047790 - 1,41,7,9,154,0,0,0,0,0,211,0,0
41047815,0,0,0,0,170,150,62,39,146,0,247,320
41047815 - 1,699,25,54,540,0,0,0,0,0,1318,0,0
41047825,0,0,0,0,81,112,28,13,64,0,105,193
41047825 - 1,485,23,54,276,0,0,0,0,0,838,0,0
41047835,0,0,0,0,155,128,28,41,173,0,242,283
41047835 - 1,5,0,0,6,0,0,0,0,0,11,0,0
41047835 - 2,514,18,23,417,0,0,0,0,0,972,0,0
41047845,0,0,0,0,343,243,97,69,306,0,472,586
41047845 - 1,929,23,71,847,0,0,0,0,0,1870,0,0
41047855,0,0,0,0,185,195,52,45,176,0,273,380
41047855 - 1,199,13,13,82,0,0,0,0,0,307,0,0
41047855 - 2,545,24,49,492,0,0,0,0,0,1110,0,0
41047865,0,0,0,0,86,121,16,14,73,0,103,207
41047865 - 1,424,20,32,300,0,0,0,0,0,776,0,0
41047905,0,0,0,0,7,12,5,5,8,0,18,19
41047905 - 1,35,1,8,71,0,0,0,0,0,115,0,0
41047915,0,0,0,0,14,24,12,5,38,0,55,38
41047915 - 1,55,8,7,144,0,0,0,0,0,214,0,0
41047925,0,0,0,0,12,17,4,2,26,0,32,29
41047925 - 1,36,1,7,80,0,0,0,0,0,124,0,0
41047935,0,0,0,0,1,1,0,0,7,0,7,2
41047935 - 1,7,0,2,18,0,0,0,0,0,27,0,0
41047981,0,0,0,0,36,57,10,7,46,0,63,93
41047981 - 1,120,9,16,153,0,0,0,0,0,298,0,0
41047982,0,0,0,0,0,0,0,0,0,0,0,0
41047982 - 1,0,0,0,0,0,0,0,0,0,0,0,0
41049,0,0,0,0,294,337,265,157,870,0,1292,631
410491,386,16,70,0,0,86,42,34,170,472,246,86
410492,325,21,84,905,81,101,63,27,243,1335,333,182
410493,39,5,13,250,19,20,32,12,102,307,146,39
410494,61,4,13,253,26,28,36,23,108,331,167,54
410495,206,6,58,778,79,102,92,61,247,1048,400,181
410512701,441,11,15,0,0,71,7,53,53,467,113,71
410512702,544,5,33,166,213,116,10,70,78,748,158,329
410513101,853,29,50,240,253,251,6,27,94,1172,127,504
410513102,1099,61,71,500,328,379,45,54,159,1731,258,707
410513103,334,9,27,203,98,109,13,21,60,573,94,207
410513301,8116,216,288,717,2400,2116,49,170,204,9337,423,4516
410513303,2486,48,104,615,760,444,38,147,206,3253,391,1204
410513304,431,12,18,93,144,135,8,19,33,554,60,279
410513501,613,29,29,200,184,206,23,28,60,871,111,390
410513502,3458,131,150,669,1056,1142,72,142,262,4408,476,2198
410513602,4530,165,151,388,1113,1485,24,123,100,5234,247,2598
410513603,5742,267,215,759,1439,1910,40,163,215,6983,418,3349
410513604,101,2,4,41,33,21,1,18,17,148,36,54
410513605,1783,54,78,278,646,437,12,139,126,2193,277,1083
410513606,1356,39,38,166,419,508,10,40,55,1599,105,927
410513607,4430,121,158,539,1551,1322,45,180,191,5248,416,2873
410513608,3263,98,153,520,1039,841,30,166,181,4034,377,1880
410513609,363,4,16,78,167,72,6,46,29,461,81,239
410513610,2715,88,92,408,924,818,30,131,127,3303,288,1742
410513611,3927,137,175,620,1264,1324,53,146,196,4859,395,2588
410513612,4062,206,148,511,1058,1460,24,90,160,4927,274,2518
410513801,59,2,3,12,21,16,3,3,2,76,8,37
410513802,6519,194,299,1133,2124,2194,118,270,423,8145,811,4318
410513803,4455,185,183,590,1265,1644,49,126,189,5413,364,2909
410513804,932,30,58,146,290,279,12,37,41,1166,90,569
410513805,596,19,28,96,203,191,13,19,40,739,72,394
410513806,1271,34,57,442,421,329,25,76,153,1804,254,750
410513807,690,13,52,236,227,130,13,89,113,991,215,357
410513808,197,3,2,10,26,53,0,4,3,212,7,79
410514101,6628,247,200,696,1882,2653,71,144,223,7771,438,4535
410514102,3205,174,143,611,710,1513,56,69,155,4133,280,2223
410514103,2925,71,122,339,1089,851,31,159,137,3457,327,1940
410514203,7055,423,152,345,1134,3623,18,46,76,7975,140,4757
410514204,6810,359,149,362,1614,3106,34,69,100,7680,203,4720
410514205,3419,144,60,220,869,1517,12,40,68,3843,120,2386
410514207,4287,203,74,185,894,2080,13,26,63,4749,102,2974
410514208,2364,118,73,157,551,1125,19,19,32,2712,70,1676
410514209,5486,345,170,460,1083,2677,35,71,108,6461,214,3760
410514210,7466,386,231,846,1580,3524,80,110,231,8929,421,5104
410514301,7484,345,122,373,1727,3234,31,39,84,8324,154,4961
410514302,7840,318,196,466,1701,3143,48,96,103,8820,247,4844
410514304,6186,227,119,330,1897,2283,28,56,114,6862,198,4180
410514305,7202,358,167,713,1747,3041,74,71,201,8440,346,4788
410514306,1519,43,56,94,428,626,2,24,31,1712,57,1054
410514310,6694,241,131,264,1808,2594,30,51,61,7330,142,4402
410514401,6404,364,262,901,1271,2772,76,83,194,7931,353,4043
410514402,6611,313,243,1170,1538,2613,76,113,321,8337,510,4151
410514403,5803,253,169,527,1326,2608,44,78,130,6752,252,3934
410514404,6679,274,255,817,1541,2722,62,106,228,8025,396,4263
410514409,1192,78,56,314,250,493,19,10,88,1640,117,743
410514501,8074,210,214,722,3045,2610,80,214,279,9220,573,5655
410514502,3370,111,124,466,816,1405,32,63,127,4071,222,2221
410514503,3013,88,78,241,1015,1079,28,68,77,3420,173,2094
410514505,5666,194,175,671,1537,2267,55,124,203,6706,382,3804
410514506,2057,130,98,562,421,846,54,60,147,2847,261,1267
410514508,2865,180,122,482,599,1284,46,37,123,3649,206,1883
410514509,1395,63,84,596,335,471,68,65,147,2138,280,806
410514510,1278,47,71,587,364,395,50,74,198,1983,322,759
410514511,1332,85,89,532,265,499,38,35,135,2038,208,764
410514512,354,12,29,97,112,126,7,21,29,492,57,238
410514601,7476,319,197,768,2085,3181,97,149,229,8760,475,5266
410514602,2955,81,80,258,1151,901,30,114,112,3374,256,2052
410514604,3552,198,164,914,612,1510,61,71,217,4828,349,2122
410514605,3531,196,131,515,794,1615,49,48,147,4373,244,2409
410514606,6931,434,235,1074,1341,3370,84,92,280,8674,456,4711
410514607,2057,85,118,753,523,612,94,108,208,3013,410,1135
410514608,811,61,34,186,154,367,16,8,42,1092,66,521
410514701,1410,43,73,631,446,335,67,84,204,2157,355,781
410514702,427,17,31,193,116,148,15,9,55,668,79,264
410514703,1125,43,93,556,329,391,52,62,190,1817,304,720
410514704,1994,69,137,1030,638,582,82,126,352,3230,560,1220
410514705,2997,156,173,1032,652,1091,113,87,270,4358,470,1743
410514706,1550,95,116,927,405,563,63,46,226,2688,335,968
410514707,950,45,70,330,223,358,35,44,107,1395,186,581
410514708,2006,101,112,833,461,669,70,61,215,3052,346,1130
410514709,958,59,80,460,243,357,41,37,126,1557,204,600
410514710,1678,93,122,930,327,602,75,54,214,2823,343,929
410514801,683,36,47,410,156,262,46,26,99,1176,171,418
410514802,29,1,1,3,3,12,0,0,0,34,0,15
410514803,3697,292,237,1197,658,1647,54,48,233,5423,335,2305
410514804,808,57,50,260,151,316,20,16,48,1175,84,467
410514805,413,26,24,201,78,171,11,12,41,664,64,249
410514806,733,35,60,436,187,260,43,44,127,1264,214,447
410514807,1400,58,98,675,311,495,49,23,154,2231,226,806
410514901,15,4,0,29,4,8,3,3,8,48,14,12
410514902,14,0,2,13,4,3,0,2,3,29,5,7
410514903,2065,93,160,1486,591,574,109,82,425,3804,616,1165
410514904,3181,185,417,3083,829,1057,263,191,797,6866,1251,1886
410514905,93,1,8,134,24,31,19,5,39,236,63,55
410514906,541,36,60,405,130,176,28,25,92,1042,145,306
410514907,134,6,6,94,60,34,2,11,41,240,54,94
410514908,864,41,100,779,228,267,59,47,249,1784,355,495
410514909,1897,104,196,1397,508,605,131,90,326,3594,547,1113
410514910,1733,82,125,961,424,455,84,72,250,2901,406,879
410514911,1812,96,179,1316,412,550,95,79,332,3403,506,962
410515001,1786,118,165,1007,402,582,57,52,262,3076,371,984
410515002,2831,133,327,2482,658,887,177,161,636,5773,974,1545
410515003,482,27,43,380,148,141,33,30,102,932,165,289
410515004,2807,125,241,2177,791,988,186,196,670,5350,1052,1779
410515006,1323,80,167,1398,376,423,119,115,406,2968,640,799
410515007,1580,89,166,1218,393,518,86,107,288,3053,481,911
410515008,1483,40,122,1230,494,432,97,106,424,2875,627,926
410515009,448,14,34,325,114,142,9,14,72,821,95,256
410515101,392,19,27,211,87,126,14,10,38,649,62,213
410515102,2024,114,182,1288,465,765,101,72,296,3608,469,1230
410515103,1148,62,97,705,271,361,59,49,160,2012,268,632
410515104,1720,80,145,1164,462,564,70,83,318,3109,471,1026
410515105,123,4,16,179,36,43,14,6,60,322,80,79
410515106,719,51,60,534,197,240,48,45,130,1364,223,437
410515107,329,9,32,352,92,69,23,31,107,722,161,161
410515202,1000,50,117,1133,301,485,119,78,465,2300,662,786
410515203,616,27,77,965,198,193,84,54,308,1685,446,391
410515204,1201,63,179,1307,327,363,123,92,333,2750,548,690
41053102,261,11,36,394,0,111,41,30,118,702,189,111
41053106,402,30,65,848,109,170,87,32,246,1345,365,279
41053110,208,20,24,346,49,78,9,7,88,598,104,127
41053118,1015,53,123,1285,330,307,149,143,429,2476,721,637
41053122,517,19,60,652,189,144,60,49,209,1248,318,333
41053134,2138,104,266,2096,690,614,237,203,690,4604,1130,1304
41053136,1457,48,160,1381,435,412,185,179,404,3046,768,847
41053140,817,65,137,673,172,346,69,40,168,1692,277,518
41053146,1886,82,219,1581,503,582,209,181,488,3768,878,1085
41053152,1154,68,204,2271,357,481,315,161,734,3697,1210,838
41053154,1063,70,168,1860,379,361,216,159,594,3161,969,740
41053156,825,62,130,1158,256,308,132,98,335,2175,565,564
41053162,750,33,119,1293,245,249,181,91,435,2195,707,494
41053166,200,25,47,374,62,95,39,9,96,646,144,157
41053178,2073,105,286,1371,413,792,153,105,370,3835,628,1205
41053182,1654,112,210,1357,330,617,144,64,348,3333,556,947
410551,43,3,7,102,0,0,0,0,0,155,0,0
410552,77,1,15,241,0,0,0,0,0,334,0,0
410553,56,3,16,222,0,0,0,0,0,297,0,0
410554,22,3,6,117,0,0,0,0,0,148,0,0
410555,4,1,0,50,0,0,0,0,0,55,0,0
41055Grass Valley #4,0,0,0,0,4,17,17,5,46,0,68,21
41055Kent #5,0,0,0,0,0,2,6,7,17,0,30,2
41055Moro #3,0,0,0,0,19,22,16,12,90,0,118,41
41055Rufus #1,0,0,0,0,18,15,0,1,39,0,40,33
41055Wasco #2,0,0,0,0,26,26,15,20,87,0,122,52
410571,0,0,0,0,0,131,19,22,116,0,157,131
410573,0,0,0,0,57,87,22,17,120,0,159,144
410575,0,0,0,0,31,29,13,17,65,0,95,60
410576,0,0,0,0,27,57,22,9,50,0,81,84
41057Bay 001,350,18,59,0,0,0,0,0,0,427,0,0
41057Beaver 003,178,11,26,376,0,0,0,0,0,591,0,0
41057Carnahan 005,70,2,18,212,0,0,0,0,0,302,0,0
41057Cloverdale 006,106,6,17,155,0,0,0,0,0,284,0,0
41057Eastside 007,38,1,10,68,0,0,0,0,0,117,0,0
41057Fairview 008,307,15,61,642,0,0,0,0,0,1025,0,0
41057Foley 010,177,13,23,150,0,0,0,0,0,363,0,0
41057Garibaldi 012,272,17,35,307,0,0,0,0,0,631,0,0
41057Hebo 013,105,7,8,167,0,0,0,0,0,287,0,0
41057Kilchis 014,135,7,31,231,0,0,0,0,0,404,0,0
41057Mapleleaf 015,107,6,32,256,0,0,0,0,0,401,0,0
41057Nehalem 016,214,12,20,155,0,0,0,0,0,401,0,0
41057Neskowin 017,253,17,32,196,0,0,0,0,0,498,0,0
41057Netarts 018,327,8,34,292,0,0,0,0,0,661,0,0
41057Oceanside 020,156,10,8,74,0,0,0,0,0,248,0,0
41057Pinegrove 021,814,49,49,363,0,0,0,0,0,1275,0,0
41057Rockaway 024,466,27,31,423,0,0,0,0,0,947,0,0
41057South Prairie East 027,67,6,32,260,0,0,0,0,0,365,0,0
41057South Prairie West 026,79,5,21,266,0,0,0,0,0,371,0,0
41057Tillamook #1 035,127,5,24,130,0,0,0,0,0,286,0,0
41057Tillamook #2 036,114,9,18,159,0,0,0,0,0,300,0,0
41057Tillamook #3 037,105,8,28,131,0,0,0,0,0,272,0,0
41057Tillamook #4 038,114,11,17,171,0,0,0,0,0,313,0,0
41057Tillamook #5 039,130,10,32,135,0,0,0,0,0,307,0,0
41057Tillamook #6 040,123,6,21,158,0,0,0,0,0,308,0,0
41057Trask 028,70,4,13,106,0,0,0,0,0,193,0,0
41057Union 030,446,28,38,394,0,0,0,0,0,906,0,0
41057Westside 032,114,1,4,95,0,0,0,0,0,214,0,0
41057Wheeler 033,204,14,18,104,0,0,0,0,0,340,0,0
41059101,73,7,27,336,0,25,18,8,83,443,109,25
41059102,386,21,58,640,79,89,39,27,153,1105,219,168
41059103,215,13,50,769,63,71,55,34,233,1047,322,134
41059104,256,14,49,983,69,74,73,29,244,1302,346,143
41059105,286,13,46,678,54,69,41,14,183,1023,238,123
41059106,0,0,0,0,36,42,23,6,130,0,159,78
41059106C,177,15,43,440,0,0,0,0,0,675,0,0
41059106R,53,1,21,212,0,0,0,0,0,287,0,0
41059107,0,0,0,0,18,15,22,10,51,0,83,33
41059107C,77,1,18,159,0,0,0,0,0,255,0,0
41059107R,32,0,11,160,0,0,0,0,0,203,0,0
41059108,0,0,0,0,17,32,10,8,59,0,77,49
41059108C,12,5,8,53,0,0,0,0,0,78,0,0
41059108R,23,1,7,97,0,0,0,0,0,128,0,0
41059109,0,0,0,0,6,14,19,9,66,0,94,20
41059109C,29,2,6,108,0,0,0,0,0,145,0,0
41059109R,3,0,2,41,0,0,0,0,0,46,0,0
41059110,190,7,30,584,8,6,4,1,12,811,17,14
41059111,476,37,54,695,5,9,8,9,39,1262,56,14
41059112,18,1,0,77,6,9,7,4,35,96,46,15
41059113,97,10,36,452,2,1,2,3,22,595,27,3
41059114,53,5,8,278,54,61,46,35,198,344,279,115
41059115,38,1,5,175,113,163,60,27,215,219,302,276
41059116,39,3,7,88,8,11,4,5,37,137,46,19
41059117,0,0,0,0,36,32,24,15,144,0,183,68
41059117C,20,1,4,62,0,0,0,0,0,87,0,0
41059117R,6,0,0,17,0,0,0,0,0,23,0,0
41059118,0,0,0,0,16,18,26,18,101,0,145,34
41059119,36,3,5,88,12,16,10,3,56,132,69,28
41059120,187,12,47,698,12,9,9,3,25,944,37,21
41059121,83,6,24,298,3,7,0,1,20,411,21,10
41059122,0,0,0,0,0,1,0,2,5,0,7,1
41059123,130,8,29,400,7,16,6,5,37,567,48,23
41059124,0,0,0,0,43,75,46,35,250,0,331,118
41059124C,137,4,26,401,0,0,0,0,0,568,0,0
41059124R,21,3,5,127,0,0,0,0,0,156,0,0
41059125,0,0,0,0,35,23,23,16,95,0,134,58
41059125C,73,3,19,192,0,0,0,0,0,287,0,0
41059125R,38,5,8,182,0,0,0,0,0,233,0,0
41059126,369,16,67,524,36,46,22,25,153,976,200,82
41059127,142,18,38,278,37,47,45,31,147,476,223,84
41059128,474,25,84,793,6,8,20,14,56,1376,90,14
41059129,264,23,57,515,18,22,10,5,55,859,70,40
41059130,376,22,90,822,12,15,15,6,58,1310,79,27
41059131,133,9,21,244,92,56,38,26,142,407,206,148
41059132,263,14,47,401,54,38,30,22,77,725,129,92
41059133,209,21,44,304,97,127,61,33,189,578,283,224
41059134,0,0,0,0,62,69,25,19,102,0,146,131
41059135,0,0,0,0,102,103,70,46,242,0,358,205
41059136,220,29,52,463,39,36,16,6,75,764,97,75
41059137,348,32,53,578,64,89,42,32,159,1011,233,153
41059138,347,20,57,552,52,67,31,22,91,976,144,119
41059139,406,15,52,481,43,92,30,22,132,954,184,135
41059140,0,0,0,0,91,131,37,18,139,0,194,222
41059141,363,17,53,673,91,102,41,59,178,1106,278,193
41059142,193,7,31,393,109,136,45,65,162,624,272,245
41059143,302,19,58,548,123,109,51,51,193,927,295,232
41059144,0,0,0,0,75,52,12,27,129,0,168,127
41059145,0,0,0,0,101,96,46,26,155,0,227,197
410611,903,40,96,0,0,366,97,103,322,1039,522,366
4106110,24,0,11,159,4,16,17,7,51,194,75,20
4106111,105,10,28,505,26,70,55,37,202,648,294,96
4106112,8,0,3,56,1,5,4,2,19,67,25,6
4106113,9,0,10,82,0,7,12,4,33,101,49,7
4106114,40,8,14,154,12,24,8,9,51,216,68,36
4106115,51,5,10,195,19,13,20,19,87,261,126,32
4106116,217,17,73,813,79,101,63,26,292,1120,381,180
4106117,5,0,2,38,2,2,5,1,15,45,21,4
4106118,141,7,29,441,35,51,50,24,178,618,252,86
4106119,48,3,13,229,16,24,27,18,104,293,149,40
410612,551,35,103,1080,155,225,130,78,361,1769,569,380
410613,443,31,107,1112,140,193,80,38,342,1693,460,333
410614,92,3,24,221,25,43,32,17,77,340,126,68
410615,234,12,42,787,75,103,88,38,306,1075,432,178
410616,83,5,12,231,30,33,28,26,85,331,139,63
410617,124,8,31,390,46,45,52,32,152,553,236,91
410618,104,10,38,554,39,52,50,17,158,706,225,91
410619,67,4,27,466,22,31,51,14,188,564,253,53
410631,174,10,30,395,0,87,40,17,176,609,233,87
4106310,20,5,2,98,2,5,12,9,33,125,54,7
4106311,14,0,4,35,6,9,0,3,13,53,16,15
4106312,12,0,1,26,4,2,2,2,9,39,13,6
410632,116,9,24,274,35,49,37,12,130,423,179,84
410633,61,7,7,197,20,24,25,12,82,272,119,44
410634,74,5,19,220,17,38,17,14,95,318,126,55
410635,209,12,27,369,63,83,35,25,168,617,228,146
410636,194,16,23,487,63,95,42,21,226,720,289,158
410637,61,2,18,255,17,25,16,18,102,336,136,42
410638,82,8,18,261,33,42,26,12,102,369,140,75
410639,99,8,6,231,24,40,21,8,111,344,140,64
410651,680,32,95,825,199,246,57,60,231,1632,348,445
4106510,254,15,25,295,67,90,15,23,90,589,128,157
4106511,105,2,15,178,33,23,12,15,62,300,89,56
4106512,177,11,28,400,56,55,15,26,119,616,160,111
4106513,41,2,4,72,0,16,6,4,19,119,29,16
4106514,22,3,16,123,7,15,6,3,40,164,49,22
410652,905,39,136,829,205,382,75,67,207,1909,349,587
410653,700,38,129,695,169,285,58,40,230,1562,328,454
410654,526,21,82,666,154,172,62,62,198,1295,322,326
410655,733,47,63,597,154,305,35,37,176,1440,248,459
410656,124,3,20,156,46,42,10,12,55,303,77,88
410657,259,16,43,476,80,101,39,26,151,794,216,181
410658,59,3,18,188,15,35,13,7,60,268,80,50
410659,196,7,15,333,83,70,20,14,94,551,128,153
41067301,554,30,70,0,0,219,70,62,260,654,392,219
41067302,948,62,114,680,244,345,64,31,177,1804,272,589
41067303,360,20,47,377,83,105,43,30,103,804,176,188
41067304,1299,52,164,912,300,385,80,67,253,2427,400,685
41067305,260,11,55,438,46,92,32,24,98,764,154,138
41067306,389,18,34,147,86,114,4,15,52,588,71,200
41067307,754,27,106,534,183,246,68,65,169,1421,302,429
41067308,56,1,8,70,16,17,9,7,21,135,37,33
41067309,1663,65,212,885,338,515,85,118,226,2825,429,853
41067310,544,29,69,764,179,203,66,66,229,1406,361,382
41067311,247,10,54,265,49,100,24,21,88,576,133,149
41067312,266,11,33,363,88,91,20,23,128,673,171,179
41067313,3,0,0,2,3,0,0,0,0,5,0,3
41067314,86,9,19,171,24,35,16,28,39,285,83,59
41067315,403,10,40,403,107,120,50,49,143,856,242,227
41067316,285,12,36,360,77,122,28,32,100,693,160,199
41067317,294,9,50,502,60,95,43,41,163,855,247,155
41067318,1225,64,156,956,298,417,91,91,294,2401,476,715
41067319,3308,143,329,1772,643,987,169,142,463,5552,774,1630
41067320,1317,56,145,785,291,414,66,67,171,2303,304,705
41067321,89,4,25,152,14,56,10,7,34,270,51,70
41067322,92,0,13,103,14,42,9,12,27,208,48,56
41067323,16,0,1,3,5,6,0,0,0,20,0,11
41067324,150,7,35,225,53,58,17,11,67,417,95,111
41067325,3,0,0,0,2,1,0,0,0,3,0,3
41067326,549,24,79,947,144,202,69,54,287,1599,410,346
41067327,1713,77,192,1116,351,478,101,86,318,3098,505,829
41067328,686,34,97,842,203,232,83,72,246,1659,401,435
41067329,3928,176,410,1830,969,1107,189,187,520,6344,896,2076
41067330,559,30,98,602,123,155,48,22,142,1289,212,278
41067331,1350,56,123,520,239,358,35,57,137,2049,229,597
41067332,1421,73,141,459,231,485,31,30,99,2094,160,716
41067333,2037,100,194,697,350,609,55,51,161,3028,267,959
41067334,53,2,8,68,11,29,2,2,30,131,34,40
41067335,1974,71,315,1496,470,564,157,184,482,3856,823,1034
41067336,1205,53,187,912,288,408,94,68,271,2357,433,696
41067337,1800,94,223,1202,412,530,124,86,307,3319,517,942
41067338,2081,95,238,1440,355,603,122,72,378,3854,572,958
41067339,2214,137,289,1655,550,780,151,108,448,4295,707,1330
41067340,2533,121,344,2240,665,843,215,180,626,5238,1021,1508
41067341,100,5,9,192,32,41,14,9,58,306,81,73
41067342,18,2,2,29,9,5,5,2,10,51,17,14
41067343,1952,99,302,1398,478,568,143,154,423,3751,720,1046
41067344,2059,106,240,1085,454,725,88,80,269,3490,437,1179
41067345,13,0,1,8,6,0,0,0,1,22,1,6
41067346,87,7,13,137,34,31,16,16,44,244,76,65
41067347,24,1,5,26,7,10,1,5,6,56,12,17
41067348,14,0,0,9,6,2,0,3,6,23,9,8
41067349,1391,82,121,594,247,473,56,59,145,2188,260,720
41067350,1729,111,116,694,415,594,64,82,200,2650,346,1009
41067351,1279,61,121,661,236,424,58,45,171,2122,274,660
41067352,522,43,35,127,81,213,8,7,30,727,45,294
41067353,1268,76,87,372,321,443,40,41,99,1803,180,764
41067354,2116,73,189,1022,614,663,84,126,352,3400,562,1277
41067355,1677,76,165,764,384,608,74,68,199,2682,341,992
41067356,907,36,104,460,207,318,46,39,132,1507,217,525
41067357,757,41,61,401,194,219,49,48,131,1260,228,413
41067358,1526,40,135,620,387,359,61,112,198,2321,371,746
41067359,1499,35,128,478,314,396,43,67,120,2140,230,710
41067360,1693,85,178,645,306,560,59,52,141,2601,252,866
41067361,1081,69,81,275,165,378,24,23,73,1506,120,543
41067362,2105,82,170,804,587,649,70,136,275,3161,481,1236
41067363,2053,96,190,768,471,630,56,126,232,3107,414,1101
41067364,2684,53,202,969,730,579,81,220,293,3908,594,1309
41067365,1860,45,139,606,591,425,59,121,222,2650,402,1016
41067366,1474,48,112,366,325,478,23,77,127,2000,227,803
41067367,2390,37,129,969,536,363,58,139,266,3525,463,899
41067368,2131,83,196,865,459,535,93,133,214,3275,440,994
41067369,939,34,99,489,224,264,58,64,158,1561,280,488
41067370,1149,33,115,604,293,327,55,92,200,1901,347,620
41067371,1248,42,121,530,322,374,62,115,168,1941,345,696
41067372,1109,21,72,368,377,283,29,94,149,1570,272,660
41067373,133,5,10,118,30,44,15,8,48,266,71,74
41067374,3,0,1,8,1,1,0,0,4,12,4,2
41067375,190,3,11,40,63,33,1,11,15,244,27,96
41067376,1009,27,101,490,263,297,43,91,131,1627,265,560
41067377,1274,31,97,638,349,265,41,130,239,2040,410,614
41067378,1229,37,82,284,351,349,26,57,84,1632,167,700
41067379,3799,213,308,1367,844,1315,124,157,402,5687,683,2159
41067380,3611,151,302,1646,1027,1095,170,231,502,5710,903,2122
41067381,48,3,4,34,14,19,4,5,11,89,20,33
41067382,1145,64,97,510,179,348,33,41,115,1816,189,527
41067383,657,31,50,202,229,196,18,42,78,940,138,425
41067384,2089,65,108,554,660,657,64,107,162,2816,333,1317
41067385,1449,58,105,517,450,413,45,145,212,2129,402,863
41067386,1846,51,147,525,634,461,61,158,252,2569,471,1095
41067387,745,18,48,160,139,162,15,18,46,971,79,301
41067388,518,26,34,209,143,173,16,28,75,787,119,316
41067389,3201,96,279,1476,781,862,144,203,453,5052,800,1643
41067390,1182,28,72,629,337,198,67,142,239,1911,448,535
41067391,206,15,15,42,35,86,1,5,13,278,19,121
41067392,133,5,8,29,25,51,4,4,7,175,15,76
41067393,435,17,22,95,136,130,11,33,31,569,75,266
41067394,144,2,14,75,20,39,2,5,19,235,26,59
41067395,3583,114,295,1568,796,931,119,202,486,5560,807,1727
41067396,508,13,56,252,134,124,21,43,94,829,158,258
41067397,1158,25,135,834,314,286,80,138,280,2152,498,600
41067398,739,12,83,588,196,177,74,86,203,1422,363,373
41067399,1277,56,102,535,345,424,38,50,181,1970,269,769
41067400,1922,78,177,838,423,612,67,77,253,3015,397,1035
41067401,1166,52,85,305,375,388,38,56,82,1608,176,763
41067402,3602,117,412,2203,924,880,216,309,719,6334,1244,1804
41067403,741,19,75,352,176,167,28,50,99,1187,177,343
41067404,3030,132,280,1399,766,985,147,142,396,4841,685,1751
41067405,4010,116,369,2212,1190,1080,228,371,756,6707,1355,2270
41067406,272,22,16,57,43,107,6,2,11,367,19,150
41067407,1165,31,76,317,397,278,28,69,120,1589,217,675
41067408,56,1,2,25,15,11,2,4,6,84,12,26
41067409,2360,95,205,1138,569,682,143,122,358,3798,623,1251
41067410,1515,30,136,864,353,369,99,102,276,2545,477,722
41067411,32,1,4,21,4,8,3,2,9,58,14,12
41067412,980,29,90,523,245,247,48,59,162,1622,269,492
41067413,512,17,46,292,123,90,18,26,79,867,123,213
41067414,274,1,21,200,68,53,17,21,65,496,103,121
41067415,221,2,21,202,110,40,15,36,110,446,161,150
41067416,5,0,1,15,1,1,2,6,4,21,12,2
41067417,682,31,58,368,205,222,23,39,117,1139,179,427
41067418,1086,29,106,541,274,289,71,83,136,1762,290,563
41067419,912,26,32,603,387,227,75,90,263,1573,428,614
41067420,1655,61,190,1003,410,460,97,124,300,2909,521,870
41067421,130,8,21,93,28,23,9,12,31,252,52,51
41067422,5,0,0,13,3,2,1,1,2,18,4,5
41067423,1692,63,172,849,364,518,87,85,247,2776,419,882
41067424,1908,64,274,1597,427,506,148,168,475,3843,791,933
41067425,395,12,39,446,109,97,36,42,158,892,236,206
41067426,145,6,26,197,44,47,13,30,63,374,106,91
41067427,17,0,2,7,0,4,1,0,2,26,3,4
41067428,732,25,87,493,162,192,30,50,159,1337,239,354
41067429,1411,52,171,796,291,372,68,58,213,2430,339,663
41067430,485,20,63,581,134,164,69,62,179,1149,310,298
41067431,503,10,60,637,157,159,61,74,190,1210,325,316
41067432,157,4,18,105,21,44,6,6,20,284,32,65
41067433,1050,39,149,711,296,285,75,69,197,1949,341,581
41067434,1835,77,169,1024,436,539,109,113,274,3105,496,975
41067435,1664,76,226,1411,414,496,111,170,470,3377,751,910
41067436,992,14,137,777,272,187,49,123,258,1920,430,459
41067437,33,0,1,16,11,7,1,4,7,50,12,18
41067438,70,3,17,139,27,25,6,7,36,229,49,52
41067439,240,3,17,125,32,34,9,15,28,385,52,66
41067440,642,32,80,359,106,175,33,23,87,1113,143,281
41067441,52,0,3,10,11,14,0,0,4,65,4,25
41067442,1016,26,155,845,212,246,89,81,244,2042,414,458
41067443,0,0,0,8,0,0,0,0,0,8,0,0
41067Total,0,0,0,0,37636,44573,7736,9746,24916,0,42398,82209
410691,85,5,28,251,0,38,28,12,80,369,120,38
410693,42,1,9,153,15,25,9,6,59,205,74,40
410694,28,4,9,187,5,23,15,6,65,228,86,28
410711,796,31,120,0,0,237,112,88,334,947,534,237
4107110,824,45,149,1188,226,306,114,70,340,2206,524,532
4107112,811,60,136,1530,239,345,181,101,467,2537,749,584
4107113,886,56,168,1569,285,368,191,123,522,2679,836,653
4107114,934,51,144,956,255,325,98,66,274,2085,438,580
4107115,937,55,108,905,244,336,119,71,291,2005,481,580
4107116,769,34,110,791,207,261,78,56,222,1704,356,468
4107117,925,51,118,913,309,300,88,121,266,2007,475,609
4107118,1764,63,171,1445,623,547,169,219,561,3443,949,1170
4107119,1383,83,155,997,359,521,124,85,297,2618,506,880
410712,1514,84,250,1603,344,450,166,115,418,3451,699,794
4107120,664,35,114,948,229,238,98,107,344,1761,549,467
4107121,688,29,131,1070,203,247,117,72,343,1918,532,450
4107122,827,41,164,1062,185,261,105,67,300,2094,472,446
4107126,559,30,101,1010,154,203,60,35,286,1700,381,357
4107127,122,14,35,285,38,57,17,3,79,456,99,95
4107128,256,22,72,560,61,127,43,24,178,910,245,188
410713,1524,69,298,1884,351,475,233,154,507,3775,894,826
410714,1212,88,235,1280,276,453,189,135,347,2815,671,729
410717,727,35,117,763,189,207,93,61,193,1642,347,396
410719,1179,40,178,1432,364,386,158,130,419,2829,707,750
