precinct,pri_dem_CLINTON,pri_dem_SANDERS,pri_rep_BUSH,pri_rep_CRUZ,pri_rep_KASICH,pri_rep_RUBIO,pri_rep_TRUMP,gen_amd_FUENTA,gen_dem_CLINTON,gen_grn_STEIN,gen_lib_JOHNSON,gen_rep_TRUMP,rep_primary_total,dem_primary_total,general_total
BEAVERHEADPRECINCT 01,27,44,10,18,30,8,78,1,175,15,48,203,144,71,442
BEAVERHEADPRECINCT 02,22,50,9,38,23,13,252,4,127,16,35,551,335,72,733
BEAVERHEADPRECINCT 03,36,33,11,35,35,18,269,0,158,5,32,507,368,69,702
BEAVERHEADPRECINCT 04,10,7,5,13,7,5,76,0,34,1,6,131,106,17,172
BEAVERHEADPRECINCT 05,1,1,2,7,5,2,56,0,9,1,4,99,72,2,113
BEAVERHEADPRECINCT 06,27,34,7,17,24,11,157,2,129,10,35,324,216,61,500
BEAVERHEADPRECINCT 07,11,13,3,16,18,7,120,2,40,4,12,231,164,24,289
BEAVERHEADPRECINCT 08,2,4,2,3,6,3,37,1,14,0,2,56,51,6,73
BEAVERHEADPRECINCT 09,15,29,14,12,10,7,143,1,87,4,19,300,186,44,411
BEAVERHEADPRECINCT 12,38,36,16,11,30,9,148,2,157,2,21,270,214,74,452
BEAVERHEADPRECINCT 14,27,41,3,12,13,6,94,2,125,7,27,225,128,68,386
BEAVERHEADPRECINCT 17,8,10,3,2,2,0,44,2,18,1,3,82,51,18,106
BEAVERHEADPRECINCT 19,2,7,0,4,4,2,67,1,14,1,6,92,77,9,114
BEAVERHEADPRECINCT 20,1,0,0,3,2,3,51,0,2,1,0,74,59,1,77
BEAVERHEADPRECINCT 21,11,6,4,7,3,3,55,0,25,2,10,117,72,17,154
BEAVERHEADPRECINCT 23,6,8,2,5,1,1,52,0,29,0,5,91,61,14,125
BIG HORNPRECINCT #1,8,11,2,5,1,2,46,0,56,0,4,93,56,19,153
BIG HORNPRECINCT #10,3,2,0,1,2,3,22,0,12,1,1,49,28,5,63
BIG HORNPRECINCT #14,18,16,0,0,0,1,12,1,70,2,7,51,13,34,131
BIG HORNPRECINCT #15,30,50,0,4,0,0,24,3,129,7,21,107,28,80,267
BIG HORNPRECINCT #17,32,34,1,5,3,3,83,1,116,3,15,200,95,66,335
BIG HORNPRECINCT #18,20,28,0,12,3,2,79,1,81,5,26,194,96,48,307
BIG HORNPRECINCT #19,34,55,5,16,1,5,122,2,172,7,35,269,149,89,485
BIG HORNPRECINCT #2,8,10,1,2,1,1,22,0,46,0,7,56,27,18,109
BIG HORNPRECINCT #21,54,35,1,1,4,0,24,2,228,6,4,93,30,89,333
BIG HORNPRECINCT #25,9,8,0,1,0,2,17,1,64,1,1,57,20,17,124
BIG HORNPRECINCT #26,23,37,0,6,1,2,15,3,224,7,11,73,24,60,318
BIG HORNPRECINCT #3,7,10,0,2,1,0,45,0,20,0,3,114,48,17,137
BIG HORNPRECINCT #4,5,5,0,5,1,0,30,0,13,2,2,60,36,10,77
BIG HORNPRECINCT #4N,5,10,2,3,0,1,58,0,16,0,4,124,64,15,144
BIG HORNPRECINCT #5,26,21,1,8,1,2,14,0,136,2,4,48,26,47,190
BIG HORNPRECINCT #6,4,6,0,1,0,0,22,0,14,0,2,50,23,10,66
BIG HORNPRECINCT #7,101,108,1,4,2,1,18,6,554,25,30,89,26,209,704
BIG HORNPRECINCT #8,10,15,0,2,1,2,45,0,46,2,5,98,50,25,151
BIG HORNPRECINCT #9,17,25,0,0,0,1,6,1,97,1,3,28,7,42,130
BLAINEBELKNAP 3-32,49,73,1,0,0,0,13,2,300,17,11,35,14,122,365
BLAINECHINOOK 11-33,66,103,5,21,8,10,138,2,172,11,37,381,182,169,603
BLAINEHARLEM 8-32,52,52,0,7,1,6,45,2,152,11,9,113,59,104,287
BLAINEHARLEM 9-32,18,24,0,0,0,0,2,5,126,14,3,12,2,42,160
BLAINEHAYS 15-32,51,91,2,1,0,0,8,10,350,19,11,43,11,142,433
BLAINENO CHINOOK 13-33,7,9,0,4,3,0,38,0,16,0,3,97,45,16,116
BLAINESO CHINOOK 10-32,29,39,6,15,6,2,135,3,54,1,19,370,164,68,447
BLAINETURNER 1-33,8,15,2,4,7,2,109,2,32,0,9,217,124,23,260
BROADWATERPRECINCT 1,42,74,5,21,19,5,203,2,150,5,24,484,253,116,665
BROADWATERPRECINCT 11,41,49,4,29,11,9,255,0,100,6,30,513,308,90,649
BROADWATERPRECINCT 12,46,53,15,27,12,20,200,1,132,11,42,485,274,99,671
BROADWATERPRECINCT 13,18,36,7,40,3,6,200,1,86,10,39,532,256,54,668
BROADWATERPRECINCT 7,43,45,10,26,9,7,147,1,105,5,34,334,199,88,479
CARBONP 1,41,43,2,16,8,8,152,1,100,3,19,402,186,84,525
CARBONP 10,60,82,1,11,10,3,45,3,221,11,28,161,70,142,424
CARBONP 11,139,116,4,6,12,3,210,1,400,1,42,454,235,255,898
CARBONP 15,48,37,4,23,6,4,165,0,102,11,27,424,202,85,564
CARBONP 16,30,24,2,9,10,5,98,0,86,4,10,202,124,54,302
CARBONP 2,30,24,1,12,5,2,68,1,73,5,14,178,88,54,271
CARBONP 3,25,30,2,22,10,14,174,1,104,6,20,461,222,55,592
CARBONP 4,22,28,2,10,3,4,86,3,65,1,21,227,105,50,317
CARBONP 5,22,35,2,20,5,3,112,1,50,2,17,280,142,57,350
CARBONP 6,29,35,1,10,6,3,99,1,72,7,22,217,119,64,319
CARBONP 7,31,36,4,24,12,6,166,1,111,4,29,379,212,67,524
CARBONP 8,78,96,2,4,10,9,93,0,245,11,31,223,118,174,510
CARBONP 9,61,103,1,6,3,2,47,1,199,4,27,140,59,164,371
CARTERPRECINCT #1 ALZADA,2,0,1,17,3,0,55,0,6,2,2,101,76,2,111
CARTERPRECINCT #13 EKALAKA,13,20,3,21,6,4,94,1,32,2,15,170,128,33,220
CARTERPRECINCT #14 RURAL EKALAKA,6,6,5,26,13,9,176,0,28,2,6,343,229,12,379
CARTERPRECINCT #3 HAMMOND,0,0,1,4,1,1,24,0,4,0,1,64,31,0,69
CASCADEP19A1,33,29,0,11,9,0,138,1,94,5,22,309,158,62,431
CASCADEP19A2,86,65,8,72,42,14,304,1,197,6,45,676,440,151,925
CASCADEP19A3,29,28,3,12,8,4,141,0,73,4,13,280,168,57,370
CASCADEP19A4,45,52,3,16,17,1,135,2,139,4,26,272,172,97,443
CASCADEP19B1,3,4,0,5,2,2,28,0,12,1,4,55,37,7,72
CASCADEP19B2,114,91,6,18,30,14,341,4,271,9,42,692,409,205,1018
CASCADEP19C,63,45,6,18,16,6,183,0,151,5,30,417,229,108,603
CASCADEP19D,67,45,8,12,14,6,121,5,128,8,31,289,161,112,461
CASCADEP19E,5,4,4,8,10,6,116,0,88,2,15,183,144,9,288
CASCADEP20A,550,376,44,110,226,57,1312,8,1385,21,210,2726,1749,926,4350
CASCADEP20B,190,83,12,25,50,29,405,3,456,10,53,799,521,273,1321
CASCADEP21A,656,487,22,80,71,37,915,17,1549,47,224,2419,1125,1143,4256
CASCADEP21B,58,54,1,5,3,2,70,2,141,12,18,220,81,112,393
CASCADEP22A,472,354,12,64,35,14,585,14,1130,51,196,1492,710,826,2883
CASCADEP22B.,111,98,5,32,14,11,289,5,301,9,69,671,351,209,1055
CASCADEP22C,2,3,0,0,1,2,16,9,12,1,4,27,19,5,53
CASCADEP23,639,426,28,95,57,28,721,11,1534,63,217,1798,929,1065,3623
CASCADEP24,655,536,30,95,66,38,774,19,1599,52,269,2024,1003,1191,3963
CASCADEP25,563,502,13,84,67,28,716,19,1533,70,248,2027,908,1065,3897
CASCADEP26A,400,345,17,54,37,14,487,10,986,45,164,1249,609,745,2454
CASCADEP26B,9,28,0,5,1,1,26,1,101,12,35,200,33,37,349
CASCADEP27,68,40,5,14,10,4,211,2,194,4,31,456,244,108,687
CASCADEP30,33,49,5,12,9,7,174,2,101,5,30,351,207,82,489
CHOUTEAUBIG SANDY 8,28,22,3,15,5,2,76,1,62,0,15,187,101,50,265
CHOUTEAUBIG SANDY 9,32,19,9,19,12,5,129,1,59,5,14,263,174,51,342
CHOUTEAUCARTER 4,17,12,3,6,11,5,111,1,56,5,6,181,136,29,249
CHOUTEAUFORT BENTON 1,55,30,6,13,18,7,150,3,135,7,27,285,194,85,457
CHOUTEAUFORT BENTON 2,52,37,6,19,22,3,133,1,158,9,30,269,183,89,467
CHOUTEAUGERALDINE 3,26,25,2,8,8,6,115,1,75,4,21,198,139,51,299
CHOUTEAUHIGHWOOD 6,28,13,3,9,16,6,94,2,52,2,9,202,128,41,267
CHOUTEAULOMA 7,7,9,4,5,3,1,50,0,20,0,8,90,63,16,118
CHOUTEAUROCKY BOY 5,22,15,0,0,0,0,2,0,115,5,1,4,2,37,125
CUSTERCCDHS,100,79,8,19,20,12,239,1,236,5,55,627,298,179,924
CUSTERHIGHLAND PARK SCH,134,82,7,38,30,25,311,5,314,3,70,835,411,216,1227
CUSTERISMAY CHURCH,0,1,0,0,0,1,23,0,1,0,0,32,24,1,33
CUSTERJEFFERSON SCH,109,89,6,19,10,11,273,2,265,19,81,771,319,198,1138
CUSTERKINSEY,16,21,0,9,4,0,45,0,39,0,7,124,58,37,170
CUSTERKIRCHER,26,14,1,3,1,4,48,0,46,0,6,126,57,40,178
CUSTERKNOWLTON SCH,0,2,2,5,1,2,21,0,3,0,1,51,31,2,55
CUSTERNAT'L GUARD,4,12,1,2,0,5,62,0,21,0,8,123,70,16,152
CUSTERRIVERVIEW SCHOOL,1,0,2,0,0,1,17,0,1,0,0,26,20,1,27
CUSTERS-H SCHOOL,3,3,1,5,2,1,32,0,8,0,2,83,41,6,93
CUSTERSHEFFIELD MOON,5,14,2,6,6,3,98,1,31,2,11,242,115,19,287
CUSTERSPRING CREEK SCH,0,0,0,5,0,1,26,0,0,0,0,46,32,0,46
CUSTERSY SCHOOL,2,1,0,1,2,4,8,0,2,0,2,26,15,3,30
CUSTERWASHINGTON SCH,76,70,6,13,8,6,167,6,209,6,59,545,200,146,825
DANIELSPRECINCT #2,11,6,2,3,7,1,47,0,25,1,9,102,60,17,137
DANIELSPRECINCT #3,10,14,1,10,9,4,121,0,36,2,14,243,145,24,295
DANIELSPRECINCT #5,23,14,2,6,16,3,105,0,58,1,21,212,132,37,292
DANIELSPRECINCT #6,21,10,1,5,11,6,67,0,49,2,7,173,90,31,231
DAWSONPRECINCT 01,21,30,3,9,21,4,96,1,83,5,18,246,133,51,353
DAWSONPRECINCT 02,25,31,4,15,18,6,187,1,94,4,35,371,230,56,505
DAWSONPRECINCT 03,47,47,14,32,42,10,295,2,185,8,27,565,393,94,787
DAWSONPRECINCT 04,27,29,5,14,14,7,128,1,106,6,31,302,168,56,446
DAWSONPRECINCT 05,19,7,2,8,6,7,112,0,39,2,10,228,135,26,279
DAWSONPRECINCT 06,40,35,10,37,28,17,391,0,106,3,32,736,483,75,877
DAWSONPRECINCT 07,49,55,11,43,24,8,477,2,174,5,31,872,563,104,1084
DEER LODGEPRECINCT 1-77E,119,114,1,6,3,1,57,2,260,12,44,157,68,233,475
DEER LODGEPRECINCT 1-77W,148,111,4,10,6,4,99,1,302,2,24,195,123,259,524
DEER LODGEPRECINCT 1-78,22,12,1,1,1,1,20,0,44,0,7,41,24,34,92
DEER LODGEPRECINCT 2-77E,71,54,0,4,0,1,35,1,159,6,17,104,40,125,287
DEER LODGEPRECINCT 2-77W,96,66,0,1,2,2,43,1,185,10,27,123,48,162,346
DEER LODGEPRECINCT 2-78,15,9,0,4,0,1,11,2,35,3,3,25,16,24,68
DEER LODGEPRECINCT 3-77E,68,59,1,8,1,2,45,2,144,11,21,124,57,127,302
DEER LODGEPRECINCT 3-77W,59,57,0,4,0,0,33,3,145,10,30,114,37,116,302
DEER LODGEPRECINCT 3-78,26,18,0,4,3,2,16,1,66,1,1,47,25,44,116
DEER LODGEPRECINCT 4-77,17,9,0,1,1,0,39,0,27,0,9,59,41,26,95
DEER LODGEPRECINCT 4-78E,52,53,0,7,1,3,62,4,104,6,24,143,73,105,281
DEER LODGEPRECINCT 4-78W,38,41,3,11,4,1,70,1,98,4,7,156,89,79,266
DEER LODGEPRECINCT 5-77N,140,111,2,5,7,5,123,3,266,6,35,268,142,251,578
DEER LODGEPRECINCT 5-77S,119,83,0,8,2,6,94,2,223,3,27,207,110,202,462
FALLONPRECINCT 1,11,9,7,15,10,13,201,1,47,1,11,341,246,20,401
FALLONPRECINCT 2,11,9,4,26,13,8,177,0,52,2,21,336,228,20,411
FALLONPRECINCT 3,12,1,5,28,9,6,220,1,40,0,4,391,268,13,436
FALLONPRECINCT 4,0,2,1,12,15,7,136,0,15,1,9,211,171,2,236
FERGUSPREC 10,36,25,8,17,7,5,82,1,91,6,15,207,119,61,320
FERGUSPREC 11,44,36,6,10,15,4,124,1,132,6,18,288,159,80,445
FERGUSPREC 12,3,2,0,6,6,2,34,0,15,1,10,65,48,5,91
FERGUSPREC 13,51,30,6,34,16,9,163,2,125,2,26,352,228,81,507
FERGUSPREC 14,25,15,9,14,11,8,121,1,61,2,22,248,163,40,334
FERGUSPREC 16,10,14,3,14,11,6,102,0,27,2,14,196,136,24,239
FERGUSPREC 17,37,34,3,20,14,4,149,3,100,1,18,304,190,71,426
FERGUSPREC 18,4,2,0,6,1,1,102,0,14,1,4,165,110,6,184
FERGUSPREC 2,44,64,6,26,30,13,322,2,157,8,42,643,397,108,852
FERGUSPREC 3,22,17,7,15,19,8,140,0,59,2,13,313,189,39,387
FERGUSPREC 4,19,12,3,21,14,13,123,1,42,0,23,253,174,31,319
FERGUSPREC 5,11,15,0,14,3,6,128,0,34,3,9,286,151,26,332
FERGUSPREC 6,42,28,2,22,13,3,106,2,134,4,19,239,146,70,398
FERGUSPREC 7,15,20,3,16,10,6,74,1,77,4,18,233,109,35,333
FERGUSPREC 8,18,20,3,11,7,1,103,0,58,7,19,239,125,38,323
FERGUSPREC 9,34,24,1,10,24,4,109,1,76,3,32,238,148,58,350
FLATHEADPRECINCT 1,38,70,1,14,9,8,98,4,184,9,41,373,130,108,611
FLATHEADPRECINCT 11,73,75,4,31,21,12,330,1,196,19,38,758,398,148,1012
FLATHEADPRECINCT 13,88,103,7,34,48,14,448,3,350,15,66,962,551,191,1396
FLATHEADPRECINCT 14,32,44,1,18,10,1,180,0,135,5,21,435,210,76,596
FLATHEADPRECINCT 15,35,53,2,28,5,3,259,2,168,3,39,718,297,88,930
FLATHEADPRECINCT 16,79,152,4,17,15,6,175,1,318,25,59,526,217,231,929
FLATHEADPRECINCT 17,43,40,0,3,3,3,54,1,125,7,8,144,63,83,285
FLATHEADPRECINCT 18,83,143,5,33,15,10,336,6,400,23,60,882,399,226,1371
FLATHEADPRECINCT 19,39,54,7,32,15,7,255,6,166,13,47,763,316,93,995
FLATHEADPRECINCT 2,65,103,3,11,9,8,142,1,318,20,49,451,173,168,839
FLATHEADPRECINCT 20,183,311,10,32,36,13,240,6,851,40,98,615,331,494,1610
FLATHEADPRECINCT 21,38,70,5,30,17,4,212,3,180,8,50,650,268,108,891
FLATHEADPRECINCT 23,62,93,4,16,16,5,217,4,233,11,60,519,258,155,827
FLATHEADPRECINCT 24,19,41,3,18,11,4,253,1,92,6,21,570,289,60,690
FLATHEADPRECINCT 25,67,71,9,32,12,8,317,1,209,7,69,806,378,138,1092
FLATHEADPRECINCT 26,36,34,1,22,9,7,182,2,124,5,20,472,221,70,623
FLATHEADPRECINCT 29,75,71,11,20,48,20,399,0,282,12,75,1039,498,146,1408
FLATHEADPRECINCT 3,64,126,4,21,21,6,172,2,316,19,41,493,224,190,871
FLATHEADPRECINCT 31,154,172,22,54,56,32,497,3,572,16,106,1358,661,326,2055
FLATHEADPRECINCT 32,43,115,6,20,10,6,153,1,265,18,54,483,195,158,821
FLATHEADPRECINCT 33,17,28,1,4,4,2,102,1,75,1,23,272,113,45,372
FLATHEADPRECINCT 34,94,89,8,58,44,15,448,1,331,9,59,1037,573,183,1437
FLATHEADPRECINCT 35,93,149,4,31,22,7,286,3,378,16,83,813,350,242,1293
FLATHEADPRECINCT 36,69,108,7,47,46,23,455,2,335,16,57,1157,578,177,1567
FLATHEADPRECINCT 37,82,172,8,50,23,15,382,5,412,18,97,1252,478,254,1784
FLATHEADPRECINCT 38,158,132,8,56,42,11,478,2,462,20,44,1154,595,290,1682
FLATHEADPRECINCT 39,59,89,2,8,9,4,159,2,258,17,34,368,182,148,679
FLATHEADPRECINCT 4,90,140,5,17,24,9,167,1,350,30,65,519,222,230,965
FLATHEADPRECINCT 41,134,147,14,27,64,13,410,1,476,17,75,906,528,281,1475
FLATHEADPRECINCT 42,90,107,6,47,28,23,429,2,325,18,45,1067,533,197,1457
FLATHEADPRECINCT 43,97,176,5,46,35,17,444,3,400,20,62,1168,547,273,1653
FLATHEADPRECINCT 44,117,155,5,45,39,9,326,0,460,26,63,757,424,272,1306
FLATHEADPRECINCT 45,132,147,5,12,58,7,215,7,587,21,41,565,297,279,1221
FLATHEADPRECINCT 47,118,229,2,12,27,5,115,2,669,36,73,367,161,347,1147
FLATHEADPRECINCT 48,80,68,4,25,27,7,210,0,281,11,36,516,273,148,844
FLATHEADPRECINCT 49,105,152,8,16,48,14,202,1,450,26,53,476,288,257,1006
FLATHEADPRECINCT 5,69,84,7,23,22,8,288,5,270,17,47,777,348,153,1116
FLATHEADPRECINCT 50,42,63,4,34,11,14,302,2,170,10,57,824,365,105,1063
FLATHEADPRECINCT 6,179,142,10,78,84,27,702,5,633,19,83,1547,901,321,2287
FLATHEADPRECINCT 7,74,83,3,27,26,9,248,3,254,12,38,697,313,157,1004
FLATHEADPRECINCT 8,48,50,2,29,17,6,263,5,151,10,27,588,317,98,781
FLATHEADPRECINCT 89,22,36,1,13,6,3,165,5,82,5,15,396,188,58,503
GALLATINPCT 59A,58,50,1,5,7,4,63,1,179,5,17,130,80,108,332
GALLATINPCT 61A,300,281,7,45,43,14,314,2,881,14,91,745,423,581,1733
GALLATINPCT 61B,271,291,7,68,37,15,299,4,842,32,99,787,426,562,1764
GALLATINPCT 61C,344,416,10,18,23,13,132,4,1147,49,112,371,196,760,1683
GALLATINPCT 61D,333,312,20,51,65,23,311,0,976,25,91,701,470,645,1793
GALLATINPCT 62A,274,359,3,15,31,4,60,6,1109,29,103,248,113,633,1495
GALLATINPCT 62B,217,325,12,20,16,6,81,5,956,40,133,302,135,542,1436
GALLATINPCT 62C,398,282,14,36,64,26,234,5,1015,27,88,505,374,680,1640
GALLATINPCT 62D,331,338,18,64,63,22,290,3,1142,37,162,866,457,669,2210
GALLATINPCT 63A,178,326,11,54,34,16,262,11,895,38,180,802,377,504,1926
GALLATINPCT 63B,22,140,0,5,5,6,19,9,637,40,168,440,35,162,1294
GALLATINPCT 63C,166,361,9,50,26,18,175,4,956,78,172,609,278,527,1819
GALLATINPCT 64A,78,164,2,15,17,4,173,3,327,10,52,403,211,242,795
GALLATINPCT 64B,182,231,4,14,29,7,173,5,746,35,113,521,227,413,1420
GALLATINPCT 64C,200,210,14,48,53,21,411,4,676,20,117,1036,547,410,1853
GALLATINPCT 64D,181,304,17,113,63,27,554,10,799,35,168,1489,774,485,2501
GALLATINPCT 65A,182,481,5,24,22,7,164,5,1060,53,128,503,222,663,1749
GALLATINPCT 65B,217,358,8,34,26,17,232,11,1072,72,203,770,317,575,2128
GALLATINPCT 65C,261,345,13,55,40,20,294,7,1205,33,209,1034,422,606,2488
GALLATINPCT 66A,206,379,7,37,37,21,216,10,1071,37,192,713,318,585,2023
GALLATINPCT 66B,227,455,7,45,20,18,171,9,1046,58,144,549,261,682,1806
GALLATINPCT 66C,261,495,3,21,12,5,100,3,1329,77,141,317,141,756,1867
GALLATINPCT 67A,154,190,9,43,49,14,296,4,484,14,91,715,411,344,1308
GALLATINPCT 67B,117,244,15,85,28,29,311,2,606,39,158,1081,468,361,1886
GALLATINPCT 67C,89,212,14,57,34,31,338,9,427,37,165,1036,474,301,1674
GALLATINPCT 68A,173,184,16,83,66,45,503,4,599,15,151,1268,713,357,2037
GALLATINPCT 68B,93,144,13,51,23,14,224,4,406,21,140,864,325,237,1435
GALLATINPCT 68C,87,119,23,85,32,11,387,3,325,22,112,1157,538,206,1619
GALLATINPCT 69A,126,182,12,52,31,19,393,6,367,26,115,995,507,308,1509
GALLATINPCT 69B,69,73,19,129,60,39,430,5,220,6,60,1079,677,142,1370
GALLATINPCT 69C,96,143,20,89,42,18,426,8,362,20,75,1003,595,239,1468
GALLATINPCT 69D,111,149,11,47,39,17,348,2,384,17,65,763,462,260,1231
GARFIELDPRECINCT 01,5,12,4,23,10,4,232,1,21,1,21,406,273,17,450
GARFIELDPRECINCT 07,1,2,0,6,3,6,31,0,4,0,4,80,46,3,88
GARFIELDPRECINCT 14,1,2,1,3,1,4,48,0,4,0,0,87,57,3,91
GARFIELDPRECINCT 19,2,1,0,8,1,1,47,0,5,0,2,80,57,3,87
GLACIERPCT 01,44,68,2,8,3,4,89,1,108,9,33,321,106,112,472
GLACIERPCT 02,39,60,1,5,2,2,52,1,91,4,26,202,62,99,324
GLACIERPCT 03,31,54,0,3,2,2,63,3,101,2,25,171,70,85,302
GLACIERPCT 04,16,44,0,3,0,0,34,1,60,5,10,128,37,60,204
GLACIERPCT 05,48,96,2,8,1,2,93,2,133,4,20,325,106,144,484
GLACIERPCT 06,7,12,0,2,0,0,21,1,15,1,1,55,23,19,73
GLACIERPCT 07,14,9,0,0,0,0,1,0,28,1,3,5,1,23,37
GLACIERPCT 08,105,107,1,0,1,0,5,2,403,7,8,27,7,212,447
GLACIERPCT 09,310,315,3,7,1,2,17,4,967,27,30,125,30,625,1153
GLACIERPCT 10,77,94,0,1,4,1,15,1,240,5,8,56,21,171,310
GLACIERPCT 11,37,36,0,1,0,0,8,1,76,4,8,39,9,73,128
GLACIERPCT 12,75,50,1,2,0,0,5,1,188,9,9,16,8,125,223
GLACIERPCT 13,50,65,0,1,0,0,7,1,199,3,6,21,8,115,230
GLACIERPCT 15,39,53,0,0,0,2,19,0,139,4,7,80,21,92,230
GLACIERPCT 19,47,39,0,2,2,0,1,2,137,6,3,28,5,86,176
GLACIERPCT 21C,37,38,1,2,0,0,4,1,236,4,6,21,7,75,268
GOLDEN VALLEYLAVINA,6,15,0,14,6,1,101,1,31,1,18,187,122,21,238
GOLDEN VALLEYRYEGATE,21,14,2,9,9,3,102,2,40,2,11,178,125,35,233
GRANITEPRECINCT #1,30,65,3,9,9,1,94,1,123,6,27,260,116,95,417
GRANITEPRECINCT #10,19,52,3,25,7,3,146,1,91,9,13,347,184,71,461
GRANITEPRECINCT #2,59,70,4,17,18,9,147,1,183,8,27,336,195,129,555
GRANITEPRECINCT #9,30,29,4,8,12,7,100,0,75,2,16,249,131,59,342
HILLPRECINCT #01,72,110,4,15,8,9,117,0,241,20,58,318,153,182,637
HILLPRECINCT #02,58,52,2,3,4,1,52,4,136,9,43,169,62,110,361
HILLPRECINCT #03,81,71,7,17,7,5,122,1,183,6,40,319,158,152,549
HILLPRECINCT #07,89,96,3,11,15,5,133,1,230,10,36,369,167,185,646
HILLPRECINCT #08,102,71,5,11,17,3,127,2,195,3,37,337,163,173,574
HILLPRECINCT #09,99,57,2,6,14,4,85,2,201,3,25,245,111,156,476
HILLPRECINCT #10,31,46,3,1,4,8,49,0,127,14,32,157,65,77,330
HILLPRECINCT #13,27,40,1,5,2,1,50,0,79,4,24,129,59,67,236
HILLPRECINCT #14,23,40,1,12,2,3,110,4,65,3,20,262,128,63,354
HILLPRECINCT #15,24,36,1,4,5,0,60,1,63,1,13,181,70,60,259
HILLPRECINCT #16,28,21,2,11,4,1,73,0,64,2,10,181,91,49,257
HILLPRECINCT #18,11,17,2,0,0,0,10,0,80,9,3,31,12,28,123
HILLPRECINCT #20,28,27,5,16,8,3,88,1,51,6,19,179,120,55,256
HILLPRECINCT #21,15,20,1,1,8,1,47,0,35,6,4,91,58,35,136
HILLPRECINCT #22,36,22,10,1,5,2,98,0,75,0,13,170,116,58,258
HILLPRECINCT #25,65,73,1,7,7,6,126,3,140,7,55,332,147,138,537
HILLPRECINCT #28,79,77,0,0,0,0,0,2,406,15,6,8,0,156,437
JEFFERSON01-71,60,74,3,36,14,9,255,2,168,6,33,613,317,134,822
JEFFERSON02-75,80,109,8,54,21,13,274,4,210,8,63,689,370,189,974
JEFFERSON03-75,7,10,0,1,1,0,16,0,18,2,6,35,18,17,61
JEFFERSON04-75,116,127,7,29,13,8,270,5,304,18,59,594,327,243,980
JEFFERSON05-75,17,17,0,6,0,1,37,0,48,2,8,90,44,34,148
JEFFERSON06-75,36,27,2,12,8,2,111,2,104,2,16,278,135,63,402
JEFFERSON07-75,109,135,3,20,18,6,180,3,301,6,62,481,227,244,853
JEFFERSON08-75,63,54,1,10,5,2,107,1,173,7,35,283,125,117,499
JEFFERSON09-75,121,126,5,43,31,13,196,3,317,10,61,549,288,247,940
JEFFERSON10-75,107,109,4,31,27,13,205,4,355,14,51,565,280,216,989
LEWIS & CLARKPCT 01,0,114,0,39,15,13,274,4,264,10,85,729,341,114,1092
LEWIS & CLARKPCT 02,0,126,0,26,19,16,281,7,334,11,60,707,342,126,1119
LEWIS & CLARKPCT 03,0,143,0,19,14,11,231,4,345,16,76,625,275,143,1066
LEWIS & CLARKPCT 04,0,95,0,35,20,12,208,2,319,20,74,565,275,95,980
LEWIS & CLARKPCT 05,0,225,0,13,16,4,94,5,548,18,74,343,127,225,988
LEWIS & CLARKPCT 06,0,204,0,38,18,16,223,7,478,20,87,606,295,204,1198
LEWIS & CLARKPCT 07,241,241,0,26,24,15,157,2,573,18,68,362,222,482,1023
LEWIS & CLARKPCT 08,449,368,0,15,31,18,144,6,980,28,75,324,208,817,1413
LEWIS & CLARKPCT 09,306,255,0,42,41,28,144,1,758,28,91,445,255,561,1323
LEWIS & CLARKPCT 10,142,140,0,64,31,15,403,7,391,7,76,996,513,282,1477
LEWIS & CLARKPCT 11,143,140,0,41,19,17,242,4,390,7,118,708,319,283,1227
LEWIS & CLARKPCT 12,63,88,0,27,4,5,180,0,194,14,44,468,216,151,720
LEWIS & CLARKPCT 13,519,463,0,20,47,15,201,5,1213,35,77,514,283,982,1844
LEWIS & CLARKPCT 14,313,318,0,3,9,2,53,3,805,52,51,194,67,631,1105
LEWIS & CLARKPCT 15,92,147,0,17,7,2,136,3,332,18,62,413,162,239,828
LEWIS & CLARKPCT 16,59,67,0,6,16,8,59,1,204,4,51,211,89,126,471
LEWIS & CLARKPCT 16A,39,17,0,8,8,3,27,0,85,1,1,64,46,56,151
LEWIS & CLARKPCT 16B,132,85,0,10,11,6,94,0,316,5,38,252,121,217,611
LEWIS & CLARKPCT 17,246,326,0,23,14,6,86,2,784,27,64,268,129,572,1145
LEWIS & CLARKPCT 18,182,143,0,21,37,14,198,3,451,17,76,513,270,325,1060
LEWIS & CLARKPCT 19,77,79,0,24,13,2,145,3,211,14,52,487,184,156,767
LEWIS & CLARKPCT 20,142,166,0,32,18,9,240,5,392,21,90,633,299,308,1141
LEWIS & CLARKPCT 21,120,127,0,48,25,16,271,2,327,12,74,765,360,247,1180
LEWIS & CLARKPCT 22,159,136,0,13,9,5,42,3,422,21,54,195,69,295,695
LEWIS & CLARKPCT 23,136,158,0,38,34,20,218,5,373,7,73,624,310,294,1082
LEWIS & CLARKPCT 24,265,202,0,43,38,20,216,2,627,25,75,616,317,467,1345
LEWIS & CLARKPCT 25,171,234,0,25,13,11,123,6,552,23,75,405,172,405,1061
LEWIS & CLARKPCT 26,248,289,0,47,42,22,329,5,709,30,108,823,440,537,1675
LEWIS & CLARKPCT 27,105,146,0,63,27,12,292,2,382,18,102,975,394,251,1479
LEWIS & CLARKPCT 28,89,121,0,56,16,14,280,1,281,12,59,741,366,210,1094
LEWIS & CLARKPCT 29,59,70,0,19,15,3,120,2,160,6,20,268,157,129,456
LEWIS & CLARKPCT 30,19,16,0,6,4,2,61,0,47,2,6,114,73,35,169
LEWIS & CLARKPCT 31,60,54,0,14,19,7,237,0,114,6,32,450,277,114,602
LEWIS & CLARKPCT 32,3,5,0,4,3,2,44,0,8,0,7,66,53,8,81
LEWIS & CLARKPCT 33,23,35,0,10,9,2,108,1,64,3,20,248,129,58,336
LEWIS & CLARKPCT 33A,2,4,0,6,0,1,29,0,5,2,1,48,36,6,56
LEWIS & CLARKPCT 33B,16,22,0,9,5,1,53,0,40,1,14,130,68,38,185
LIBERTY#1 PRECINCT - WEST,16,12,2,4,10,4,130,1,42,0,14,226,150,28,283
LIBERTY#2 PRECINCT - NORTH,26,20,7,15,11,0,87,0,66,0,11,159,120,46,236
LIBERTY#3 PRECINCT - SOUTH,18,24,5,12,11,3,82,2,57,2,15,153,113,42,229
LIBERTY#4 PRECINCT - JOPLIN,18,18,6,11,6,4,88,0,41,0,7,160,115,36,208
LINCOLNCITY OF LIBBY,126,118,7,17,21,7,333,9,312,9,56,726,385,244,1112
LINCOLNEUREKA RURAL,90,131,10,31,17,24,550,2,320,20,52,1250,632,221,1644
LINCOLNFORTINE,15,39,3,6,4,1,143,0,80,5,16,344,157,54,445
LINCOLNLIBBY EAST,44,38,4,19,5,2,282,1,97,4,22,537,312,82,661
LINCOLNLIBBY NORTH,46,80,6,18,21,8,294,3,171,3,40,578,347,126,795
LINCOLNLIBBY WEST,64,79,3,38,19,9,378,2,173,9,49,800,447,143,1033
LINCOLNLIBBY/PLUMMER,91,93,11,37,24,5,303,2,245,11,43,657,380,184,958
LINCOLNMC CORMICK,21,31,2,7,6,2,80,0,65,10,11,184,97,52,270
LINCOLNTOWN OF EUREKA,31,39,2,12,9,2,137,2,91,10,21,339,162,70,463
LINCOLNTREGO,19,23,0,5,2,1,88,0,67,2,16,214,96,42,299
LINCOLNTROY COMBINED,41,64,5,10,1,4,107,0,122,4,22,260,127,105,408
LINCOLNTROY NORTH,15,16,0,7,0,2,82,0,61,5,16,184,91,31,266
LINCOLNTROY RURAL,54,85,2,14,10,7,253,1,202,4,29,544,286,139,780
LINCOLNYAAK,11,11,0,12,1,0,45,0,35,0,3,112,58,22,150
MADISONALDER - WARD 2,15,8,2,6,8,3,73,1,36,0,9,145,92,23,191
MADISONENNIS - RURAL,124,106,11,51,55,13,423,3,458,21,56,1111,553,230,1649
MADISONENNIS - TOWN,34,40,11,15,14,12,88,3,158,10,27,287,140,74,485
MADISONHARRISON - WARD 2,18,27,5,20,6,6,107,1,64,5,14,250,144,45,334
MADISONJEFFERSON ISLAND - WARD 1,15,18,3,17,6,8,62,1,36,1,12,161,96,33,211
MADISONSHERIDAN,48,96,8,42,61,17,359,1,210,5,41,702,487,144,959
MADISONTWIN BRIDGES,40,44,8,13,37,7,246,3,152,11,32,539,311,84,737
MADISONVIRGINIA CITY - WARD 1,18,22,0,4,7,2,54,0,66,5,4,102,67,40,177
MCCONEPRECINCT 27,23,14,0,8,7,4,98,0,49,2,11,212,117,37,274
MCCONEPRECINCT 4,22,26,1,10,5,3,159,0,59,3,15,367,178,48,444
MCCONEPRECINCT 8,20,18,0,20,4,3,153,0,46,2,11,283,180,38,342
MEAGHERPRECINCT 5,56,58,9,35,34,10,396,2,193,10,41,729,484,114,975
MINERALALBERTON,23,66,3,5,9,3,77,3,115,19,22,208,97,89,367
MINERALST. REGIS,34,25,6,16,10,3,114,2,80,4,22,230,149,59,338
MINERALSUPERIOR_24,26,28,4,6,8,5,40,1,57,1,14,98,63,54,171
MINERALSUPERIOR_25,37,39,5,26,14,13,151,2,113,6,20,289,209,76,430
MINERALSUPERIOR_30,47,47,6,16,7,15,199,3,133,5,24,385,243,94,550
MINERALWEST END,7,11,0,6,0,1,59,0,21,0,6,120,66,18,147
MISSOULABONNER 89,22,23,0,2,6,1,26,0,57,2,6,65,35,45,130
MISSOULABONNER 92,138,281,6,31,13,4,239,7,527,37,78,679,293,419,1328
MISSOULACHIEF CHARLO 90,195,243,3,28,23,17,171,6,660,24,57,522,242,438,1269
MISSOULACLINTON 89,47,71,2,14,3,1,97,6,145,11,29,270,117,118,461
MISSOULACLINTON 92,61,84,3,21,7,3,132,1,173,10,31,373,166,145,588
MISSOULACOLD SPRINGS 89,177,259,10,28,29,8,242,5,636,25,80,734,317,436,1480
MISSOULACOLD SPRINGS 99,236,245,8,48,41,18,256,2,666,15,74,703,371,481,1460
MISSOULACSPORTER 98,180,359,13,24,18,4,229,6,839,51,107,613,288,539,1616
MISSOULAEAST MSLA 92,70,208,0,11,6,1,112,5,421,30,67,316,130,278,839
MISSOULAEVARO 94,68,87,6,6,2,1,79,1,235,9,22,189,94,155,456
MISSOULAFRANKLIN 100N,144,454,0,15,5,5,74,9,900,66,73,271,99,598,1319
MISSOULAFRANKLIN 100S,87,262,4,13,3,6,54,1,482,42,66,229,80,349,820
MISSOULAFRENCHTWN 14N,12,28,0,16,3,1,43,0,58,2,10,142,63,40,212
MISSOULAFRENCHTWN 14S,21,45,6,12,4,3,58,2,72,3,11,129,83,66,217
MISSOULAFRENCHTWN 94,107,159,5,39,16,11,314,7,350,12,71,814,385,266,1254
MISSOULAFRENCHTWN 96,38,64,2,28,9,0,131,3,128,8,37,382,170,102,558
MISSOULAHAWTHORNE 95,139,321,3,24,10,3,129,7,707,52,83,405,169,460,1254
MISSOULAHAWTHORNE 98N,60,114,3,10,10,2,78,0,296,18,42,213,103,174,569
MISSOULAHAWTHORNE 98S,196,325,3,12,13,11,209,6,701,47,87,587,248,521,1428
MISSOULAHELLGATE 94,273,301,8,31,41,12,249,5,790,27,78,624,341,574,1524
MISSOULAHELLGATE 95,79,154,0,14,9,2,69,1,356,22,51,265,94,233,695
MISSOULAHELLGATE 96E,467,600,15,82,40,36,552,10,1725,73,242,1765,725,1067,3815
MISSOULAHELLGATE 96W,101,88,1,10,15,5,174,1,258,13,42,460,205,189,774
MISSOULAHELLGATE 97,137,183,3,26,14,9,219,0,434,23,59,519,271,320,1035
MISSOULALEWIS CLK 89,50,64,1,0,7,1,23,0,134,4,19,88,32,114,245
MISSOULALEWIS CLK 90E,245,290,2,12,15,17,171,3,853,36,65,421,217,535,1378
MISSOULALEWIS CLK 90W,430,553,11,28,31,13,212,5,1361,54,98,594,295,983,2112
MISSOULALIBRARY 91,263,745,5,8,2,1,74,4,1391,126,85,289,90,1008,1895
MISSOULALOLO 89,54,91,0,18,10,6,136,2,207,10,34,368,170,145,621
MISSOULALOLO 97,288,439,16,97,38,41,591,6,998,42,154,1637,783,727,2837
MISSOULALOWELL 94,180,482,2,5,1,2,53,3,899,76,75,223,63,662,1276
MISSOULALOWELL 95,207,669,3,10,5,3,101,1,1295,125,135,348,122,876,1904
MISSOULAMEADOW HILL 99,253,384,6,25,30,14,212,4,900,31,107,652,287,637,1694
MISSOULAPAXSON 89,326,469,4,5,11,14,55,4,1107,59,69,231,89,795,1470
MISSOULAPETTY CRK 97,27,61,0,14,3,1,76,1,106,6,12,230,94,88,355
MISSOULAPOTOMAC 92,47,116,4,23,13,7,167,3,229,16,46,439,214,163,733
MISSOULARATTLSNK 91E,325,399,5,13,28,14,121,2,984,23,53,330,181,724,1392
MISSOULARATTLSNK 91W,492,567,8,17,29,7,134,1,1414,43,76,351,195,1059,1885
MISSOULARUSSELL 90,74,139,6,8,6,2,37,1,307,34,41,149,59,213,532
MISSOULARUSSELL 99N,123,237,2,8,8,7,100,4,518,25,75,311,125,360,933
MISSOULARUSSELL 99S,202,292,12,28,17,13,174,4,710,30,83,494,244,494,1321
MISSOULASEELEY LK 92,137,172,8,31,25,13,338,2,337,13,70,758,415,309,1180
MISSOULASENIOR CIT 91,164,367,1,7,5,5,24,3,893,47,54,118,42,531,1115
MISSOULASENIOR CIT 95,94,321,0,5,3,2,24,2,561,53,37,121,34,415,774
MISSOULASPRING MDW 94,42,78,1,22,4,5,132,1,165,3,33,435,164,120,637
MISSOULASPRING MDW 96,16,31,0,7,2,2,52,0,67,1,21,145,63,47,234
MISSOULAST JOSEPH 100E,336,547,5,11,10,4,79,4,1293,54,79,237,109,883,1667
MISSOULAST JOSEPH 100W,305,810,4,14,12,6,91,6,1511,99,116,333,127,1115,2065
MISSOULASWAN 92,45,38,5,12,9,5,90,0,88,2,9,236,121,83,335
MISSOULATARGET RNG 97,152,179,3,23,21,7,194,7,459,15,55,490,248,331,1026
MISSOULATARGET RNG 98,291,326,12,42,34,20,302,4,718,27,87,799,410,617,1635
MISSOULAUC CENTR 89,6,92,0,3,0,2,3,4,422,28,66,154,8,98,674
MUSSELSHELLPRECINCT 1,32,23,5,22,10,4,167,1,83,3,23,328,208,55,438
MUSSELSHELLPRECINCT 3,19,16,3,13,9,6,162,0,50,2,14,296,193,35,362
MUSSELSHELLPRECINCT 5,10,24,5,31,5,9,285,1,70,7,24,507,335,34,609
MUSSELSHELLPRECINCT 6,25,45,6,40,15,8,323,3,111,5,29,643,392,70,791
MUSSELSHELLPRECINCT 7,4,6,1,5,2,0,60,0,10,1,2,114,68,10,127
MUSSELSHELLPRECINCT 8,2,2,0,12,3,1,43,0,8,0,2,79,59,4,89
PARK59A NORTH PC,66,62,13,33,31,11,245,1,186,6,39,607,333,128,839
PARK59B N CENTRAL PC,116,149,4,39,21,10,319,4,393,21,53,751,393,265,1222
PARK59C S CENTRAL PC,65,134,3,20,15,11,274,1,286,16,27,620,323,199,950
PARK59D SOUTH PC,106,116,9,23,12,7,154,3,402,29,43,392,205,222,869
PARK60A NW OF LIVINGSTON,65,108,2,23,12,6,187,1,245,9,34,443,230,173,732
PARK60B SW OF LIVINGSTON,70,80,2,17,15,4,163,1,229,13,53,464,201,150,760
PARK60CL NW COL,77,137,9,26,16,8,182,7,317,17,61,525,241,214,927
PARK60DL NE COL,85,171,2,13,5,5,119,3,322,21,48,345,144,256,739
PARK60EL SE COL,81,204,2,11,4,8,93,3,411,27,56,230,118,285,727
PARK60FL SC COL,89,175,0,11,13,2,79,4,360,25,36,251,105,264,676
PARK60GL SW COL,96,185,3,18,14,9,130,3,444,16,50,352,174,281,865
PETROLEUMPRECNCT 1,16,16,3,9,9,6,167,1,30,1,12,278,194,32,322
PHILLIPSPCT 11 - FIRST CREEK - 32/16,4,4,0,4,1,0,18,0,8,1,3,32,23,8,44
PHILLIPSPCT 12-N - MALTA NORTH - 33/17,5,3,0,5,2,0,95,0,16,1,5,131,102,8,153
PHILLIPSPCT 12-S - MALTA SOUTH - 32/16,7,11,0,19,8,4,216,0,27,3,13,338,247,18,381
PHILLIPSPCT 16 - WHITEWATER - 33/17,2,0,0,4,0,0,49,0,6,0,4,72,53,2,82
PHILLIPSPCT 2-N - DODSON NORTH - 33/17,6,9,0,8,2,0,21,0,20,1,0,39,31,15,60
PHILLIPSPCT 2-S - DODSON SOUTH - 32/16,5,7,1,1,0,0,20,0,19,0,2,31,22,12,52
PHILLIPSPCT 5 - ZORTMAN - 32/16,2,3,0,3,3,1,36,0,16,0,1,50,43,5,67
PHILLIPSPCT 6 - LANDUSKY - 32/16,0,0,1,0,3,1,25,0,1,1,0,34,30,0,36
PHILLIPSPCT 7 - LORING - 33/17,0,3,0,2,0,0,38,0,6,2,3,59,40,3,70
PHILLIPSPCT 8-N - SACO NORTH - 33/17,6,7,1,6,6,2,112,0,32,1,6,184,127,13,223
PHILLIPSPCT 8-S - SACO SOUTH - 32/16,0,0,0,0,1,0,3,0,0,0,1,10,4,0,11
PHILLIPSPCT 9-1 - MALTA CITY - 33/17,20,15,11,20,18,9,227,0,78,2,32,378,285,35,490
PHILLIPSPCT 9-2 - MALTA CITY - 33/17,24,29,8,12,28,8,240,2,89,7,29,365,296,53,492
PONDERABRADY_19,30,22,4,7,9,4,131,1,75,2,20,225,155,52,323
PONDERACONRAD RURAL 29,9,4,2,4,8,3,67,0,24,0,7,127,84,13,158
PONDERACONRAD_24,50,36,9,30,24,9,193,2,135,6,31,393,265,86,567
PONDERACONRAD_27,46,34,2,19,13,17,198,2,125,6,32,409,249,80,574
PONDERADUPUYER_23,3,21,1,10,4,0,43,0,14,2,8,91,58,24,115
PONDERAHEART BUTTE_20,77,69,0,4,0,1,7,2,241,10,5,19,12,146,277
PONDERAVALIER (RURAL)_35,33,26,8,19,18,4,183,1,81,4,20,329,232,59,435
PONDERAVALIER_34,9,25,6,8,1,5,109,2,43,4,12,206,129,34,267
POWDER RIVERPRECINCT03,0,2,1,5,1,1,17,0,9,1,2,35,25,2,47
POWDER RIVERPRECINCT04,0,0,0,0,4,0,19,0,3,0,1,40,23,0,44
POWDER RIVERPRECINCT05,6,11,1,2,4,1,61,0,20,0,5,105,69,17,130
POWDER RIVERPRECINCT08,1,0,0,0,1,1,16,0,2,0,0,21,18,1,23
POWDER RIVERPRECINCT09,1,0,1,2,0,1,30,0,15,0,2,43,34,1,60
POWDER RIVERPRECINCT11,11,12,3,21,16,5,208,0,51,0,15,349,253,23,415
POWDER RIVERPRECINCT12,5,9,8,18,15,4,165,0,27,0,14,291,210,14,332
POWELLPRECINCT #1.80,8,3,2,14,5,1,75,0,11,1,2,146,97,11,160
POWELLPRECINCT #10.80,6,1,0,5,0,0,31,1,9,0,3,70,36,7,83
POWELLPRECINCT #11.80,2,8,1,4,0,1,42,0,7,1,3,93,48,10,104
POWELLPRECINCT #12.80,4,13,0,6,2,0,52,0,20,2,8,116,60,17,146
POWELLPRECINCT #14.80,9,16,0,8,5,4,64,0,31,4,7,121,81,25,163
POWELLPRECINCT #16.78,17,12,0,4,1,0,34,1,34,2,13,89,39,29,139
POWELLPRECINCT #2.80,8,8,0,8,3,0,25,0,18,1,4,73,36,16,96
POWELLPRECINCT #3.78,22,38,6,8,5,3,113,2,68,6,26,279,135,60,381
POWELLPRECINCT #4.78,22,23,3,8,2,3,67,0,61,2,12,197,83,45,272
POWELLPRECINCT #5.78,33,35,2,8,12,7,88,1,97,8,26,215,117,68,347
POWELLPRECINCT #6.78,40,34,2,10,8,8,82,1,73,7,27,241,110,74,349
POWELLPRECINCT #7.78,16,38,2,11,3,3,79,4,76,7,22,234,98,54,343
POWELLPRECINCT #8.80,18,22,0,10,5,7,69,0,46,0,10,155,91,40,211
PRAIRIEPRECINCT NO. 1,15,16,2,6,5,6,56,1,41,0,8,125,75,31,175
PRAIRIEPRECINCT NO. 2,20,10,5,10,1,3,57,0,26,1,13,118,76,30,158
PRAIRIEPRECINCT NO. 3,7,8,1,3,1,2,65,0,19,0,1,134,72,15,154
PRAIRIEPRECINCT NO. 4,6,10,3,17,5,4,92,1,14,0,8,179,121,16,202
RAVALLIPCT 01,32,41,1,20,11,1,227,3,122,5,24,461,260,73,615
RAVALLIPCT 02,71,74,5,56,26,14,364,1,211,14,29,754,465,145,1009
RAVALLIPCT 03,37,51,4,35,19,9,201,5,129,6,22,506,268,88,668
RAVALLIPCT 04,59,53,5,32,37,18,233,3,187,6,21,514,325,112,731
RAVALLIPCT 05,112,137,16,54,32,17,375,1,369,17,44,782,494,249,1213
RAVALLIPCT 06,86,85,4,42,21,14,246,4,254,12,39,636,327,171,945
RAVALLIPCT 07,120,138,14,61,48,12,308,4,369,17,52,758,443,258,1200
RAVALLIPCT 08,136,162,14,45,28,19,224,3,492,22,60,575,330,298,1152
RAVALLIPCT 09,106,118,11,28,21,18,195,5,370,13,62,510,273,224,960
RAVALLIPCT 10,69,108,10,51,40,16,347,1,284,19,54,745,464,177,1103
RAVALLIPCT 11,59,77,9,49,53,19,340,3,248,8,49,744,470,136,1052
RAVALLIPCT 12,63,81,11,39,36,10,256,2,232,10,40,565,352,144,849
RAVALLIPCT 13,44,54,5,54,26,11,245,2,166,12,41,610,341,98,831
RAVALLIPCT 14,0,2,3,73,6,7,57,2,3,0,19,213,146,2,237
RAVALLIPCT 15,91,101,4,51,32,14,391,1,299,8,37,771,492,192,1116
RAVALLIPCT 16,55,63,4,31,15,6,234,3,172,6,35,566,290,118,782
RAVALLIPCT 17,78,94,4,50,19,11,261,1,260,13,24,561,345,172,859
RAVALLIPCT 18,77,111,9,58,26,7,286,0,262,11,46,680,386,188,999
RAVALLIPCT 19,95,102,6,51,20,13,297,1,294,9,48,710,387,197,1062
RAVALLIPCT 20,90,90,6,43,27,8,203,5,283,12,53,525,287,180,878
RAVALLIPCT 21,46,57,2,33,14,6,139,0,137,11,31,361,194,103,540
RAVALLIPCT 22,131,112,6,55,26,17,300,2,364,8,41,755,404,243,1170
RAVALLIPCT 23,95,102,1,64,30,8,300,4,324,11,57,798,403,197,1194
RAVALLIPCT 24,114,156,6,60,25,9,285,4,392,11,64,710,385,270,1181
RICHLANDPRECINCT 01,9,9,1,12,7,2,48,1,35,3,22,165,70,18,226
RICHLANDPRECINCT 02,20,18,3,11,7,3,92,0,57,3,15,286,116,38,361
RICHLANDPRECINCT 03,19,22,5,12,8,7,117,1,73,2,26,311,149,41,413
RICHLANDPRECINCT 04,12,4,5,6,4,7,87,0,36,1,13,247,109,16,297
RICHLANDPRECINCT 05,21,11,1,20,7,1,97,1,48,2,14,278,126,32,343
RICHLANDPRECINCT 07,25,11,0,9,4,1,65,1,40,0,13,158,79,36,212
RICHLANDPRECINCT 08,31,16,5,25,18,18,188,0,87,3,35,466,254,47,591
RICHLANDPRECINCT 09,15,9,0,11,10,0,90,0,35,1,8,211,111,24,255
RICHLANDPRECINCT 12,15,24,1,4,4,5,161,0,73,2,25,479,175,39,579
RICHLANDPRECINCT 17,2,4,0,3,5,4,56,0,13,1,5,111,68,6,130
RICHLANDPRECINCT 19,6,8,3,3,5,1,53,1,14,1,2,101,65,14,119
RICHLANDPRECINCT 22,24,5,5,12,7,5,162,0,62,2,32,465,191,29,561
RICHLANDPRECINCT 23,19,17,0,25,23,13,222,1,98,2,29,630,283,36,760
ROOSEVELT02 BAINVILLE,16,12,0,8,2,0,63,1,33,1,15,195,73,28,245
ROOSEVELT10 FROID,11,18,1,1,1,4,69,1,38,1,10,139,76,29,189
ROOSEVELT12 CULBERTSON,38,20,4,4,11,3,159,1,91,0,27,387,181,58,506
ROOSEVELT15 BROCKTON,35,30,0,1,0,0,2,0,138,7,5,14,3,65,164
ROOSEVELT16 EAST POPLAR RURAL,23,32,0,0,1,0,13,1,163,9,6,52,14,55,231
ROOSEVELT17 NORTH POPLAR MINERAL BENCH,5,16,1,2,1,1,39,0,21,1,6,80,44,21,108
ROOSEVELT18 POPLAR,67,79,3,9,2,1,56,6,393,31,23,185,71,146,638
ROOSEVELT22 EAST & NE WOLF POINT RURAL,15,19,2,5,3,3,47,0,57,4,13,116,60,34,190
ROOSEVELT24 WOLF POINT SOUTHSIDE,37,47,0,3,1,2,35,2,183,15,24,135,41,84,359
ROOSEVELT26 WOLF POINT NORTHSIDE,42,73,2,12,2,4,147,2,167,14,42,287,167,115,512
ROOSEVELT27 WEST WOLF POINT RURAL,19,44,1,5,1,1,30,2,262,11,7,100,38,63,382
ROOSEVELT28 NORTH WOLF POINT RURAL (VICTORY),9,9,0,16,1,2,53,0,14,1,2,107,72,18,124
ROSEBUDPRECINCT 10,5,14,1,2,1,1,64,0,11,0,2,126,69,19,139
ROSEBUDPRECINCT 11,0,5,0,9,1,0,36,0,3,1,1,88,46,5,93
ROSEBUDPRECINCT 15,55,73,0,0,1,1,14,9,400,22,16,61,16,128,508
ROSEBUDPRECINCT 17,29,45,2,10,0,1,29,1,150,1,15,103,42,74,270
ROSEBUDPRECINCT 20,10,16,1,6,6,3,109,0,29,0,9,170,125,26,208
ROSEBUDPRECINCT 21,4,11,0,0,4,2,48,0,10,0,5,116,54,15,131
ROSEBUDPRECINCT 26,0,5,1,2,0,0,23,0,4,0,3,60,26,5,67
ROSEBUDPRECINCT 3,58,39,4,12,12,7,133,0,100,2,28,333,168,97,463
ROSEBUDPRECINCT 30,16,34,1,11,1,3,92,1,59,1,16,274,108,50,351
ROSEBUDPRECINCT 32,45,79,4,30,9,11,272,1,138,5,39,592,326,124,775
ROSEBUDPRECINCT 6,27,34,1,7,6,2,126,2,70,1,16,300,142,61,389
ROSEBUDPRECINCT 7,1,8,0,1,0,0,17,1,13,0,2,30,18,9,46
SANDERS1-HERON-HD13,13,40,3,4,2,0,105,0,61,7,5,224,114,53,297
SANDERS2-NOXON-HD13,36,40,2,14,8,2,146,1,88,5,16,332,172,76,442
SANDERS3-TROUT CREEK-HD13,50,87,3,26,31,11,295,1,147,12,27,653,366,137,840
SANDERS4-T FALLS-HD13,77,88,8,31,17,7,318,2,194,7,55,682,381,165,940
SANDERS5-T FALLS-HD13,78,78,5,27,26,14,347,5,196,11,54,707,419,156,973
SANDERS6-PLAINS-HD14,47,62,3,54,22,15,352,1,152,4,50,740,446,109,947
SANDERS7-PLAINS-HD14,46,52,12,40,16,8,253,0,132,10,44,494,329,98,680
SANDERS8-HOT SPRINGS-HD14,41,119,7,11,11,0,139,3,180,31,41,378,168,160,633
SANDERS9-DIXON-HD14,17,27,1,5,7,5,39,0,68,7,7,76,57,44,158
SHERIDAN1 WESTBY,8,11,2,5,3,2,44,1,35,0,5,126,56,19,167
SHERIDAN2 MEDICINE LAKE,40,42,4,5,8,5,112,0,107,2,19,244,134,82,372
SHERIDAN3 PLENTYWOOD WEST,47,28,4,7,10,6,87,1,103,9,16,237,114,75,366
SHERIDAN4 PLENTYWOOD EAST,42,42,1,11,14,6,129,0,131,6,27,337,161,84,501
SHERIDAN5 PLENTYWOOD RURAL WEST,11,10,2,4,7,0,74,0,34,2,10,163,87,21,209
SHERIDAN6 PLENTYWOOD RURAL EAST,23,21,7,5,5,2,54,0,67,1,15,134,73,44,217
SILVER BOWPREC_1,43,53,0,4,0,1,39,1,104,7,14,86,44,96,212
SILVER BOWPREC_10N,35,33,0,1,1,2,16,3,63,5,14,37,20,68,122
SILVER BOWPREC_10S,52,54,0,1,0,1,25,1,106,7,13,52,27,106,179
SILVER BOWPREC_11,46,49,1,1,2,2,18,1,97,4,11,64,24,95,177
SILVER BOWPREC_12E,61,49,1,10,4,0,41,0,113,2,10,100,56,110,225
SILVER BOWPREC_12W,50,37,0,2,1,0,20,4,98,1,17,54,23,87,174
SILVER BOWPREC_14,260,277,3,17,8,10,70,2,639,25,88,307,108,537,1061
SILVER BOWPREC_16,246,250,3,18,19,6,155,8,631,30,65,363,201,496,1097
SILVER BOWPREC_17,163,223,2,11,6,7,90,5,464,36,65,308,116,386,878
SILVER BOWPREC_18,123,135,0,10,1,1,73,4,312,16,42,230,85,258,604
SILVER BOWPREC_19N,87,66,1,2,5,3,55,0,173,7,20,101,66,153,301
SILVER BOWPREC_19S,62,30,0,6,6,1,33,1,113,3,10,83,46,92,210
SILVER BOWPREC_19W,16,21,0,2,5,0,26,0,46,0,9,45,33,37,100
SILVER BOWPREC_21,153,108,3,3,3,3,60,5,319,9,33,157,72,261,523
SILVER BOWPREC_22,291,291,10,26,15,6,194,11,622,32,80,520,251,582,1265
SILVER BOWPREC_26E,23,24,0,3,0,1,46,2,43,1,5,71,50,47,122
SILVER BOWPREC_26W,26,19,0,3,5,3,40,1,57,3,3,107,51,45,171
SILVER BOWPREC_27N,16,9,0,1,1,0,25,0,22,0,5,71,27,25,98
SILVER BOWPREC_27S,65,47,3,9,3,2,75,0,129,1,13,177,92,112,320
SILVER BOWPREC_28,14,12,0,8,3,0,35,0,33,2,5,78,46,26,118
SILVER BOWPREC_29,4,6,0,2,2,1,22,0,16,2,5,53,27,10,76
SILVER BOWPREC_2E,121,106,2,9,3,3,69,6,256,7,28,185,86,227,482
SILVER BOWPREC_2W,134,135,2,2,3,3,86,4,290,5,51,207,96,269,557
SILVER BOWPREC_3,114,91,1,7,2,4,51,2,235,1,20,154,65,205,412
SILVER BOWPREC_4,295,219,5,23,8,13,176,7,570,18,64,356,225,514,1015
SILVER BOWPREC_6,471,374,14,29,28,22,222,7,938,13,104,562,315,845,1624
SILVER BOWPREC_8E,513,307,11,37,32,26,329,4,946,15,100,635,435,820,1700
SILVER BOWPREC_8W,287,249,3,16,10,7,226,8,575,20,75,545,262,536,1223
SILVER BOWPREC_9E,107,102,6,18,17,6,157,4,239,8,38,281,204,209,570
SILVER BOWPREC_9N,198,136,7,21,15,6,188,1,332,12,42,370,237,334,757
SILVER BOWPREC_9W,27,11,0,4,1,0,11,2,38,1,8,17,16,38,66
STILLWATERABSAROKEE PRECINCT 13,56,61,2,39,33,16,290,0,187,11,46,615,380,117,859
STILLWATERCOLUMBUS PRECINCT 1,100,109,16,89,50,31,743,6,363,9,99,1649,929,209,2126
STILLWATERFISHTAIL PRECINCT 11,15,14,1,13,5,2,50,0,46,0,10,133,71,29,189
STILLWATERMOLT PRECINCT 7,0,5,0,4,2,1,26,0,6,0,2,62,33,5,70
STILLWATERNYE PRECINCT 10,15,16,0,5,4,2,43,0,46,2,6,86,54,31,140
STILLWATERPARK CITY PRECINCT 2,86,86,8,44,21,11,362,4,212,9,67,831,446,172,1123
STILLWATERRAPELJE PRECINCT 9,4,9,2,9,6,3,81,0,17,0,9,139,101,13,165
STILLWATERREED POINT PRECINCT 4,15,7,6,12,4,2,67,1,31,4,12,146,91,22,194
SWEET GRASSPRECINCT 1,18,33,0,16,7,6,140,3,85,9,20,343,169,51,460
SWEET GRASSPRECINCT 2,27,29,1,27,23,5,119,0,108,4,23,281,175,56,416
SWEET GRASSPRECINCT 3,16,32,3,17,20,10,178,0,82,5,14,370,228,48,471
SWEET GRASSPRECINCT 4,35,33,7,22,12,8,155,0,96,4,13,364,204,68,477
SWEET GRASSPRECINCT 5,11,5,1,11,6,3,116,0,31,1,7,237,137,16,276
TETONPRECINCT #1,177,255,10,35,25,13,364,8,384,13,91,928,447,432,1424
TETONPRECINCT #11,12,32,2,6,5,4,37,0,27,1,9,113,54,44,150
TETONPRECINCT #17,50,28,4,8,7,0,107,1,100,3,8,213,126,78,325
TETONPRECINCT #6,29,49,1,7,2,0,97,0,79,1,18,210,107,78,308
TETONPRECINCT #7,106,96,8,49,34,11,280,3,218,9,36,706,382,202,972
TOOLEDEVON-GALATA,13,6,1,6,7,6,63,0,25,0,6,101,83,19,132
TOOLEKEVIN,9,5,1,5,2,1,62,0,21,2,1,101,71,14,125
TOOLESHELBY CITY,72,57,30,44,53,28,484,4,258,20,65,838,639,129,1185
TOOLESHELBY RURAL,10,11,1,13,4,5,90,0,24,3,8,142,113,21,177
TOOLESUNBURST,25,28,3,12,14,14,173,2,74,4,16,315,216,53,411
TREASUREPRECINCT # 3,1,2,0,0,1,0,4,0,3,0,0,33,5,3,36
TREASUREPRECINCT # 4,30,35,5,14,6,8,122,1,55,5,22,276,155,65,359
TREASUREPRECINCT # 6,3,6,0,1,0,0,18,0,1,1,4,42,19,9,48
VALLEY1-FORT PECK,63,79,1,18,9,4,196,0,158,5,30,393,228,142,586
VALLEY2-FRAZER,20,20,0,3,1,1,43,3,94,5,8,75,48,40,185
VALLEY3-HINSDALE,11,15,4,21,10,7,157,0,33,4,14,269,199,26,320
VALLEY4-GLASGOW,119,100,16,45,39,28,325,5,319,18,86,800,453,219,1228
VALLEY5-GLASGOW NE,95,80,13,43,25,10,338,6,219,8,72,742,429,175,1047
VALLEY6-NASHUA,23,28,3,8,0,2,73,0,41,2,15,174,86,51,232
VALLEY7-LUSTRE,3,1,3,10,4,3,47,0,3,0,0,94,67,4,97
VALLEY8-OPHEIM,10,15,2,13,8,3,72,0,19,2,9,151,98,25,181
WHEATLANDPRECINCT 1,1,3,2,1,1,2,33,0,5,0,5,61,39,4,71
WHEATLANDPRECINCT 2,23,23,5,20,14,2,153,2,92,8,21,290,194,46,413
WHEATLANDPRECINCT 3,5,2,1,5,2,1,40,0,17,2,1,69,49,7,89
WHEATLANDPRECINCT 4,9,10,0,3,2,2,63,1,27,1,4,102,70,19,135
WHEATLANDPRECINCT 9,10,14,4,7,8,8,92,3,38,3,12,180,119,24,236
WIBAUXPRECINCT #1,36,16,3,26,21,4,231,1,55,0,18,463,285,52,537
YELLOWSTONE39.1,10,6,2,15,4,1,72,0,21,1,4,151,94,16,177
YELLOWSTONE39.2,134,137,19,71,25,12,566,5,296,12,76,1242,693,271,1631
YELLOWSTONE40-45,74,55,5,43,15,11,297,2,188,6,40,626,371,129,862
YELLOWSTONE40.1,111,138,17,86,20,8,623,5,297,13,94,1319,754,249,1728
YELLOWSTONE40.3,20,28,4,15,5,4,122,0,49,1,17,266,150,48,333
YELLOWSTONE40.4,15,19,0,19,7,4,85,0,60,0,13,195,115,34,268
YELLOWSTONE40.5,13,10,0,15,1,3,51,1,28,0,12,150,70,23,191
YELLOWSTONE42.1,9,7,0,4,2,2,38,1,17,1,4,86,46,16,109
YELLOWSTONE42.2,14,16,0,7,5,1,65,0,59,1,8,169,78,30,237
YELLOWSTONE43.1,34,12,4,19,17,1,184,2,86,2,25,399,225,46,514
YELLOWSTONE43.2,88,83,7,33,14,14,270,2,165,11,35,530,338,171,743
YELLOWSTONE43.3,299,267,16,128,70,29,826,10,927,46,224,1941,1069,566,3148
YELLOWSTONE44.1,93,99,7,37,23,9,258,3,266,13,57,596,334,192,935
YELLOWSTONE44.2,222,205,9,83,47,26,509,7,627,37,161,1145,674,427,1977
YELLOWSTONE44.3,193,144,7,61,42,21,447,4,463,18,114,882,578,337,1481
YELLOWSTONE45.2,386,330,45,162,129,61,1107,14,1181,51,285,2408,1504,716,3939
YELLOWSTONE46.1,23,20,4,15,13,5,88,1,71,1,14,165,125,43,252
YELLOWSTONE46.2,837,540,54,168,283,107,1531,11,1971,50,281,3017,2143,1377,5330
YELLOWSTONE47.1,207,229,9,29,27,12,183,7,724,46,94,571,260,436,1442
YELLOWSTONE47.2,430,338,26,68,148,38,583,6,1159,19,152,1165,863,768,2501
YELLOWSTONE48.1,394,421,24,85,57,27,458,10,1159,52,182,1105,651,815,2508
YELLOWSTONE48.2,335,245,27,79,83,31,479,5,866,25,127,1107,699,580,2130
YELLOWSTONE49.1,222,243,3,36,43,12,191,10,726,44,132,584,285,465,1496
YELLOWSTONE49.2,224,292,10,61,34,23,355,7,758,34,139,869,483,516,1807
YELLOWSTONE50.1,240,276,11,61,27,15,303,5,702,59,165,850,417,516,1781
YELLOWSTONE50.2,282,244,12,56,67,27,517,13,751,26,151,1101,679,526,2042
YELLOWSTONE51.1,140,133,8,30,22,6,260,16,425,19,74,652,326,273,1186
YELLOWSTONE51.2,109,97,4,40,30,8,180,2,363,13,54,491,262,206,923
YELLOWSTONE51.3,202,208,8,67,33,28,401,8,613,29,150,984,537,410,1784
YELLOWSTONE52.1,202,216,9,46,26,8,321,8,608,28,140,830,410,418,1614
YELLOWSTONE52.2,311,254,15,81,46,25,589,8,780,34,118,1214,756,565,2154
YELLOWSTONE53.1,405,325,42,182,184,59,1392,13,1232,16,212,2978,1859,730,4451
YELLOWSTONE53.2,84,107,5,78,32,17,460,5,258,14,84,1063,592,191,1424
YELLOWSTONE53.3,112,96,12,34,24,16,388,1,221,8,62,792,474,208,1084
YELLOWSTONE54.1,563,432,41,165,128,66,1286,14,1516,49,276,2806,1686,995,4661
YELLOWSTONE54.2,69,81,6,56,26,15,296,1,200,10,44,616,399,150,871
YELLOWSTONE55.1,37,33,5,12,8,5,133,0,118,4,24,385,163,70,531
YELLOWSTONE55.2,5,1,0,4,3,1,32,0,13,1,5,67,40,6,86
YELLOWSTONE55.3,102,82,9,60,24,21,310,3,234,15,60,743,424,184,1055
YELLOWSTONE55.4,131,134,6,33,12,9,250,4,344,16,87,731,310,265,1182
YELLOWSTONE55.5,199,164,11,82,47,15,421,5,501,11,115,1027,576,363,1659
YELLOWSTONE56.1,22,34,2,15,8,7,106,0,64,5,20,235,138,56,324
YELLOWSTONE56.2,274,318,21,138,63,30,882,14,849,51,150,2144,1134,592,3208
YELLOWSTONE56.3,82,65,10,31,29,10,261,6,215,6,35,523,341,147,785
