precinct,pri_dem_CLINTON,pri_dem_SANDERS,pri_rep_BUSH,pri_rep_CARSON,pri_rep_CRUZ,pri_rep_FIORINA,pri_rep_KASICH,pri_rep_TRUMP,gen_con_CASTLE,gen_dem_CLINTON,gen_grn_STEIN,gen_ind_FUENTE,gen_ind_MCMULLIN,gen_lib_JOHNSON,gen_rep_TRUMP,gen_sol_RIVA,dem_primary_total,rep_primary_total,dem_general_total,rep_general_total
BERNALILLO1,60,93,3,6,15,0,9,64,0,346,9,0,6,61,311,0,153,97,346,311
BERNALILLO10,65,65,1,5,9,2,7,35,1,287,9,0,1,78,223,1,130,59,287,223
BERNALILLO101,35,186,2,1,3,0,2,10,0,341,28,1,2,59,57,6,221,18,341,57
BERNALILLO102,27,105,0,0,2,1,1,6,1,231,14,0,1,28,35,1,132,10,231,35
BERNALILLO103,91,96,1,1,5,0,1,15,0,490,10,0,2,48,125,0,187,23,490,125
BERNALILLO104,20,25,0,0,0,0,0,1,0,115,3,1,0,9,14,0,45,1,115,14
BERNALILLO105,33,23,0,0,1,0,0,1,0,151,1,0,0,12,30,2,56,2,151,30
BERNALILLO106,116,71,2,2,3,0,6,11,1,396,9,0,1,51,91,0,187,24,396,91
BERNALILLO107,89,101,3,1,6,1,3,11,1,336,9,1,3,37,61,5,190,25,336,61
BERNALILLO108,50,36,5,1,1,1,7,30,0,161,4,0,0,28,131,0,86,45,161,131
BERNALILLO109,9,7,0,0,0,0,0,2,0,25,1,0,0,5,16,0,16,2,25,16
BERNALILLO11,179,145,5,2,7,1,12,52,0,495,9,0,1,84,201,1,324,79,495,201
BERNALILLO110,87,82,6,2,16,1,6,46,3,337,8,0,3,78,249,1,169,77,337,249
BERNALILLO111,132,129,5,2,18,1,6,68,0,521,13,1,10,140,377,2,261,100,521,377
BERNALILLO112,141,130,1,7,24,4,10,112,1,513,16,0,15,158,469,1,271,158,513,469
BERNALILLO113,77,91,4,3,5,5,10,66,0,309,7,0,14,84,288,2,168,93,309,288
BERNALILLO114,196,161,12,14,28,6,31,164,7,675,18,1,26,189,750,2,357,255,675,750
BERNALILLO115,203,177,10,5,36,0,15,186,5,885,19,0,39,187,873,3,380,252,885,873
BERNALILLO116,66,69,1,3,10,1,3,63,1,238,5,0,6,65,278,3,135,81,238,278
BERNALILLO117,175,152,4,6,49,6,14,156,7,698,18,0,34,182,777,0,327,235,698,777
BERNALILLO118,82,100,3,8,11,1,9,114,7,454,11,2,29,129,528,0,182,146,454,528
BERNALILLO119,193,199,3,3,21,0,12,101,3,763,17,0,7,149,468,0,392,140,763,468
BERNALILLO12,120,120,1,0,10,1,7,44,0,394,9,0,4,51,184,3,240,63,394,184
BERNALILLO120,167,132,1,3,11,0,5,69,2,586,10,1,3,110,359,1,299,89,586,359
BERNALILLO121,191,129,5,1,7,1,9,34,0,488,8,0,1,43,141,3,320,57,488,141
BERNALILLO122,65,108,2,0,0,0,3,6,1,217,7,0,3,24,44,1,173,11,217,44
BERNALILLO123,80,171,1,2,4,0,2,12,0,383,25,2,1,50,65,1,251,21,383,65
BERNALILLO124,47,105,0,1,1,1,3,1,0,251,11,0,0,34,37,0,152,7,251,37
BERNALILLO125,84,128,0,0,4,1,1,11,1,307,8,1,2,35,68,3,212,17,307,68
BERNALILLO127,121,141,6,1,13,1,9,102,2,598,12,1,27,135,602,0,262,132,598,602
BERNALILLO128,64,82,3,1,9,1,9,59,0,246,11,1,6,82,277,1,146,82,246,277
BERNALILLO129,47,54,0,1,4,1,5,46,0,217,3,1,4,56,234,0,101,57,217,234
BERNALILLO13,149,104,3,2,6,5,12,45,1,348,2,0,2,89,166,0,253,73,348,166
BERNALILLO131,38,65,2,2,2,1,1,8,1,179,9,0,0,20,47,1,103,16,179,47
BERNALILLO132,38,98,1,0,0,0,5,4,0,255,21,1,2,32,54,4,136,10,255,54
BERNALILLO133,44,55,0,1,0,0,1,5,1,202,5,2,2,22,42,1,99,7,202,42
BERNALILLO134,200,227,4,5,20,2,12,108,2,870,19,0,12,212,577,3,427,151,870,577
BERNALILLO135,79,90,0,0,3,0,1,9,0,295,14,0,0,27,56,4,169,13,295,56
BERNALILLO136,114,103,2,3,13,0,3,35,1,487,8,2,1,100,231,0,217,56,487,231
BERNALILLO137,43,74,2,6,10,2,1,12,0,293,5,0,3,60,154,0,117,33,293,154
BERNALILLO138,95,74,1,0,5,0,4,33,1,443,10,1,2,85,168,2,169,43,443,168
BERNALILLO139,79,44,0,0,3,1,1,16,0,220,6,0,0,25,114,0,123,21,220,114
BERNALILLO14,71,93,1,4,5,0,5,42,0,317,12,0,3,68,186,4,164,57,317,186
BERNALILLO140,52,63,0,1,4,0,0,21,0,305,2,1,2,54,131,0,115,26,305,131
BERNALILLO141,73,66,2,1,11,1,0,35,2,346,6,0,6,57,159,2,139,50,346,159
BERNALILLO142,104,102,1,3,8,0,4,37,2,490,11,0,6,88,243,1,206,53,490,243
BERNALILLO143,40,40,3,0,3,0,1,8,0,226,4,0,0,32,81,0,80,15,226,81
BERNALILLO144,77,61,1,0,5,0,1,34,0,317,7,0,1,78,202,1,138,41,317,202
BERNALILLO15,85,74,2,3,6,2,11,53,1,340,8,0,1,75,246,0,159,77,340,246
BERNALILLO150,243,156,3,2,4,5,26,45,0,596,11,1,2,97,189,0,399,85,596,189
BERNALILLO151,136,138,2,2,3,2,1,21,0,409,11,1,2,56,118,2,274,31,409,118
BERNALILLO152,117,116,3,1,4,1,6,17,0,337,6,0,2,44,105,0,233,32,337,105
BERNALILLO153,108,118,1,2,7,2,2,24,0,334,15,1,4,47,131,2,226,38,334,131
BERNALILLO154,212,169,4,1,5,2,6,28,1,681,15,0,5,87,205,4,381,46,681,205
BERNALILLO16,58,78,0,4,5,1,3,34,1,246,9,0,1,57,148,0,136,47,246,148
BERNALILLO161,42,47,0,2,3,1,2,10,2,214,5,0,0,40,69,2,89,18,214,69
BERNALILLO162,115,152,3,3,1,4,3,14,1,445,15,0,2,52,92,1,267,28,445,92
BERNALILLO163,56,64,1,3,4,1,0,13,0,212,12,0,0,36,46,0,120,22,212,46
BERNALILLO164,53,97,0,0,2,0,3,14,0,247,7,1,2,20,69,3,150,19,247,69
BERNALILLO165,77,120,2,0,4,1,1,17,1,291,13,0,0,24,40,1,197,25,291,40
BERNALILLO166,59,117,2,0,6,0,3,8,0,234,19,0,0,26,39,1,176,19,234,39
BERNALILLO17,137,148,2,7,11,3,4,48,3,422,12,0,1,95,246,4,285,75,422,246
BERNALILLO170,101,130,3,4,11,0,6,88,0,506,9,0,4,134,429,0,231,112,506,429
BERNALILLO171,110,105,3,1,15,1,10,86,2,498,8,0,6,112,381,2,215,116,498,381
BERNALILLO18,126,104,4,1,8,0,6,36,0,415,6,0,2,53,217,0,230,55,415,217
BERNALILLO180,66,58,0,1,4,1,7,26,0,190,5,0,2,30,77,1,124,39,190,77
BERNALILLO181,213,156,0,3,5,2,8,37,0,591,12,0,2,63,164,0,369,55,591,164
BERNALILLO182,80,64,2,1,12,2,3,12,1,238,5,0,1,46,112,2,144,32,238,112
BERNALILLO183,159,178,2,3,9,1,4,42,0,479,11,0,0,76,184,0,337,61,479,184
BERNALILLO184,104,86,4,4,3,0,6,23,0,291,6,0,4,30,95,0,190,40,291,95
BERNALILLO185,222,176,5,0,14,1,12,42,2,626,15,0,3,56,201,0,398,74,626,201
BERNALILLO186,144,130,3,1,11,1,3,21,1,485,5,1,4,59,171,1,274,40,485,171
BERNALILLO187,145,108,1,1,4,0,3,28,0,416,11,0,4,47,118,1,253,37,416,118
BERNALILLO19,135,135,6,12,25,3,19,132,1,565,12,0,14,144,604,3,270,197,565,604
BERNALILLO191,70,75,2,3,9,0,1,19,0,222,5,1,7,33,89,1,145,34,222,89
BERNALILLO192,80,92,0,1,3,0,0,19,0,288,7,0,1,36,74,2,172,23,288,74
BERNALILLO193,58,98,4,0,2,1,1,26,0,270,12,0,0,44,102,0,156,34,270,102
BERNALILLO194,83,78,0,3,2,0,3,20,1,303,6,0,1,40,119,0,161,28,303,119
BERNALILLO195,64,73,2,1,4,0,0,13,0,209,4,0,0,34,70,0,137,20,209,70
BERNALILLO196,39,37,4,1,5,0,3,10,0,176,6,0,0,30,68,1,76,23,176,68
BERNALILLO197,66,78,1,0,3,1,0,16,2,304,13,0,2,34,99,0,144,21,304,99
BERNALILLO2,65,66,3,2,13,1,8,57,0,288,3,0,11,52,270,0,131,84,288,270
BERNALILLO20,164,113,2,3,16,0,10,93,1,486,11,1,14,89,381,0,277,124,486,381
BERNALILLO21,191,161,5,5,23,3,12,110,6,653,13,0,11,134,506,0,352,158,653,506
BERNALILLO211,38,35,1,1,2,0,0,8,0,173,7,0,1,26,40,2,73,12,173,40
BERNALILLO212,76,62,0,0,0,1,0,9,0,267,15,0,0,46,46,2,138,10,267,46
BERNALILLO214,49,109,3,0,2,0,1,7,1,280,11,0,1,24,45,2,158,13,280,45
BERNALILLO215,29,92,0,1,1,0,2,4,2,218,19,1,3,39,39,1,121,8,218,39
BERNALILLO216,81,71,1,0,3,0,5,16,0,279,4,1,2,50,76,0,152,25,279,76
BERNALILLO217,17,14,0,0,0,0,0,4,0,60,1,0,0,5,17,0,31,4,60,17
BERNALILLO22,81,86,3,5,12,3,11,80,2,317,10,0,12,93,278,0,167,114,317,278
BERNALILLO221,90,149,1,0,1,2,0,11,2,427,10,0,6,48,80,4,239,15,427,80
BERNALILLO223,27,95,0,0,1,0,1,1,1,208,18,1,0,31,19,5,122,3,208,19
BERNALILLO224,33,63,0,0,0,0,1,6,0,176,14,1,2,12,32,2,96,7,176,32
BERNALILLO225,23,33,0,2,0,0,0,2,0,91,6,1,0,10,17,0,56,4,91,17
BERNALILLO226,42,44,0,0,2,0,0,1,0,163,3,0,1,25,22,0,86,3,163,22
BERNALILLO23,140,114,1,5,18,1,8,66,4,453,11,0,1,107,353,0,254,99,453,353
BERNALILLO24,175,182,2,3,25,1,12,102,5,653,11,1,8,158,498,3,357,145,653,498
BERNALILLO241,26,112,0,2,2,0,1,8,0,228,18,0,2,29,35,4,138,13,228,35
BERNALILLO242,38,156,1,0,1,0,0,5,2,282,9,2,0,26,33,7,194,7,282,33
BERNALILLO243,35,182,1,0,1,1,4,4,0,342,12,0,0,48,47,2,217,11,342,47
BERNALILLO244,109,169,1,2,2,1,3,21,0,455,23,0,1,40,64,2,278,30,455,64
BERNALILLO245,73,143,0,2,0,0,1,7,0,331,20,1,1,21,45,1,216,10,331,45
BERNALILLO246,27,52,1,1,2,0,0,4,0,183,8,0,2,31,33,4,79,8,183,33
BERNALILLO25,144,133,4,6,19,4,13,96,1,574,7,1,10,125,471,0,277,142,574,471
BERNALILLO251,74,98,1,0,0,0,1,12,0,280,7,0,1,15,49,1,172,14,280,49
BERNALILLO252,101,83,2,0,2,1,5,15,0,321,3,0,0,37,54,0,184,25,321,54
BERNALILLO253,115,156,1,1,5,0,2,27,0,490,12,0,1,39,115,3,271,36,490,115
BERNALILLO254,115,157,0,2,3,1,12,16,0,442,11,0,1,47,101,3,272,34,442,101
BERNALILLO255,107,172,2,0,3,1,2,19,2,443,18,1,1,48,98,2,279,27,443,98
BERNALILLO256,95,140,2,0,2,1,3,11,0,351,12,0,2,21,62,0,235,19,351,62
BERNALILLO257,0,0,0,0,0,0,0,0,0,0,0,0,0,0,0,0,0,0,0,0
BERNALILLO258,7,18,1,0,5,0,3,38,2,99,2,0,15,44,174,0,25,47,99,174
BERNALILLO26,163,149,2,3,5,3,4,88,0,551,13,0,7,123,327,0,312,105,551,327
BERNALILLO27,83,87,3,1,6,0,2,31,0,361,9,0,3,73,157,3,170,43,361,157
BERNALILLO271,75,154,1,0,7,1,4,15,1,336,14,0,2,43,93,2,229,28,336,93
BERNALILLO272,88,116,0,0,2,1,5,15,0,341,21,0,1,29,54,1,204,23,341,54
BERNALILLO273,112,114,2,4,5,1,3,27,0,409,11,0,3,54,116,1,226,42,409,116
BERNALILLO274,73,109,1,1,4,2,2,15,2,298,11,0,0,23,47,1,182,25,298,47
BERNALILLO275,68,106,1,1,8,0,1,28,1,390,18,1,1,72,171,3,174,39,390,171
BERNALILLO278,43,50,2,0,7,2,0,32,3,169,4,0,2,35,116,0,93,43,169,116
BERNALILLO28,56,67,0,0,8,1,3,17,1,258,7,0,4,57,129,0,123,29,258,129
BERNALILLO281,54,74,1,3,1,0,0,6,0,212,7,1,1,33,58,1,128,11,212,58
BERNALILLO282,84,90,2,0,6,2,5,23,0,332,6,0,1,56,140,6,174,38,332,140
BERNALILLO283,32,50,0,0,2,1,0,12,0,151,3,0,1,20,51,1,82,15,151,51
BERNALILLO284,62,71,3,1,5,2,6,14,2,230,7,0,1,35,113,0,133,31,230,113
BERNALILLO285,43,50,1,2,9,0,2,16,5,193,6,0,0,37,87,3,93,30,193,87
BERNALILLO286,72,86,3,2,10,2,0,30,3,385,15,0,3,87,164,6,158,47,385,164
BERNALILLO287,39,58,2,0,2,0,1,10,1,198,5,2,3,35,77,3,97,15,198,77
BERNALILLO289,214,161,17,18,42,4,45,244,10,848,3,4,29,218,899,3,375,370,848,899
BERNALILLO29,78,83,4,2,5,2,2,54,2,356,7,0,2,73,207,1,161,69,356,207
BERNALILLO290,52,23,7,3,11,2,15,69,0,120,1,0,2,40,165,0,75,107,120,165
BERNALILLO291,59,62,3,3,3,2,3,31,1,211,6,1,3,74,177,0,121,45,211,177
BERNALILLO292,113,140,4,4,14,3,12,91,1,494,13,2,11,112,392,1,253,128,494,392
BERNALILLO293,107,83,5,2,5,2,3,49,1,379,7,1,5,103,207,1,190,66,379,207
BERNALILLO294,54,54,9,3,17,4,32,123,0,218,2,1,5,70,323,0,108,188,218,323
BERNALILLO295,67,56,1,2,8,0,15,75,0,233,5,1,8,61,259,0,123,101,233,259
BERNALILLO296,43,38,2,2,8,0,4,36,3,175,3,0,3,37,131,0,81,52,175,131
BERNALILLO297,86,100,3,2,9,1,5,55,0,343,11,1,3,79,251,2,186,75,343,251
BERNALILLO298,80,88,3,5,13,1,6,37,1,362,5,0,1,91,252,1,168,65,362,252
BERNALILLO299,78,99,6,1,15,2,17,77,0,345,15,0,8,94,290,0,177,118,345,290
BERNALILLO3,86,95,2,2,14,0,4,66,0,381,20,0,9,86,352,1,181,88,381,352
BERNALILLO30,292,168,9,4,25,4,33,165,0,870,25,1,8,148,624,3,460,240,870,624
BERNALILLO300,40,40,3,0,8,2,3,24,3,164,6,0,5,62,143,1,80,40,164,143
BERNALILLO301,71,51,4,2,14,3,7,41,0,246,7,0,9,61,226,1,122,71,246,226
BERNALILLO302,178,150,7,9,33,1,40,173,4,613,13,0,7,158,619,1,328,263,613,619
BERNALILLO303,56,40,2,2,7,1,5,33,1,184,7,0,2,34,114,1,96,50,184,114
BERNALILLO304,59,46,2,2,7,2,10,37,1,202,2,0,2,41,175,0,105,60,202,175
BERNALILLO305,62,84,5,1,6,0,5,37,1,299,7,1,5,63,155,0,146,54,299,155
BERNALILLO306,43,52,2,2,5,1,4,33,1,151,3,1,3,51,152,0,95,47,151,152
BERNALILLO307,73,63,0,0,14,0,11,52,1,265,6,0,1,63,219,0,136,77,265,219
BERNALILLO308,53,45,2,3,11,3,4,46,0,179,1,0,8,54,174,1,98,69,179,174
BERNALILLO31,90,58,1,1,1,0,0,17,0,346,13,1,2,55,64,3,148,20,346,64
BERNALILLO311,48,97,1,0,4,2,5,25,0,269,9,0,8,31,94,3,145,37,269,94
BERNALILLO312,56,133,0,0,3,0,3,21,1,319,8,1,3,40,85,5,189,27,319,85
BERNALILLO313,36,58,2,1,0,1,0,14,0,171,10,0,0,25,68,3,94,18,171,68
BERNALILLO314,71,98,0,2,7,1,8,23,1,244,9,0,2,41,163,0,169,41,244,163
BERNALILLO315,48,70,2,0,7,2,10,29,0,212,5,0,4,51,140,2,118,50,212,140
BERNALILLO316,92,79,5,2,12,1,8,45,1,263,6,0,6,50,172,0,171,73,263,172
BERNALILLO317,45,67,2,3,7,1,2,36,0,197,8,0,1,42,101,0,112,51,197,101
BERNALILLO318,51,49,0,0,3,1,0,16,2,293,4,0,1,49,114,0,100,20,293,114
BERNALILLO32,90,88,3,0,1,0,1,25,0,381,8,0,2,70,145,3,178,30,381,145
BERNALILLO321,46,63,1,3,3,0,1,11,0,199,0,0,2,40,69,2,109,19,199,69
BERNALILLO322,33,56,1,0,2,0,2,14,0,150,7,1,0,27,66,0,89,19,150,66
BERNALILLO323,36,66,2,0,2,2,3,18,0,252,7,1,0,41,101,3,102,27,252,101
BERNALILLO324,139,129,5,9,16,3,12,102,5,527,15,0,22,104,387,0,268,147,527,387
BERNALILLO326,64,61,1,2,7,0,2,17,0,248,2,0,3,51,80,1,125,29,248,80
BERNALILLO327,45,63,2,4,7,0,2,30,2,266,5,0,3,53,163,0,108,45,266,163
BERNALILLO328,116,134,7,6,16,2,20,125,2,489,12,2,13,123,437,1,250,176,489,437
BERNALILLO329,48,52,2,0,4,0,0,20,0,212,5,0,1,46,132,0,100,26,212,132
BERNALILLO33,162,84,1,2,5,1,1,18,1,503,4,2,1,73,143,2,246,28,503,143
BERNALILLO330,28,39,3,0,3,0,2,27,0,160,10,0,4,38,100,0,67,35,160,100
BERNALILLO331,25,49,0,1,5,1,0,15,0,190,3,0,4,30,77,0,74,22,190,77
BERNALILLO332,71,90,0,2,9,2,5,55,0,239,5,1,3,70,207,2,161,73,239,207
BERNALILLO333,103,78,8,6,27,2,34,149,0,364,5,0,9,97,436,1,181,226,364,436
BERNALILLO34,68,30,0,0,1,0,0,10,2,219,5,0,2,30,88,1,98,11,219,88
BERNALILLO341,88,102,2,0,3,0,7,23,1,294,14,0,0,19,72,0,190,35,294,72
BERNALILLO342,32,97,0,1,1,0,2,5,0,209,10,0,1,22,25,2,129,9,209,25
BERNALILLO343,92,154,1,1,2,2,6,13,1,347,13,0,2,43,59,1,246,25,347,59
BERNALILLO344,124,165,5,2,2,0,7,30,1,451,14,0,1,65,118,1,289,46,451,118
BERNALILLO345,130,163,3,7,9,1,11,27,0,544,14,0,9,93,146,5,293,58,544,146
BERNALILLO346,32,60,2,1,4,1,0,19,0,200,9,1,2,52,109,1,92,27,200,109
BERNALILLO347,48,76,1,0,8,0,2,31,1,231,6,0,0,58,152,0,124,42,231,152
BERNALILLO35,58,56,1,1,9,1,2,25,0,215,9,0,0,37,104,0,114,39,215,104
BERNALILLO351,78,100,0,2,2,1,4,3,0,271,7,0,2,29,29,0,178,12,271,29
BERNALILLO352,105,116,0,2,2,3,2,17,0,353,10,1,0,27,68,2,221,26,353,68
BERNALILLO353,53,90,0,0,2,0,0,4,0,205,8,0,1,18,22,2,143,6,205,22
BERNALILLO354,94,110,1,1,3,2,6,18,0,332,7,0,5,30,56,0,204,31,332,56
BERNALILLO355,122,142,1,0,2,1,1,6,0,407,6,1,2,25,42,1,264,11,407,42
BERNALILLO356,84,121,1,1,2,1,7,7,0,324,9,0,2,26,46,3,205,19,324,46
BERNALILLO357,52,92,2,2,0,0,8,4,0,216,8,0,1,18,23,0,144,16,216,23
BERNALILLO358,11,78,0,0,2,1,1,3,2,277,14,0,5,60,80,2,89,7,277,80
BERNALILLO36,104,90,4,0,4,0,1,20,0,319,9,0,0,40,104,1,194,29,319,104
BERNALILLO37,192,106,1,2,13,3,5,44,2,447,3,0,3,67,220,1,298,68,447,220
BERNALILLO371,124,132,3,1,5,3,13,37,0,416,7,0,4,53,138,0,256,62,416,138
BERNALILLO372,37,85,0,1,5,1,3,15,0,193,8,0,5,32,68,0,122,25,193,68
BERNALILLO373,49,56,1,2,7,1,3,24,2,204,6,0,6,36,83,0,105,38,204,83
BERNALILLO374,92,82,3,1,1,1,8,13,0,259,13,0,3,35,76,3,174,27,259,76
BERNALILLO375,141,155,5,0,4,3,10,38,0,508,14,1,3,77,178,1,296,60,508,178
BERNALILLO38,173,94,2,1,3,2,3,36,1,527,9,4,2,96,220,2,267,47,527,220
BERNALILLO381,88,113,2,1,2,0,1,7,0,312,12,0,0,25,35,1,201,13,312,35
BERNALILLO382,71,99,2,1,3,0,3,14,1,252,6,0,1,23,64,0,170,23,252,64
BERNALILLO383,51,147,0,0,0,2,3,7,0,306,15,0,0,31,62,3,198,12,306,62
BERNALILLO384,85,121,1,3,1,0,5,28,0,343,16,1,3,43,94,0,206,38,343,94
BERNALILLO385,89,95,2,2,3,0,4,11,0,307,9,0,2,39,63,1,184,22,307,63
BERNALILLO386,74,103,2,0,2,0,5,8,0,236,16,0,3,29,39,1,177,17,236,39
BERNALILLO387,92,104,0,0,1,1,3,15,1,274,4,0,0,30,67,3,196,20,274,67
BERNALILLO39,157,104,1,2,9,5,10,55,0,441,9,1,3,86,214,0,261,82,441,214
BERNALILLO4,107,85,5,5,8,1,21,66,0,290,7,0,7,66,202,0,192,106,290,202
BERNALILLO40,90,72,2,1,4,0,1,30,1,324,5,0,1,53,151,1,162,38,324,151
BERNALILLO400,30,52,2,0,6,0,2,20,2,136,6,0,2,36,95,1,82,30,136,95
BERNALILLO401,70,68,5,1,6,0,6,40,0,249,10,1,2,64,144,0,138,58,249,144
BERNALILLO402,69,78,6,5,11,2,6,46,1,236,5,0,10,59,165,1,147,76,236,165
BERNALILLO403,55,83,0,1,1,1,4,26,1,216,8,0,1,40,120,1,138,33,216,120
BERNALILLO404,99,90,3,3,11,1,6,48,5,286,5,0,2,63,199,2,189,72,286,199
BERNALILLO405,73,74,1,4,2,2,0,28,0,268,12,0,3,43,132,0,147,37,268,132
BERNALILLO406,42,56,1,0,11,0,8,20,1,181,5,0,5,38,108,0,98,40,181,108
BERNALILLO407,101,81,6,2,15,0,5,73,0,325,1,0,4,81,282,1,182,101,325,282
BERNALILLO408,58,55,4,2,9,4,11,63,0,194,4,0,5,63,194,0,113,93,194,194
BERNALILLO409,75,113,3,2,6,1,13,42,0,436,17,1,11,102,246,1,188,67,436,246
BERNALILLO41,137,93,3,2,12,1,4,38,3,509,6,1,1,91,231,0,230,60,509,231
BERNALILLO410,63,50,3,4,8,1,5,51,0,216,4,0,0,54,209,0,113,72,216,209
BERNALILLO411,60,98,4,1,8,0,7,20,1,293,15,0,1,50,129,1,158,40,293,129
BERNALILLO412,26,40,1,1,1,1,0,11,1,120,2,0,0,32,42,1,66,15,120,42
BERNALILLO413,74,106,6,1,5,1,7,42,0,342,15,0,2,68,165,2,180,62,342,165
BERNALILLO414,31,52,0,2,3,0,1,24,0,140,2,0,2,35,94,0,83,30,140,94
BERNALILLO415,39,38,0,1,4,0,8,27,1,132,1,0,4,37,109,0,77,40,132,109
BERNALILLO416,52,66,3,2,6,2,4,20,0,204,7,0,1,49,109,1,118,37,204,109
BERNALILLO417,65,76,5,0,4,1,13,19,1,260,12,0,2,57,126,1,141,42,260,126
BERNALILLO418,45,42,1,2,3,0,6,36,0,209,4,1,6,49,175,0,87,48,209,175
BERNALILLO419,148,110,3,3,24,4,15,115,2,370,6,0,10,96,343,3,258,164,370,343
BERNALILLO42,85,71,2,1,7,0,0,14,1,273,6,0,3,63,123,1,156,24,273,123
BERNALILLO420,101,105,1,0,11,2,5,65,1,384,10,0,7,102,284,1,206,84,384,284
BERNALILLO421,60,90,2,8,6,2,11,62,2,277,10,0,4,64,253,1,150,91,277,253
BERNALILLO422,148,142,5,3,22,5,12,137,1,602,10,0,17,147,630,2,290,184,602,630
BERNALILLO423,161,129,7,10,14,6,27,181,0,676,12,1,22,158,734,3,290,245,676,734
BERNALILLO424,157,130,4,4,25,8,28,184,0,698,13,0,19,186,822,1,287,253,698,822
BERNALILLO425,141,90,7,5,14,3,26,128,2,524,5,1,18,127,547,0,231,183,524,547
BERNALILLO426,99,89,7,4,15,3,28,99,0,376,8,0,19,110,367,0,188,156,376,367
BERNALILLO427,210,129,15,9,39,4,36,135,6,671,11,0,23,158,698,1,339,238,671,698
BERNALILLO428,84,56,1,1,5,1,9,76,0,314,8,1,6,40,242,1,140,93,314,242
BERNALILLO429,128,77,10,3,14,1,30,91,4,446,14,0,17,102,369,0,205,149,446,369
BERNALILLO43,76,60,2,2,2,0,5,34,2,389,2,0,0,55,167,0,136,45,389,167
BERNALILLO430,53,58,6,3,13,0,10,65,0,253,3,0,17,78,269,0,111,97,253,269
BERNALILLO431,52,71,2,2,4,0,7,28,1,215,7,0,2,53,119,1,123,43,215,119
BERNALILLO432,72,102,1,1,3,2,6,36,0,317,10,0,2,58,185,3,174,49,317,185
BERNALILLO433,55,48,2,0,5,0,3,27,0,195,12,1,2,45,121,0,103,37,195,121
BERNALILLO434,44,46,1,2,6,0,6,14,1,168,2,2,1,47,74,0,90,29,168,74
BERNALILLO435,63,88,5,0,10,1,1,47,0,303,1,1,4,46,201,2,151,64,303,201
BERNALILLO436,69,50,1,3,4,0,3,30,0,204,7,1,3,50,127,0,119,41,204,127
BERNALILLO437,37,49,3,0,7,1,2,17,0,140,5,1,1,34,65,0,86,30,140,65
BERNALILLO438,49,75,2,0,5,2,3,18,0,345,17,0,4,54,137,1,124,30,345,137
BERNALILLO439,84,111,3,4,9,3,8,34,0,389,21,1,12,96,187,1,195,61,389,187
BERNALILLO44,130,148,1,0,8,1,5,40,1,511,11,1,3,86,233,1,278,55,511,233
BERNALILLO440,39,36,2,1,4,2,6,17,0,139,1,0,0,38,99,1,75,32,139,99
BERNALILLO441,68,63,1,1,2,2,2,20,1,222,7,0,1,38,110,0,131,28,222,110
BERNALILLO442,51,89,1,0,5,2,2,17,1,253,5,0,1,40,110,0,140,27,253,110
BERNALILLO443,47,76,1,2,5,2,1,19,1,191,12,1,0,57,96,3,123,30,191,96
BERNALILLO444,43,78,1,1,2,0,4,23,0,209,5,0,1,38,105,0,121,31,209,105
BERNALILLO445,50,59,0,2,4,0,5,34,3,178,9,0,2,47,134,0,109,45,178,134
BERNALILLO446,58,59,3,1,4,4,7,26,1,210,8,0,2,56,144,1,117,45,210,144
BERNALILLO447,156,107,9,6,38,4,30,224,0,621,7,0,21,209,975,0,263,311,621,975
BERNALILLO448,126,91,7,11,22,2,14,86,0,483,8,0,11,120,406,1,217,142,483,406
BERNALILLO449,81,109,5,3,7,1,7,48,3,421,11,0,12,91,236,1,190,71,421,236
BERNALILLO45,92,48,1,0,5,1,0,25,0,228,3,0,0,44,119,1,140,32,228,119
BERNALILLO450,44,45,7,2,10,2,9,60,0,188,3,0,4,38,191,0,89,90,188,191
BERNALILLO451,40,48,2,1,3,1,4,26,1,227,8,1,6,44,135,0,88,37,227,135
BERNALILLO452,48,65,1,1,5,0,5,44,0,196,6,0,2,53,155,0,113,56,196,155
BERNALILLO453,98,140,3,4,7,1,6,47,1,493,18,0,6,99,301,2,238,68,493,301
BERNALILLO454,82,78,5,3,22,1,6,98,1,331,5,1,12,92,321,0,160,135,331,321
BERNALILLO455,274,213,6,8,32,1,16,168,2,938,15,0,26,219,773,1,487,231,938,773
BERNALILLO456,93,103,6,7,16,6,9,83,1,416,15,1,13,100,420,1,196,127,416,420
BERNALILLO46,152,111,2,0,4,0,2,23,2,411,14,2,0,56,177,1,263,31,411,177
BERNALILLO461,38,48,2,2,4,0,9,37,0,174,1,0,3,47,132,0,86,54,174,132
BERNALILLO462,47,43,1,4,2,1,5,28,0,172,10,0,3,40,113,1,90,41,172,113
BERNALILLO463,33,50,2,3,6,0,3,36,1,167,5,0,4,44,153,0,83,50,167,153
BERNALILLO464,27,59,0,1,4,2,1,27,0,136,8,0,3,44,108,0,86,35,136,108
BERNALILLO465,82,100,1,2,10,0,6,61,1,358,13,0,2,64,226,3,182,80,358,226
BERNALILLO466,49,62,2,5,7,1,2,39,2,202,4,0,12,55,206,1,111,56,202,206
BERNALILLO47,53,40,0,1,1,0,2,8,0,151,5,0,0,16,70,1,93,12,151,70
BERNALILLO471,52,75,4,3,4,0,16,58,2,186,6,0,3,51,165,1,127,85,186,165
BERNALILLO472,39,42,3,2,7,1,5,35,1,135,4,0,1,49,157,1,81,53,135,157
BERNALILLO473,58,45,2,1,10,0,4,33,2,182,7,2,0,48,101,3,103,50,182,101
BERNALILLO474,39,28,0,3,4,0,3,24,0,130,4,1,5,30,114,0,67,34,130,114
BERNALILLO475,52,85,3,2,9,1,4,36,0,267,5,0,4,70,167,1,137,55,267,167
BERNALILLO476,69,81,1,2,13,3,7,56,4,228,14,0,5,82,249,0,150,82,228,249
BERNALILLO477,104,81,0,4,9,3,3,33,1,381,11,2,3,76,165,2,185,52,381,165
BERNALILLO478,85,78,5,3,9,1,3,31,5,310,8,1,2,74,178,0,163,52,310,178
BERNALILLO48,118,113,3,0,11,0,2,26,1,434,5,1,1,80,156,2,231,42,434,156
BERNALILLO480,73,93,4,2,15,2,7,80,1,301,5,0,8,66,289,0,166,110,301,289
BERNALILLO481,26,33,1,1,2,1,5,17,0,151,8,0,2,41,87,2,59,27,151,87
BERNALILLO482,74,58,9,1,10,3,27,88,0,253,3,1,8,72,300,0,132,138,253,300
BERNALILLO483,77,73,3,9,13,1,10,65,4,335,12,1,5,94,336,0,150,101,335,336
BERNALILLO484,70,60,3,2,9,1,10,41,0,255,11,0,7,61,166,1,130,66,255,166
BERNALILLO485,83,53,3,3,17,4,13,71,1,282,3,0,10,76,279,0,136,111,282,279
BERNALILLO486,90,85,4,1,24,2,13,81,3,329,9,0,14,102,305,0,175,125,329,305
BERNALILLO487,91,50,3,3,6,1,6,52,0,270,3,0,3,58,241,0,141,71,270,241
BERNALILLO488,93,63,6,1,15,3,14,88,1,267,1,0,4,69,261,0,156,127,267,261
BERNALILLO489,94,62,1,3,21,2,8,64,2,313,3,0,14,93,305,0,156,99,313,305
BERNALILLO49,101,92,3,2,9,0,0,19,0,603,13,0,4,74,160,2,193,33,603,160
BERNALILLO490,61,49,6,2,14,4,9,71,1,213,6,0,6,67,307,1,110,106,213,307
BERNALILLO491,40,60,4,1,5,2,6,32,3,164,3,0,9,43,141,0,100,50,164,141
BERNALILLO492,45,55,5,6,7,1,4,37,0,154,4,0,1,37,136,0,100,60,154,136
BERNALILLO493,53,72,2,4,6,1,8,42,1,215,7,0,3,63,204,0,125,63,215,204
BERNALILLO494,46,58,4,1,16,0,15,34,1,188,6,0,6,54,156,0,104,70,188,156
BERNALILLO495,66,85,7,4,11,0,14,42,1,290,10,0,6,81,227,0,151,78,290,227
BERNALILLO496,46,60,8,1,14,3,10,40,0,164,9,0,8,51,174,0,106,76,164,174
BERNALILLO497,66,79,4,4,7,0,12,35,0,236,5,0,3,71,179,0,145,62,236,179
BERNALILLO498,78,84,3,3,9,0,12,37,3,316,8,0,9,63,196,1,162,64,316,196
BERNALILLO499,69,51,0,5,5,0,8,53,5,245,2,0,4,60,209,0,120,71,245,209
BERNALILLO5,95,94,4,1,3,0,7,33,1,302,3,0,3,35,183,0,189,48,302,183
BERNALILLO50,149,159,3,1,12,0,5,59,1,686,9,2,1,121,289,0,308,80,686,289
BERNALILLO500,83,72,2,4,17,6,20,83,0,291,0,0,6,67,305,2,155,132,291,305
BERNALILLO502,78,98,3,4,6,2,3,36,1,282,11,0,9,87,198,2,176,54,282,198
BERNALILLO503,30,67,1,5,3,2,2,19,0,177,6,0,3,54,127,0,97,32,177,127
BERNALILLO504,37,52,2,6,6,1,4,25,0,175,9,0,1,61,117,1,89,44,175,117
BERNALILLO505,41,55,4,3,14,1,3,37,1,184,5,0,2,74,159,0,96,62,184,159
BERNALILLO506,36,59,1,2,6,2,6,36,4,172,10,0,1,53,134,0,95,53,172,134
BERNALILLO507,44,44,3,6,12,0,13,37,4,172,2,0,1,52,175,0,88,71,172,175
BERNALILLO508,36,50,2,4,5,0,3,31,0,158,5,0,1,46,144,0,86,45,158,144
BERNALILLO509,38,42,1,3,2,1,0,26,0,123,4,0,2,42,91,0,80,33,123,91
BERNALILLO51,105,51,3,1,3,1,1,14,1,364,2,0,1,37,85,2,156,23,364,85
BERNALILLO510,78,79,2,2,16,0,5,49,2,294,8,0,5,95,258,1,157,74,294,258
BERNALILLO511,66,62,1,2,14,2,5,61,1,232,2,0,0,82,259,0,128,85,232,259
BERNALILLO512,79,60,4,9,11,3,14,63,0,310,4,0,10,79,267,0,139,104,310,267
BERNALILLO513,90,92,7,4,19,3,23,90,5,368,4,1,13,95,352,2,182,146,368,352
BERNALILLO514,68,78,3,4,14,1,5,49,2,269,10,0,5,93,268,0,146,76,269,268
BERNALILLO515,47,44,3,2,11,2,13,46,2,195,0,1,5,57,215,0,91,77,195,215
BERNALILLO516,67,109,5,5,18,2,18,63,2,350,11,0,11,121,296,0,176,111,350,296
BERNALILLO517,29,48,4,6,10,2,16,55,2,173,5,0,9,64,223,0,77,93,173,223
BERNALILLO518,53,76,6,5,16,3,13,65,0,279,3,0,7,93,292,0,129,108,279,292
BERNALILLO519,26,33,2,3,4,1,2,27,1,125,4,0,3,52,137,0,59,39,125,137
BERNALILLO52,165,185,2,2,13,1,3,54,1,732,14,1,8,152,335,1,350,75,732,335
BERNALILLO520,111,92,4,5,9,2,25,85,1,402,5,0,8,85,372,0,203,130,402,372
BERNALILLO521,57,86,3,5,13,3,11,68,1,279,10,0,9,82,260,0,143,103,279,260
BERNALILLO522,95,106,4,4,16,6,20,113,0,416,6,0,14,108,398,1,201,163,416,398
BERNALILLO523,76,88,4,5,9,2,18,52,0,233,7,0,3,73,223,0,164,90,233,223
BERNALILLO524,25,37,4,3,5,2,8,46,1,112,3,0,5,47,127,0,62,68,112,127
BERNALILLO525,51,75,1,4,13,1,6,46,0,282,13,0,3,87,222,1,126,71,282,222
BERNALILLO526,71,79,3,3,9,2,16,88,3,294,8,0,7,72,312,0,150,121,294,312
BERNALILLO527,21,23,4,0,9,1,8,36,0,82,0,1,1,32,135,0,44,58,82,135
BERNALILLO528,34,26,3,2,5,0,9,41,0,105,2,0,5,42,146,0,60,60,105,146
BERNALILLO529,91,92,2,7,23,3,11,96,2,414,12,0,5,106,374,1,183,142,414,374
BERNALILLO53,67,55,0,2,6,0,2,12,5,256,2,0,4,35,105,0,122,22,256,105
BERNALILLO530,78,107,11,2,10,2,14,62,0,363,7,0,5,72,274,2,185,101,363,274
BERNALILLO531,48,58,1,2,1,1,1,22,1,216,9,1,4,76,140,0,106,28,216,140
BERNALILLO532,44,76,5,2,12,1,9,36,4,227,6,0,3,68,177,2,120,65,227,177
BERNALILLO533,35,72,0,0,9,2,4,34,0,178,10,0,4,49,144,2,107,49,178,144
BERNALILLO534,65,71,5,4,9,2,2,62,2,250,6,0,7,94,239,2,136,84,250,239
BERNALILLO535,42,48,3,4,6,1,4,28,1,192,3,0,1,69,158,1,90,46,192,158
BERNALILLO536,32,36,0,1,3,0,4,20,1,140,3,0,1,44,124,0,68,28,140,124
BERNALILLO537,117,88,1,6,15,5,17,76,2,407,4,0,4,90,276,2,205,120,407,276
BERNALILLO538,95,64,7,2,8,1,21,70,2,356,5,0,11,52,258,0,159,109,356,258
BERNALILLO539,136,100,7,4,11,2,25,97,0,448,10,0,7,75,351,0,236,146,448,351
BERNALILLO54,125,138,2,3,13,2,9,64,3,631,14,1,17,135,346,1,263,93,631,346
BERNALILLO540,80,66,4,3,16,4,13,68,0,310,10,1,8,80,292,0,146,108,310,292
BERNALILLO541,130,78,7,17,38,6,31,233,6,451,5,0,9,195,964,0,208,332,451,964
BERNALILLO542,66,62,1,1,10,0,2,43,1,233,4,1,3,76,178,0,128,57,233,178
BERNALILLO543,39,51,2,1,8,0,5,35,0,170,3,0,1,58,124,0,90,51,170,124
BERNALILLO544,57,90,1,3,14,2,3,60,5,269,6,0,3,64,239,1,147,83,269,239
BERNALILLO545,66,68,1,3,9,4,14,41,2,245,11,0,6,48,205,0,134,72,245,205
BERNALILLO546,70,58,2,3,11,2,8,60,2,227,8,1,10,60,273,1,128,86,227,273
BERNALILLO547,45,55,3,1,6,1,4,42,1,251,2,0,3,61,169,0,100,57,251,169
BERNALILLO548,105,84,3,2,8,6,16,78,1,343,5,0,10,82,339,1,189,113,343,339
BERNALILLO549,77,85,3,6,15,1,18,64,2,296,12,0,6,86,277,0,162,107,296,277
BERNALILLO55,98,57,1,2,9,1,1,24,1,347,8,1,0,68,164,2,155,38,347,164
BERNALILLO550,81,65,0,1,11,0,8,49,5,251,6,0,6,58,196,0,146,69,251,196
BERNALILLO551,24,17,1,0,5,1,0,5,0,91,2,0,1,18,55,0,41,12,91,55
BERNALILLO552,85,104,3,7,24,3,5,79,3,358,9,0,6,88,367,0,189,121,358,367
BERNALILLO553,117,150,14,14,39,12,24,222,1,550,23,0,16,202,860,3,267,325,550,860
BERNALILLO554,66,55,2,1,9,0,15,48,2,204,3,2,6,47,193,1,121,75,204,193
BERNALILLO555,41,60,4,3,14,0,7,51,6,190,11,0,1,48,196,0,101,79,190,196
BERNALILLO556,34,76,6,4,16,5,8,52,1,197,1,0,10,51,186,1,110,91,197,186
BERNALILLO557,123,200,5,10,66,6,38,267,1,588,29,1,25,222,1023,3,323,392,588,1023
BERNALILLO558,32,54,6,2,5,2,9,52,1,174,6,0,3,40,191,0,86,76,174,191
BERNALILLO559,100,147,1,10,17,0,14,108,3,476,9,0,3,145,471,0,247,150,476,471
BERNALILLO56,105,82,1,1,4,0,1,38,2,369,5,1,3,68,224,0,187,45,369,224
BERNALILLO560,108,81,7,2,17,4,22,135,0,414,6,0,15,104,565,0,189,187,414,565
BERNALILLO561,79,82,5,2,19,2,21,73,0,310,7,0,10,118,317,4,161,122,310,317
BERNALILLO562,161,112,7,3,18,4,35,90,1,549,6,0,7,107,346,2,273,157,549,346
BERNALILLO563,105,71,5,6,24,4,21,101,1,329,7,0,17,107,398,0,176,161,329,398
BERNALILLO564,50,44,2,1,9,1,10,61,1,167,2,0,6,48,201,0,94,84,167,201
BERNALILLO565,66,45,5,0,8,1,11,84,2,227,4,1,7,49,248,0,111,109,227,248
BERNALILLO566,124,85,6,3,22,3,24,123,0,398,1,0,5,104,453,0,209,181,398,453
BERNALILLO567,13,7,2,1,2,2,5,10,0,44,1,0,0,11,55,0,20,22,44,55
BERNALILLO568,101,53,5,2,18,1,25,179,1,336,6,0,5,73,533,0,154,230,336,533
BERNALILLO569,196,100,9,4,30,5,36,148,0,581,3,0,9,126,465,0,296,232,581,465
BERNALILLO57,131,75,2,4,10,2,8,88,0,463,6,1,6,83,381,0,206,114,463,381
BERNALILLO570,90,97,3,9,19,1,6,99,0,318,9,0,6,92,334,1,187,137,318,334
BERNALILLO571,95,125,2,8,22,0,10,80,3,367,14,0,5,117,421,0,220,122,367,421
BERNALILLO572,42,45,0,4,9,0,2,53,0,145,2,0,2,50,171,1,87,68,145,171
BERNALILLO573,102,105,8,5,44,7,22,158,5,380,7,0,7,78,486,1,207,244,380,486
BERNALILLO58,20,20,0,1,4,0,0,9,1,93,2,0,0,13,52,2,40,14,93,52
BERNALILLO59,139,112,0,1,5,0,2,47,1,582,9,2,1,120,228,1,251,55,582,228
BERNALILLO6,158,145,4,1,20,3,14,108,2,508,8,0,11,101,377,1,303,150,508,377
BERNALILLO60,109,125,1,1,7,0,3,42,1,510,9,1,3,95,264,0,234,54,510,264
BERNALILLO601,80,49,6,4,12,0,16,87,1,275,4,1,6,87,321,0,129,125,275,321
BERNALILLO602,120,89,5,3,17,0,37,208,5,509,11,1,14,124,770,2,209,270,509,770
BERNALILLO603,289,171,12,7,27,13,56,282,2,1097,21,2,28,214,982,1,460,397,1097,982
BERNALILLO61,109,80,0,0,2,1,2,14,0,295,5,0,0,34,101,0,189,19,295,101
BERNALILLO62,80,71,1,0,5,2,3,3,2,231,5,0,1,37,70,0,151,14,231,70
BERNALILLO63,52,49,1,0,2,1,1,14,0,189,2,1,0,20,55,2,101,19,189,55
BERNALILLO64,40,51,0,0,4,0,0,9,0,131,2,0,3,24,43,0,91,13,131,43
BERNALILLO65,96,90,2,0,4,0,3,21,0,301,4,0,0,35,142,4,186,30,301,142
BERNALILLO66,94,77,0,1,9,0,2,28,1,290,2,1,0,52,137,1,171,40,290,137
BERNALILLO67,115,76,3,0,5,1,3,15,2,381,9,0,2,40,93,3,191,27,381,93
BERNALILLO68,85,124,3,7,10,0,10,110,7,490,8,1,21,130,457,1,209,140,490,457
BERNALILLO69,127,126,4,4,30,3,12,109,1,634,11,0,23,150,641,1,253,162,634,641
BERNALILLO7,192,133,4,1,8,4,9,81,0,574,8,0,5,110,389,0,325,107,574,389
BERNALILLO70,151,134,3,4,15,2,15,76,1,639,7,0,15,152,479,0,285,115,639,479
BERNALILLO71,106,96,4,0,5,0,1,29,1,411,11,1,4,50,139,2,202,39,411,139
BERNALILLO72,65,49,4,0,0,0,1,6,0,226,7,0,0,23,58,0,114,11,226,58
BERNALILLO73,163,129,0,3,17,0,4,50,1,409,7,1,7,80,269,0,292,74,409,269
BERNALILLO74,80,72,1,4,5,0,0,25,0,280,5,0,1,26,159,1,152,35,280,159
BERNALILLO75,71,42,3,1,0,1,1,11,1,183,2,0,2,25,78,1,113,17,183,78
BERNALILLO76,82,90,2,3,5,0,3,26,1,248,11,0,1,34,155,0,172,39,248,155
BERNALILLO77,84,72,1,0,5,0,0,28,0,272,10,0,1,40,157,2,156,34,272,157
BERNALILLO78,103,131,4,3,16,3,7,81,2,570,8,1,12,101,401,0,234,114,570,401
BERNALILLO79,157,99,6,5,20,4,10,143,1,582,8,0,8,138,597,1,256,188,582,597
BERNALILLO8,47,49,1,0,3,0,2,20,0,170,2,0,1,42,110,0,96,26,170,110
BERNALILLO80,106,126,3,8,17,4,7,95,3,555,20,4,11,157,509,2,232,134,555,509
BERNALILLO81,185,171,6,8,26,3,15,148,2,851,9,0,23,225,727,4,356,206,851,727
BERNALILLO82,109,98,8,5,20,2,15,101,2,406,9,1,12,129,395,2,207,151,406,395
BERNALILLO83,196,166,4,9,20,5,15,139,3,729,21,0,11,142,562,0,362,192,729,562
BERNALILLO84,106,87,0,5,21,2,4,66,1,454,16,1,8,111,432,2,193,98,454,432
BERNALILLO85,195,133,4,9,28,2,19,199,3,715,24,1,9,162,768,2,328,261,715,768
BERNALILLO86,83,72,1,3,6,0,2,49,0,276,1,0,5,70,209,2,155,61,276,209
BERNALILLO87,71,98,1,2,8,0,4,53,4,350,10,0,3,93,307,0,169,68,350,307
BERNALILLO88,54,52,1,2,6,1,3,41,0,257,3,1,3,50,148,1,106,54,257,148
BERNALILLO89,33,44,0,0,7,2,1,40,1,199,5,0,4,52,185,0,77,50,199,185
BERNALILLO9,70,73,1,6,4,2,4,45,0,250,3,0,4,66,192,2,143,62,250,192
BERNALILLO90,106,89,0,0,8,2,3,34,1,405,7,1,1,72,200,1,195,47,405,200
BERNALILLO91,163,115,4,3,19,0,1,84,2,371,3,0,3,59,321,1,278,111,371,321
BERNALILLO92,97,92,2,4,15,1,6,56,4,307,6,1,2,56,229,0,189,84,307,229
BERNALILLO93,130,97,0,0,7,0,2,19,0,464,6,0,3,106,180,3,227,28,464,180
BERNALILLO94,38,34,0,0,1,0,1,10,0,133,4,0,0,20,43,2,72,12,133,43
BERNALILLO95,52,40,0,0,0,0,0,4,0,222,3,3,0,39,31,0,92,4,222,31
BERNALILLO96,92,65,5,3,8,0,0,45,0,289,9,0,6,55,195,0,157,61,289,195
BERNALILLO97,121,129,8,3,13,5,4,60,1,400,7,0,4,101,329,3,250,93,400,329
BERNALILLO98,98,83,0,1,2,0,1,21,0,377,6,0,1,62,154,0,181,25,377,154
BERNALILLO99,118,116,0,0,8,1,5,57,0,370,5,1,3,58,274,3,234,71,370,274
CATRON1,30,36,3,3,6,1,2,79,0,76,4,0,3,28,262,0,66,94,76,262
CATRON2,20,35,1,7,13,2,4,117,3,74,6,0,3,22,339,0,55,144,74,339
CATRON3,20,40,6,6,7,1,2,74,1,90,3,0,1,17,185,0,60,96,90,185
CATRON4,20,5,0,1,9,1,1,63,0,43,0,0,1,6,163,0,25,75,43,163
CATRON5,24,56,4,5,25,1,3,137,7,124,8,1,2,31,436,0,80,175,124,436
CATRON6,2,11,1,0,8,0,2,36,1,20,2,0,1,7,79,0,13,47,20,79
CHAVES1,11,13,6,3,10,1,0,94,2,62,0,0,0,19,314,1,24,114,62,314
CHAVES10,16,13,3,3,16,0,9,195,1,71,1,0,1,30,505,0,29,226,71,505
CHAVES101,27,30,2,2,19,0,8,165,0,189,3,0,3,52,537,0,57,196,189,537
CHAVES102,35,25,3,9,18,0,3,108,0,142,1,0,3,68,376,1,60,141,142,376
CHAVES103,10,8,0,2,9,0,3,38,0,41,0,0,0,14,137,0,18,52,41,137
CHAVES104,0,2,0,1,9,0,1,33,0,1,1,0,0,2,74,0,2,44,1,74
CHAVES11,30,26,10,13,30,0,18,173,0,125,2,1,2,53,565,0,56,244,125,565
CHAVES12,5,13,6,3,13,1,2,100,1,32,4,0,3,25,284,0,18,125,32,284
CHAVES13,29,26,2,2,12,1,1,58,0,137,2,2,4,31,258,1,55,76,137,258
CHAVES14,27,25,4,5,11,2,3,44,0,134,1,0,7,45,244,0,52,69,134,244
CHAVES15,20,12,1,3,2,2,6,53,2,74,2,0,0,23,152,0,32,67,74,152
CHAVES16,17,12,2,5,14,0,3,66,0,77,1,0,0,21,180,1,29,90,77,180
CHAVES2,28,13,1,5,7,0,4,85,0,91,2,0,2,30,276,0,41,102,91,276
CHAVES21,60,29,10,9,34,2,18,211,1,181,5,1,1,52,583,0,89,284,181,583
CHAVES22,41,40,1,4,8,2,2,86,0,144,7,0,4,43,314,1,81,103,144,314
CHAVES23,21,14,1,0,9,2,1,48,0,92,1,0,1,30,180,0,35,61,92,180
CHAVES24,11,6,0,1,5,0,1,28,0,68,1,0,0,19,101,0,17,35,68,101
CHAVES25,22,20,1,1,7,0,2,22,0,80,4,0,2,21,135,0,42,33,80,135
CHAVES3,33,27,5,3,18,3,3,77,0,104,2,1,6,33,306,0,60,109,104,306
CHAVES31,16,27,1,4,3,0,2,50,2,126,1,0,3,49,213,0,43,60,126,213
CHAVES32,14,16,1,2,2,0,0,14,0,70,0,0,0,22,97,0,30,19,70,97
CHAVES33,17,26,1,2,1,0,2,38,1,106,2,0,1,30,157,1,43,44,106,157
CHAVES34,15,19,1,1,2,0,1,16,0,84,1,0,1,21,79,0,34,21,84,79
CHAVES35,25,12,4,2,10,1,3,31,1,93,3,0,2,33,170,0,37,51,93,170
CHAVES36,23,16,4,3,18,3,5,119,0,100,1,0,2,28,390,1,39,152,100,390
CHAVES4,34,21,3,6,16,0,4,72,1,110,3,0,5,32,257,0,55,101,110,257
CHAVES41,40,26,1,4,23,1,6,149,4,149,3,1,0,54,526,1,66,184,149,526
CHAVES42,15,23,1,4,5,0,0,18,0,86,1,0,0,22,95,0,38,28,86,95
CHAVES43,26,14,1,0,5,0,1,21,0,117,0,0,2,34,95,1,40,28,117,95
CHAVES44,0,3,0,0,2,0,0,13,0,3,0,0,0,0,17,0,3,15,3,17
CHAVES45,0,0,0,0,0,0,0,2,0,0,0,0,0,0,15,0,0,2,0,15
CHAVES46,0,0,0,2,1,0,2,22,1,9,0,0,2,6,79,0,0,27,9,79
CHAVES47,0,0,0,0,0,0,0,2,0,0,0,0,0,0,6,0,0,2,0,6
CHAVES5,33,33,9,13,47,2,13,269,1,194,2,1,10,60,777,0,66,353,194,777
CHAVES51,15,8,2,0,3,0,0,2,0,68,0,0,2,20,57,0,23,7,68,57
CHAVES52,26,20,0,2,10,0,1,49,1,127,0,0,0,24,188,1,46,62,127,188
CHAVES6,18,24,4,8,7,2,4,67,1,106,6,2,0,22,296,3,42,92,106,296
CHAVES61,25,10,0,1,1,0,0,5,0,95,1,2,0,22,42,0,35,7,95,42
CHAVES62,28,15,0,0,0,0,0,10,0,140,0,0,0,18,75,2,43,10,140,75
CHAVES63,65,29,1,0,6,0,5,23,2,285,1,1,5,41,172,0,94,35,285,172
CHAVES7,35,13,4,3,18,1,14,141,0,106,2,0,3,35,411,0,48,181,106,411
CHAVES71,16,9,3,7,10,1,6,63,0,58,1,0,3,18,243,0,25,90,58,243
CHAVES72,25,20,3,4,11,0,1,74,4,194,3,0,0,50,266,1,45,93,194,266
CHAVES73,10,10,0,1,10,0,1,34,0,55,0,0,0,21,165,0,20,46,55,165
CHAVES81,14,15,1,0,1,1,0,16,0,60,1,0,2,14,96,0,29,19,60,96
CHAVES82,20,28,5,3,12,0,0,35,0,100,0,0,0,38,174,1,48,55,100,174
CHAVES83,13,14,3,2,5,0,0,46,0,53,2,0,0,16,154,0,27,56,53,154
CHAVES84,34,17,2,5,10,0,3,53,0,123,0,1,2,48,254,1,51,73,123,254
CHAVES85,21,7,1,1,5,0,3,53,1,84,1,0,1,14,183,0,28,63,84,183
CHAVES9,35,20,5,6,16,2,19,175,4,124,3,0,10,39,530,0,55,223,124,530
CHAVES90,22,11,0,1,8,0,1,33,0,89,1,0,2,26,123,0,33,43,89,123
CHAVES91,37,23,0,10,9,0,10,63,1,170,2,1,3,37,303,0,60,92,170,303
CHAVES92,18,15,2,2,4,0,1,34,0,65,0,0,0,23,155,3,33,43,65,155
CHAVES93,37,29,3,2,19,0,4,94,0,159,3,0,1,50,323,1,66,122,159,323
CHAVES94,23,25,0,2,2,0,2,28,0,181,2,0,1,31,168,0,48,34,181,168
CIBOLA1,2,7,0,0,3,0,0,42,0,10,0,0,0,6,98,0,9,45,10,98
CIBOLA10,77,77,1,3,9,0,0,34,2,149,1,1,4,56,166,0,154,47,149,166
CIBOLA11,127,127,2,2,5,1,10,48,0,231,2,0,1,64,239,0,254,68,231,239
CIBOLA12,45,62,2,0,5,1,1,19,0,105,2,0,1,29,125,0,107,28,105,125
CIBOLA13,64,55,0,0,2,0,2,15,0,108,0,1,3,24,113,2,119,19,108,113
CIBOLA14,43,78,0,2,14,0,2,59,1,100,3,1,0,33,273,1,121,77,100,273
CIBOLA15,143,137,3,5,13,2,1,78,1,252,2,0,4,68,396,0,280,102,252,396
CIBOLA16,57,57,1,1,8,0,2,36,0,119,2,0,1,24,156,0,114,48,119,156
CIBOLA17,148,79,2,1,3,1,0,8,0,430,11,0,1,83,54,3,227,15,430,54
CIBOLA18,33,34,0,1,0,0,1,2,0,96,0,0,0,9,44,0,67,4,96,44
CIBOLA19,19,26,1,2,2,0,0,19,0,46,3,0,0,14,103,0,45,24,46,103
CIBOLA2,52,46,1,0,6,0,1,2,0,96,1,0,1,28,65,1,98,10,96,65
CIBOLA20,45,34,0,2,4,1,2,15,0,193,5,0,1,48,55,0,79,24,193,55
CIBOLA21,19,19,0,0,2,0,1,3,1,108,1,0,1,33,31,0,38,6,108,31
CIBOLA22,34,27,4,0,4,1,1,5,2,121,2,0,0,31,21,0,61,15,121,21
CIBOLA23,12,3,0,0,1,0,1,1,0,39,0,0,0,13,5,1,15,3,39,5
CIBOLA24,40,23,1,3,1,0,0,4,0,122,5,0,0,33,24,2,63,9,122,24
CIBOLA25,30,15,1,0,6,0,0,3,0,76,1,0,1,25,25,0,45,10,76,25
CIBOLA3,20,19,0,0,1,0,0,9,0,24,1,0,0,13,38,0,39,10,24,38
CIBOLA4,22,39,0,1,14,0,3,51,0,52,1,0,10,12,208,1,61,69,52,208
CIBOLA5,256,210,4,4,22,3,3,45,5,639,16,1,7,136,186,9,466,81,639,186
CIBOLA6,8,13,0,2,3,0,0,17,1,30,2,0,1,5,53,0,21,22,30,53
CIBOLA7,75,104,3,0,7,1,2,53,0,137,7,0,1,58,229,0,179,66,137,229
CIBOLA8,98,73,4,0,8,1,1,34,0,186,1,1,4,50,153,0,171,48,186,153
CIBOLA9,124,136,2,2,8,0,6,75,3,272,4,0,1,75,335,0,260,93,272,335
COLFAX1,99,121,4,7,18,1,18,149,2,403,20,0,6,105,561,0,220,197,403,561
COLFAX10,9,7,0,4,3,0,0,18,0,18,0,0,0,2,73,0,16,25,18,73
COLFAX11,18,25,1,3,2,0,0,11,0,50,2,0,1,17,57,0,43,17,50,57
COLFAX12,25,35,0,1,1,0,1,12,0,68,0,0,1,15,66,1,60,15,68,66
COLFAX13,20,18,0,1,2,0,0,9,0,40,0,0,4,9,33,0,38,12,40,33
COLFAX14,36,28,2,0,3,0,4,23,0,59,3,0,2,14,80,0,64,32,59,80
COLFAX15,54,48,1,4,2,3,1,35,1,96,1,0,2,25,163,0,102,46,96,163
COLFAX16,97,77,1,5,4,0,3,51,0,191,0,1,2,41,241,2,174,64,191,241
COLFAX17,59,33,0,1,3,0,1,13,1,104,0,1,0,17,76,0,92,18,104,76
COLFAX18,27,13,0,0,0,0,0,8,0,45,0,0,0,5,33,0,40,8,45,33
COLFAX19,30,8,0,0,0,1,0,3,1,50,0,0,1,8,20,0,38,4,50,20
COLFAX2,63,45,2,2,7,2,2,27,0,141,1,0,1,36,117,1,108,42,141,117
COLFAX20,68,35,0,0,4,0,1,11,1,118,3,0,2,39,82,0,103,16,118,82
COLFAX21,82,68,0,3,9,1,2,20,1,167,1,1,1,51,170,0,150,35,167,170
COLFAX22,70,57,1,2,12,2,9,71,3,146,2,1,1,34,274,0,127,97,146,274
COLFAX3,31,25,0,4,13,0,7,18,0,95,0,0,2,27,110,0,56,42,95,110
COLFAX4,39,33,2,1,10,0,0,25,0,97,2,0,2,20,143,0,72,38,97,143
COLFAX5,81,45,4,7,13,2,10,49,1,170,1,0,3,39,181,0,126,85,170,181
COLFAX7,41,22,1,1,4,0,2,17,1,71,1,2,0,23,105,1,63,25,71,105
CURRY1,2,3,0,2,7,0,3,41,0,3,1,0,0,3,90,0,5,53,3,90
CURRY10,7,19,3,1,9,0,6,76,1,40,2,0,1,13,256,0,26,95,40,256
CURRY11,33,49,5,5,19,1,3,130,1,178,4,0,4,72,456,0,82,163,178,456
CURRY12,29,39,1,1,12,1,2,69,0,152,3,1,3,42,302,0,68,86,152,302
CURRY13,17,32,1,2,13,1,3,72,0,80,2,0,1,38,244,0,49,92,80,244
CURRY14,11,24,2,3,12,2,6,70,3,79,1,0,4,27,295,0,35,95,79,295
CURRY15,23,29,2,5,4,0,4,43,3,98,3,0,7,43,254,1,52,58,98,254
CURRY16,0,2,0,0,0,0,3,3,0,0,0,0,0,3,32,0,2,6,0,32
CURRY17,25,23,1,10,23,0,9,123,1,103,2,0,1,34,431,0,48,166,103,431
CURRY18,62,47,9,22,35,4,11,321,2,234,5,0,32,50,1013,1,109,402,234,1013
CURRY19,34,34,4,8,29,2,13,210,4,129,1,0,6,52,647,0,68,266,129,647
CURRY2,6,5,0,2,9,0,2,57,0,8,0,0,1,4,129,0,11,70,8,129
CURRY20,28,33,1,8,6,0,2,32,1,126,4,0,1,41,186,2,61,49,126,186
CURRY21,17,37,4,5,5,1,5,63,1,135,4,1,2,42,229,0,54,83,135,229
CURRY22,17,18,1,3,3,0,2,11,0,67,6,0,0,22,87,0,35,20,67,87
CURRY23,17,20,5,6,11,0,9,148,2,49,1,0,6,23,328,0,37,179,49,328
CURRY24,39,45,6,7,18,1,8,167,1,193,2,1,5,46,576,1,84,207,193,576
CURRY25,29,9,1,0,5,0,0,9,1,105,0,2,2,14,53,0,38,15,105,53
CURRY26,14,11,1,0,2,0,0,10,0,70,4,0,0,14,76,0,25,13,70,76
CURRY27,7,7,0,0,0,0,1,13,1,44,0,0,0,5,51,1,14,14,44,51
CURRY28,11,13,0,1,3,0,1,13,1,62,0,1,0,20,73,0,24,18,62,73
CURRY29,12,9,0,2,2,0,0,17,0,71,2,0,1,15,103,1,21,21,71,103
CURRY3,2,2,0,0,2,0,1,33,0,13,0,0,1,7,113,0,4,36,13,113
CURRY30,6,9,2,0,12,0,2,49,1,28,1,0,0,16,220,0,15,65,28,220
CURRY31,1,18,0,0,7,0,1,24,0,46,2,0,1,20,134,0,19,32,46,134
CURRY32,10,23,3,1,9,1,3,80,0,50,3,0,1,27,211,0,33,97,50,211
CURRY33,17,14,1,12,9,0,2,105,3,80,4,0,2,23,325,1,31,129,80,325
CURRY34,0,8,3,2,3,0,0,39,0,4,0,0,0,3,89,0,8,47,4,89
CURRY35,15,21,3,9,10,2,2,123,3,48,3,0,1,23,396,0,36,149,48,396
CURRY36,2,5,1,1,8,0,2,43,0,21,0,0,2,12,137,0,7,55,21,137
CURRY37,32,39,8,13,12,3,10,159,3,133,5,0,11,33,495,0,71,205,133,495
CURRY4,8,26,3,9,27,0,1,98,0,30,1,0,1,19,340,0,34,138,30,340
CURRY5,7,19,1,1,5,1,2,42,0,49,0,0,0,22,163,0,26,52,49,163
CURRY6,22,10,0,0,5,1,0,5,1,100,2,0,0,23,47,1,32,11,100,47
CURRY7,30,21,1,0,2,0,1,9,3,151,2,0,5,25,79,0,51,13,151,79
CURRY8,42,21,1,1,13,1,3,39,0,175,3,0,3,48,193,0,63,58,175,193
CURRY9,43,25,2,3,4,2,3,47,2,167,1,0,7,49,182,1,68,61,167,182
DE BACA1,5,5,0,0,3,0,1,23,0,7,0,0,0,6,68,0,10,27,7,68
DE BACA2,34,65,3,7,15,0,8,77,0,59,1,0,1,36,335,0,99,110,59,335
DE BACA3,32,32,1,3,3,0,4,44,0,65,3,0,1,32,178,0,64,55,65,178
DE BACA4,25,12,0,0,0,0,0,7,0,62,2,0,0,15,39,0,37,7,62,39
DONA ANA1,40,21,1,3,4,0,3,31,0,128,0,0,2,14,130,0,61,42,128,130
DONA ANA10,62,30,0,1,7,0,0,16,3,415,6,0,1,19,104,1,92,24,415,104
DONA ANA100,50,49,6,3,14,1,6,49,3,186,5,0,8,34,243,1,99,79,186,243
DONA ANA101,90,65,6,3,15,2,9,51,0,394,5,0,12,70,256,1,155,86,394,256
DONA ANA102,225,156,12,11,23,7,34,207,3,764,14,2,20,111,809,2,381,294,764,809
DONA ANA103,65,75,0,5,8,0,5,41,0,278,11,1,4,45,195,1,140,59,278,195
DONA ANA104,73,53,0,2,5,2,3,38,0,202,6,0,0,23,136,1,126,50,202,136
DONA ANA105,144,123,3,4,20,1,8,72,0,667,18,3,14,118,545,1,267,108,667,545
DONA ANA106,195,118,5,8,17,5,25,117,2,657,8,1,13,95,531,2,313,177,657,531
DONA ANA107,82,57,4,4,6,1,1,126,1,264,2,0,3,43,387,0,139,142,264,387
DONA ANA108,124,105,5,2,8,0,11,93,0,433,7,0,7,46,316,1,229,119,433,316
DONA ANA109,139,165,5,8,30,2,11,101,8,670,15,0,16,110,570,1,304,157,670,570
DONA ANA11,90,46,0,1,3,0,0,10,3,557,9,2,0,25,86,3,136,14,557,86
DONA ANA110,133,76,3,5,17,1,18,120,0,447,17,0,5,56,456,2,209,164,447,456
DONA ANA111,4,8,0,3,4,1,2,16,0,21,2,0,0,9,76,2,12,26,21,76
DONA ANA112,191,124,4,8,34,4,29,154,3,726,18,1,21,109,784,1,315,233,726,784
DONA ANA113,78,82,2,1,5,2,10,57,0,274,8,0,4,32,251,0,160,77,274,251
DONA ANA114,118,81,3,3,7,1,12,91,1,369,11,0,5,45,375,0,199,117,369,375
DONA ANA115,45,35,4,4,16,2,16,61,3,148,1,0,7,48,273,0,80,103,148,273
DONA ANA116,87,58,6,3,14,3,9,57,4,340,6,1,3,54,285,0,145,92,340,285
DONA ANA117,81,72,5,5,12,0,8,35,2,461,6,0,8,87,297,1,153,65,461,297
DONA ANA118,71,65,0,4,10,1,6,58,4,340,9,0,6,67,297,0,136,79,340,297
DONA ANA119,42,36,2,3,6,0,4,30,2,254,3,1,7,47,169,0,78,45,254,169
DONA ANA12,123,88,1,1,3,0,1,20,2,789,9,1,4,53,180,3,211,26,789,180
DONA ANA120,5,7,0,1,2,2,0,4,1,42,2,0,2,2,33,0,12,9,42,33
DONA ANA13,279,111,0,1,1,0,1,2,2,1211,24,1,2,44,100,7,390,5,1211,100
DONA ANA14,145,88,3,2,24,0,8,113,1,669,12,1,8,60,713,1,233,150,669,713
DONA ANA15,173,129,2,4,10,2,4,54,4,901,18,2,6,66,483,5,302,76,901,483
DONA ANA16,80,27,0,1,2,1,1,31,1,315,3,0,2,19,147,1,107,36,315,147
DONA ANA17,109,62,4,1,9,0,3,25,1,355,2,1,4,44,203,0,171,42,355,203
DONA ANA18,143,70,3,3,11,0,6,42,1,410,9,0,6,31,169,0,213,65,410,169
DONA ANA19,108,96,1,1,11,0,6,106,0,378,8,1,8,70,458,2,204,125,378,458
DONA ANA2,40,32,0,2,6,0,2,26,0,161,0,0,4,11,104,0,72,36,161,104
DONA ANA20,85,69,2,3,12,1,3,59,1,332,8,0,4,43,251,2,154,80,332,251
DONA ANA21,106,63,6,3,7,3,24,118,0,300,9,0,7,39,390,0,169,161,300,390
DONA ANA22,113,99,4,1,13,1,10,53,0,491,16,1,9,127,393,0,212,82,491,393
DONA ANA23,73,57,0,2,2,0,1,26,0,264,9,0,2,40,123,0,130,31,264,123
DONA ANA24,61,56,1,1,4,0,9,29,1,280,7,0,3,51,170,0,117,44,280,170
DONA ANA25,54,49,1,1,6,0,4,22,0,200,6,0,4,24,98,1,103,34,200,98
DONA ANA26,117,85,5,7,15,4,10,83,0,399,10,1,9,72,360,0,202,124,399,360
DONA ANA27,62,43,1,1,6,0,1,13,3,247,7,0,3,33,93,1,105,22,247,93
DONA ANA28,112,61,1,1,7,1,5,7,3,358,3,0,1,46,97,1,173,22,358,97
DONA ANA29,41,28,0,2,0,0,0,8,1,134,5,1,2,21,47,0,69,10,134,47
DONA ANA3,27,17,1,1,1,0,1,21,0,133,2,0,3,11,103,0,44,25,133,103
DONA ANA30,54,64,1,2,3,1,3,18,0,199,11,1,2,51,94,0,118,28,199,94
DONA ANA31,69,65,5,4,3,3,0,16,0,250,10,0,3,30,131,0,134,31,250,131
DONA ANA32,19,14,0,0,1,0,0,0,0,77,5,0,0,5,14,0,33,1,77,14
DONA ANA33,75,64,0,1,6,0,3,30,2,247,6,0,1,33,116,0,139,40,247,116
DONA ANA34,104,69,3,1,8,0,4,25,1,420,12,0,4,65,187,0,173,41,420,187
DONA ANA35,33,53,2,1,0,0,2,5,0,192,6,1,0,20,52,2,86,10,192,52
DONA ANA36,29,25,0,1,1,0,0,5,1,127,6,1,1,15,49,0,54,7,127,49
DONA ANA37,82,76,0,1,5,0,3,20,1,247,9,0,1,22,79,2,158,29,247,79
DONA ANA38,64,45,0,5,0,0,3,15,3,338,4,1,3,53,149,0,109,23,338,149
DONA ANA39,55,52,3,2,3,0,6,18,0,225,6,0,5,36,123,0,107,32,225,123
DONA ANA4,131,65,1,1,4,0,2,17,1,364,3,3,3,44,129,0,196,25,364,129
DONA ANA40,56,73,3,6,5,2,9,36,0,279,7,2,7,42,195,1,129,61,279,195
DONA ANA41,48,37,2,1,0,0,0,10,2,157,3,0,0,22,53,2,85,13,157,53
DONA ANA42,35,23,0,0,0,1,0,11,0,133,9,0,3,18,40,2,58,12,133,40
DONA ANA43,44,37,2,2,3,0,0,8,3,184,9,1,1,30,61,2,81,15,184,61
DONA ANA44,52,62,0,0,3,0,6,15,0,227,6,0,3,15,83,0,114,24,227,83
DONA ANA45,48,56,2,0,3,0,1,11,1,208,6,0,1,40,83,2,104,17,208,83
DONA ANA46,36,40,2,2,3,0,2,17,0,173,6,2,3,33,84,0,76,26,173,84
DONA ANA47,56,46,0,3,6,0,2,12,0,247,6,0,0,34,98,1,102,23,247,98
DONA ANA48,61,56,2,0,4,0,4,14,0,307,10,1,2,40,126,0,117,24,307,126
DONA ANA49,44,51,3,2,4,3,5,33,1,198,6,0,4,24,113,0,95,50,198,113
DONA ANA5,60,60,0,6,14,1,2,50,1,315,6,1,9,70,235,2,120,73,315,235
DONA ANA50,32,25,1,1,3,0,3,6,4,128,8,0,3,19,49,5,57,14,128,49
DONA ANA51,58,54,0,3,9,0,5,17,1,220,8,0,2,40,112,0,112,34,220,112
DONA ANA52,63,110,4,3,9,2,4,29,0,373,17,1,12,91,168,2,173,51,373,168
DONA ANA53,32,76,4,0,8,1,6,10,0,253,12,1,5,54,111,2,108,29,253,111
DONA ANA54,6,35,0,0,5,0,0,2,2,131,17,0,2,32,50,0,41,7,131,50
DONA ANA55,62,85,6,5,4,1,10,34,5,308,11,1,1,75,200,2,147,60,308,200
DONA ANA56,159,141,4,8,10,1,14,39,2,459,19,0,6,64,296,3,300,76,459,296
DONA ANA57,69,74,5,1,9,1,7,33,0,258,15,0,5,28,166,1,143,56,258,166
DONA ANA58,1,28,1,0,1,0,1,2,2,154,6,0,4,46,79,0,29,5,154,79
DONA ANA59,159,89,5,5,29,3,15,119,3,576,13,2,11,103,599,2,248,176,576,599
DONA ANA6,11,20,1,2,6,1,1,16,1,82,5,0,0,18,141,1,31,27,82,141
DONA ANA60,10,11,2,0,2,0,0,10,0,67,1,0,1,9,59,0,21,14,67,59
DONA ANA61,90,100,5,2,17,0,7,57,1,433,25,1,9,80,271,2,190,88,433,271
DONA ANA62,138,118,3,7,31,2,12,97,1,603,19,1,21,129,619,0,256,152,603,619
DONA ANA63,81,54,0,6,14,3,10,94,1,279,3,0,1,35,319,0,135,127,279,319
DONA ANA64,26,28,1,1,3,0,3,30,1,120,3,0,2,28,124,0,54,38,120,124
DONA ANA65,27,25,1,0,1,0,0,19,1,213,3,0,2,34,85,1,52,21,213,85
DONA ANA66,88,99,0,3,15,1,9,89,2,541,13,3,8,101,423,1,187,117,541,423
DONA ANA67,143,152,2,7,18,1,15,102,5,692,18,1,13,112,486,1,295,145,692,486
DONA ANA68,31,60,2,2,6,0,5,17,1,187,11,0,0,37,105,2,91,32,187,105
DONA ANA69,59,64,1,2,3,0,3,25,0,238,9,0,1,59,151,0,123,34,238,151
DONA ANA7,68,64,1,2,16,2,5,45,1,255,6,0,9,49,251,0,132,71,255,251
DONA ANA70,40,26,2,3,4,1,1,17,1,169,12,0,4,34,101,0,66,28,169,101
DONA ANA71,79,61,7,2,10,0,10,34,1,268,10,0,5,51,186,0,140,63,268,186
DONA ANA72,30,45,0,0,8,0,5,31,0,123,2,0,4,28,127,1,75,44,123,127
DONA ANA73,159,106,13,3,14,2,23,86,2,453,7,0,9,59,323,0,265,141,453,323
DONA ANA74,20,24,0,2,8,0,0,32,4,168,4,0,6,14,175,0,44,42,168,175
DONA ANA75,46,46,2,2,22,0,2,50,3,379,5,2,4,41,310,1,92,78,379,310
DONA ANA76,29,24,1,2,6,0,0,12,0,181,3,0,2,25,115,1,53,21,181,115
DONA ANA77,70,40,1,1,10,0,6,28,1,206,3,0,5,22,129,0,110,46,206,129
DONA ANA78,99,87,1,3,10,2,12,47,6,516,15,0,6,83,277,1,186,75,516,277
DONA ANA79,73,45,2,0,10,0,2,14,0,336,3,1,0,28,136,1,118,28,336,136
DONA ANA8,63,63,1,1,5,0,1,7,0,523,7,1,1,37,104,3,126,15,523,104
DONA ANA80,85,32,5,1,2,0,2,2,0,421,3,0,4,22,47,1,117,12,421,47
DONA ANA81,8,15,0,0,2,0,0,10,1,62,4,0,1,7,92,0,23,12,62,92
DONA ANA82,90,41,1,1,7,0,1,19,1,282,5,2,4,34,111,1,131,29,282,111
DONA ANA83,186,170,10,7,27,3,13,124,7,611,13,1,10,95,482,1,356,184,611,482
DONA ANA84,75,80,3,5,14,1,4,43,0,224,11,1,7,62,238,0,155,70,224,238
DONA ANA85,68,61,3,4,16,0,8,50,1,263,12,0,7,34,228,0,129,81,263,228
DONA ANA86,151,109,2,7,19,3,18,101,2,477,10,2,7,94,473,0,260,150,477,473
DONA ANA87,108,81,12,6,18,5,14,129,0,293,4,0,2,91,505,0,189,184,293,505
DONA ANA88,42,30,0,3,3,0,2,19,0,115,5,0,1,22,72,1,72,27,115,72
DONA ANA89,93,67,4,5,16,1,8,66,0,261,8,0,5,33,228,1,160,100,261,228
DONA ANA9,19,18,0,0,0,0,0,9,0,156,2,0,0,16,47,1,37,9,156,47
DONA ANA90,79,58,2,5,8,1,1,33,2,251,5,0,8,49,179,1,137,50,251,179
DONA ANA91,63,53,0,2,7,0,3,29,0,228,8,1,1,27,140,1,116,41,228,140
DONA ANA92,20,11,0,0,3,1,0,2,1,90,2,0,2,15,24,1,31,6,90,24
DONA ANA93,23,15,0,0,1,0,0,3,0,104,1,1,1,8,26,0,38,4,104,26
DONA ANA94,22,51,0,0,3,0,2,5,4,195,6,2,2,37,68,1,73,10,195,68
DONA ANA95,10,1,0,0,0,0,0,11,0,47,0,0,0,5,51,0,11,11,47,51
DONA ANA96,74,44,1,3,14,0,10,41,2,275,7,1,6,50,248,2,118,69,275,248
DONA ANA97,199,53,0,0,0,0,1,2,0,701,7,2,2,29,82,6,252,3,701,82
DONA ANA98,53,40,1,2,8,2,7,30,1,184,3,1,7,39,221,0,93,50,184,221
DONA ANA99,86,90,4,8,24,2,9,79,2,337,16,0,10,81,385,3,176,126,337,385
EDDY1,36,32,2,6,31,0,1,119,2,91,2,0,1,29,443,2,68,159,91,443
EDDY10,70,18,0,1,3,0,1,15,1,234,3,0,2,29,126,0,88,20,234,126
EDDY11,38,26,0,1,2,0,0,13,0,140,1,1,3,19,84,0,64,16,140,84
EDDY12,21,8,1,0,2,0,0,7,0,53,0,0,0,11,43,0,29,10,53,43
EDDY13,69,34,0,0,2,1,2,27,1,216,0,0,3,31,183,0,103,32,216,183
EDDY14,22,10,0,0,2,0,1,13,1,117,2,0,1,26,90,0,32,16,117,90
EDDY15,55,33,0,1,8,0,1,32,0,151,3,0,0,34,158,0,88,42,151,158
EDDY16,48,42,1,9,10,0,5,49,2,160,0,1,2,51,294,0,90,74,160,294
EDDY17,68,50,3,5,15,0,8,51,1,190,4,0,0,41,340,0,118,82,190,340
EDDY18,37,48,3,4,17,0,4,78,1,132,5,0,5,52,327,0,85,106,132,327
EDDY19,35,48,2,6,10,1,7,110,0,120,4,0,2,28,293,0,83,136,120,293
EDDY2,98,62,1,2,23,0,2,74,3,266,2,1,0,63,337,2,160,102,266,337
EDDY20,26,37,1,7,6,1,3,55,0,98,1,0,4,28,255,0,63,73,98,255
EDDY21,24,27,3,2,4,0,2,35,2,74,3,0,0,21,152,0,51,46,74,152
EDDY23,42,24,2,1,8,0,1,41,0,146,0,0,1,28,217,2,66,53,146,217
EDDY25,26,23,1,1,4,0,0,51,1,69,4,0,2,24,169,0,49,57,69,169
EDDY26,37,44,1,2,11,0,0,55,0,123,5,0,3,31,263,1,81,69,123,263
EDDY27,74,58,6,11,23,1,20,132,1,214,3,0,9,57,499,0,132,193,214,499
EDDY28,49,44,3,6,25,1,17,126,0,147,1,0,3,33,527,0,93,178,147,527
EDDY29,1,1,0,1,1,0,0,9,0,1,1,0,0,3,27,0,2,11,1,27
EDDY3,26,19,1,9,5,0,6,59,0,76,1,0,1,23,240,0,45,80,76,240
EDDY30,1,6,1,0,4,0,0,11,0,8,0,0,1,3,47,0,7,16,8,47
EDDY32,115,63,2,0,6,1,2,58,1,325,1,1,1,37,375,0,178,69,325,375
EDDY33,74,44,1,5,9,1,7,130,0,217,6,0,0,53,530,1,118,153,217,530
EDDY34,61,52,5,9,18,0,8,150,1,218,2,0,3,49,642,0,113,190,218,642
EDDY35,36,29,1,3,12,0,5,94,0,111,5,1,1,27,344,0,65,115,111,344
EDDY36,29,47,2,5,12,0,5,123,1,93,3,0,2,32,443,1,76,147,93,443
EDDY37,23,30,4,6,19,1,11,133,2,106,3,0,2,45,448,0,53,174,106,448
EDDY38,5,4,0,2,3,0,1,20,0,16,0,0,0,7,82,0,9,26,16,82
EDDY39,13,17,3,0,7,1,2,75,0,45,1,0,0,7,222,0,30,88,45,222
EDDY4,56,47,4,7,42,1,4,235,0,135,0,0,7,50,774,2,103,293,135,774
EDDY40,1,3,0,0,6,1,2,26,2,5,0,0,1,3,106,0,4,35,5,106
EDDY41,14,19,5,8,9,1,4,121,0,48,0,0,1,20,325,0,33,148,48,325
EDDY42,0,1,0,0,0,0,0,8,0,2,0,0,0,0,31,0,1,8,2,31
EDDY44,58,41,4,2,16,0,12,80,1,206,0,0,2,49,494,1,99,114,206,494
EDDY45,22,40,6,4,13,2,10,120,0,106,1,0,5,37,300,0,62,155,106,300
EDDY5,38,42,6,21,25,2,6,247,1,95,3,0,5,46,772,0,80,307,95,772
EDDY6,18,48,4,5,17,0,6,141,1,104,0,0,3,40,575,0,66,173,104,575
EDDY7,57,68,12,10,31,1,7,297,1,182,11,1,5,56,870,0,125,358,182,870
EDDY8,22,11,4,8,26,0,5,136,0,44,0,0,2,19,426,0,33,179,44,426
EDDY9,26,41,0,2,9,1,0,59,0,149,3,0,0,33,274,0,67,71,149,274
GRANT1,21,52,3,2,10,0,2,80,3,63,6,0,2,10,273,0,73,97,63,273
GRANT10,18,37,1,0,5,0,1,11,0,66,5,0,0,8,86,0,55,18,66,86
GRANT11,108,109,1,7,22,2,7,113,0,269,7,0,6,60,490,0,217,152,269,490
GRANT12,146,239,10,8,20,0,21,129,0,523,25,0,4,80,503,1,385,188,523,503
GRANT13,169,178,2,1,19,3,13,125,1,445,16,0,9,76,462,2,347,163,445,462
GRANT14,94,140,2,4,11,2,4,43,1,298,8,0,9,54,183,1,234,66,298,183
GRANT15,154,98,1,4,9,2,2,36,0,361,5,0,2,55,200,3,252,54,361,200
GRANT16,95,77,1,3,14,1,2,42,1,276,5,1,6,42,200,3,172,63,276,200
GRANT17,30,46,2,4,3,0,1,41,0,92,1,0,2,20,134,0,76,51,92,134
GRANT18,53,100,1,0,1,0,4,19,3,211,15,0,0,30,86,0,153,25,211,86
GRANT19,70,58,0,0,2,1,0,10,0,206,7,0,0,22,62,1,128,13,206,62
GRANT2,32,79,0,1,15,1,1,51,0,133,7,1,2,28,204,0,111,69,133,204
GRANT20,100,134,3,1,6,0,0,26,0,319,13,1,2,36,116,0,234,36,319,116
GRANT21,21,44,0,0,0,0,1,2,0,88,10,0,0,5,21,0,65,3,88,21
GRANT22,108,112,1,1,5,0,0,30,1,328,6,0,0,36,143,1,220,37,328,143
GRANT23,17,33,1,1,2,0,1,24,3,56,6,0,2,10,73,0,50,29,56,73
GRANT24,70,38,2,0,1,0,0,10,1,148,1,1,1,21,62,0,108,13,148,62
GRANT25,129,34,0,1,2,0,0,4,0,230,3,0,6,18,54,0,163,7,230,54
GRANT26,67,40,0,0,4,0,2,5,1,187,5,0,0,23,63,0,107,11,187,63
GRANT27,102,42,0,0,0,0,0,6,0,181,3,2,0,20,42,1,144,6,181,42
GRANT28,119,34,0,2,2,0,0,18,1,256,1,0,4,23,80,2,153,22,256,80
GRANT29,53,42,2,1,5,0,5,23,2,147,1,0,3,19,114,1,95,36,147,114
GRANT3,0,5,0,0,0,0,0,6,0,14,1,0,0,0,8,0,5,6,14,8
GRANT30,32,54,1,2,9,0,3,60,0,113,9,0,5,17,241,0,86,75,113,241
GRANT31,1,6,0,0,0,0,0,19,0,5,0,0,0,3,36,0,7,19,5,36
GRANT32,42,20,0,0,0,0,0,3,0,106,6,0,1,11,23,0,62,3,106,23
GRANT33,37,48,0,2,6,0,1,35,2,116,3,0,4,20,179,0,85,44,116,179
GRANT34,98,40,1,1,1,0,1,6,0,218,0,0,0,24,72,0,138,10,218,72
GRANT35,1,10,0,0,3,0,3,10,0,7,5,0,2,8,49,0,11,16,7,49
GRANT4,10,9,0,2,3,1,2,21,0,30,0,0,1,3,46,1,19,29,30,46
GRANT5,68,108,4,1,12,0,3,79,2,223,19,0,5,33,331,0,176,99,223,331
GRANT6,2,5,0,0,1,0,0,19,0,10,2,0,0,3,42,0,7,20,10,42
GRANT7,47,70,0,2,2,0,5,41,1,133,8,0,2,13,129,0,117,50,133,129
GRANT8,119,108,5,2,10,2,5,93,2,324,9,0,0,56,416,1,227,117,324,416
GRANT9,41,21,0,0,2,0,0,14,0,94,0,0,0,12,65,1,62,16,94,65
GUADALUPE1,99,91,1,2,10,1,1,17,0,246,2,0,0,62,171,0,190,32,246,171
GUADALUPE2,119,94,0,1,1,0,0,19,1,248,8,0,1,54,147,0,213,21,248,147
GUADALUPE3,71,65,3,2,8,0,0,12,0,176,0,0,2,59,150,0,136,25,176,150
GUADALUPE4,36,13,2,0,6,0,0,6,0,88,1,0,0,21,50,0,49,14,88,50
GUADALUPE5,74,69,1,0,5,0,0,12,0,212,7,0,2,42,77,0,143,18,212,77
HARDING1,20,14,3,5,9,1,2,55,0,41,0,0,0,24,142,0,34,75,41,142
HARDING2,55,32,3,6,20,0,5,52,2,115,3,0,0,31,169,0,87,86,115,169
HIDALGO1,135,98,2,4,11,0,3,46,0,197,2,0,3,51,189,2,233,66,197,189
HIDALGO2,148,56,0,1,1,0,2,14,0,191,0,1,3,36,70,0,204,18,191,70
HIDALGO3,186,101,1,4,4,0,0,34,1,268,2,1,0,34,157,1,287,43,268,157
HIDALGO4,9,22,1,3,8,1,5,47,0,26,0,0,10,3,156,0,31,65,26,156
HIDALGO5,19,18,0,2,2,0,0,24,0,44,2,0,4,4,75,0,37,28,44,75
HIDALGO6,20,28,1,5,15,3,1,120,1,58,0,1,7,9,263,0,48,145,58,263
LEA10,26,20,4,3,17,1,2,162,0,106,0,0,2,40,470,0,46,189,106,470
LEA11,19,16,2,0,4,1,2,29,1,116,1,0,0,16,131,0,35,38,116,131
LEA12,12,9,0,3,6,0,3,37,1,68,1,0,0,10,149,0,21,49,68,149
LEA13,24,25,4,7,19,2,2,135,2,144,4,0,2,70,454,0,49,169,144,454
LEA14,23,22,4,7,15,1,6,58,0,108,0,2,1,34,279,1,45,91,108,279
LEA15,31,38,7,10,29,1,9,196,1,109,3,0,8,51,691,0,69,252,109,691
LEA16,6,16,1,4,8,2,0,20,0,60,0,2,1,21,111,0,22,35,60,111
LEA17,16,10,4,1,5,0,3,43,2,81,1,0,0,17,159,0,26,56,81,159
LEA18,2,3,1,3,5,0,1,59,0,29,0,0,1,19,209,0,5,69,29,209
LEA2,0,2,0,0,3,0,0,9,0,2,0,0,0,0,26,0,2,12,2,26
LEA20,26,29,1,7,31,2,3,211,1,121,5,0,7,41,890,1,55,255,121,890
LEA21,4,5,0,1,8,0,0,48,0,21,1,0,0,11,185,0,9,57,21,185
LEA22,25,25,5,7,25,0,22,178,0,119,4,0,7,48,764,0,50,237,119,764
LEA23,24,23,0,5,16,2,7,153,1,135,3,0,6,43,541,0,47,183,135,541
LEA24,17,15,4,10,18,0,6,89,0,59,0,0,6,29,337,1,32,127,59,337
LEA25,12,10,8,2,12,1,13,95,0,58,3,0,2,12,288,1,22,131,58,288
LEA26,13,15,3,6,16,1,2,116,5,94,0,0,2,37,556,0,28,144,94,556
LEA27,9,6,1,4,10,1,2,103,0,69,1,0,1,20,433,0,15,121,69,433
LEA28,11,10,0,2,10,0,0,55,2,56,0,0,0,18,244,0,21,67,56,244
LEA29,10,20,4,3,13,1,6,68,0,88,2,1,2,32,354,1,30,95,88,354
LEA3,15,25,7,4,27,1,4,140,0,58,1,1,0,22,411,0,40,183,58,411
LEA30,14,17,1,3,6,0,2,53,1,70,0,0,3,22,245,0,31,65,70,245
LEA31,30,18,0,6,9,0,0,33,1,154,0,1,0,34,239,2,48,48,154,239
LEA32,21,11,1,6,5,0,6,79,2,87,0,1,4,20,321,0,32,97,87,321
LEA33,22,20,2,4,7,1,7,51,0,102,3,0,5,41,281,0,42,72,102,281
LEA34,10,4,0,1,2,0,0,26,0,57,0,1,1,9,84,1,14,29,57,84
LEA35,9,2,0,0,0,0,0,9,1,74,0,0,2,14,90,1,11,9,74,90
LEA36,19,17,1,3,3,0,0,37,0,99,1,0,0,20,174,0,36,44,99,174
LEA41,25,17,4,8,23,2,4,126,0,171,3,0,9,46,499,0,42,167,171,499
LEA42,12,21,1,5,10,0,2,50,0,84,2,0,2,34,290,1,33,68,84,290
LEA43,7,21,2,2,4,0,2,57,0,89,1,0,1,28,270,0,28,67,89,270
LEA44,11,9,1,6,8,0,1,52,0,74,0,1,0,21,229,0,20,68,74,229
LEA51,15,6,1,4,0,0,2,16,0,87,1,0,0,16,84,1,21,23,87,84
LEA52,61,14,6,2,5,0,0,32,0,266,1,0,0,37,191,3,75,45,266,191
LEA53,34,11,0,0,1,1,0,31,0,228,1,0,2,32,149,0,45,33,228,149
LEA54,10,6,0,1,1,0,0,9,0,91,1,0,2,11,79,0,16,11,91,79
LEA55,3,7,1,0,1,0,0,2,0,81,0,0,1,5,53,1,10,4,81,53
LEA61,21,9,1,0,9,0,0,17,1,124,2,0,0,34,132,0,30,27,124,132
LEA62,4,11,1,1,4,0,0,53,1,36,0,0,0,13,176,0,15,59,36,176
LEA71,15,23,5,8,17,0,2,105,0,73,1,0,0,20,334,0,38,137,73,334
LEA72,23,42,1,8,14,0,3,134,1,77,2,0,0,17,437,0,65,160,77,437
LEA73,13,13,4,3,18,1,1,94,2,72,7,0,0,20,296,1,26,121,72,296
LEA74,3,8,2,2,3,1,1,43,0,33,0,0,0,13,160,1,11,52,33,160
LINCOLN1,17,15,4,3,20,1,4,62,0,45,0,0,2,14,161,0,32,94,45,161
LINCOLN10,8,11,0,1,3,0,0,27,0,63,2,0,0,8,117,0,19,31,63,117
LINCOLN11,32,44,6,6,14,3,6,122,2,187,6,0,3,39,345,4,76,157,187,345
LINCOLN12,14,17,2,3,19,0,1,66,0,70,3,0,0,18,202,1,31,91,70,202
LINCOLN13,20,19,8,5,17,2,6,114,0,99,1,0,0,35,175,1,39,152,99,175
LINCOLN14,26,29,3,7,22,3,6,108,0,112,6,0,3,27,325,0,55,149,112,325
LINCOLN15,10,15,0,1,9,0,4,58,1,49,2,0,0,13,146,0,25,72,49,146
LINCOLN16,18,9,2,0,6,1,7,30,0,38,0,0,1,4,75,0,27,46,38,75
LINCOLN17,14,14,4,1,9,1,2,91,0,74,0,0,2,22,212,0,28,108,74,212
LINCOLN18,5,9,1,4,5,0,2,22,1,48,1,1,2,11,67,0,14,34,48,67
LINCOLN19,3,11,1,2,9,1,2,54,0,28,3,0,0,10,124,0,14,69,28,124
LINCOLN2,15,11,4,3,24,0,3,52,0,81,0,1,1,28,114,0,26,86,81,114
LINCOLN20,9,13,0,0,1,3,3,41,1,53,2,0,0,10,146,0,22,48,53,146
LINCOLN21,35,30,3,2,8,0,3,126,1,126,5,0,0,22,312,0,65,142,126,312
LINCOLN22,6,11,4,3,4,0,1,20,0,50,0,0,0,13,69,0,17,32,50,69
LINCOLN3,39,36,4,11,25,4,9,200,1,143,7,0,5,28,537,2,75,253,143,537
LINCOLN4,22,18,1,3,9,2,9,80,0,77,2,0,1,20,225,1,40,104,77,225
LINCOLN5,49,26,3,7,13,4,15,237,0,193,3,0,6,43,631,0,75,279,193,631
LINCOLN6,36,37,7,7,9,2,12,192,0,146,1,0,3,32,479,0,73,229,146,479
LINCOLN7,42,51,4,6,17,3,19,172,0,238,7,0,0,63,530,0,93,221,238,530
LINCOLN8,39,50,4,7,12,1,11,177,0,156,6,0,4,43,457,0,89,212,156,457
LINCOLN9,58,51,1,1,18,0,7,130,2,255,2,0,3,57,447,0,109,157,255,447
LOS ALAMOS1,97,72,3,6,18,5,20,50,1,304,5,0,11,93,212,1,169,102,304,212
LOS ALAMOS10,49,70,4,0,4,1,8,11,0,206,6,0,4,42,70,0,119,28,206,70
LOS ALAMOS11,106,112,5,3,16,4,21,44,3,434,11,0,14,96,213,2,218,93,434,213
LOS ALAMOS12,65,94,2,5,12,2,13,45,1,320,12,2,12,93,136,0,159,79,320,136
LOS ALAMOS13,62,90,4,3,7,1,6,26,0,350,11,0,13,68,158,0,152,47,350,158
LOS ALAMOS14,76,74,7,6,19,3,25,49,3,295,10,0,27,89,195,1,150,109,295,195
LOS ALAMOS15,192,155,8,13,22,9,26,109,3,668,12,1,21,182,457,1,347,187,668,457
LOS ALAMOS16,164,120,5,8,17,4,46,62,3,613,11,0,23,146,272,0,284,142,613,272
LOS ALAMOS17,60,51,7,1,3,1,9,20,3,249,3,0,5,64,110,0,111,41,249,110
LOS ALAMOS2,57,59,7,5,8,3,21,33,2,212,1,0,10,44,136,0,116,77,212,136
LOS ALAMOS3,57,53,4,12,20,2,26,55,2,205,3,1,24,83,215,1,110,119,205,215
LOS ALAMOS4,66,90,4,11,23,1,18,44,2,311,6,0,29,115,239,0,156,101,311,239
LOS ALAMOS5,54,48,4,7,7,2,11,44,1,171,3,0,13,57,172,0,102,75,171,172
LOS ALAMOS6,117,136,8,7,23,7,42,112,3,430,13,1,48,163,381,1,253,199,430,381
LOS ALAMOS7,61,55,2,5,4,1,7,34,1,232,5,0,6,58,167,0,116,53,232,167
LOS ALAMOS8,88,74,9,7,11,1,17,30,0,335,7,0,21,70,139,0,162,75,335,139
LOS ALAMOS9,55,59,6,2,7,1,11,21,1,227,1,0,10,49,87,0,114,48,227,87
LUNA1,32,28,2,1,6,0,0,27,1,116,3,2,3,15,85,0,60,36,116,85
LUNA10,120,99,12,2,15,1,13,122,0,326,6,0,8,68,415,1,219,165,326,415
LUNA11,101,57,2,4,7,1,3,46,0,287,1,1,3,32,175,1,158,63,287,175
LUNA12,90,49,3,1,11,0,6,41,1,255,5,1,4,40,152,0,139,62,255,152
LUNA13,75,101,5,6,24,4,10,226,1,269,8,0,7,51,646,0,176,275,269,646
LUNA14,70,60,3,6,21,1,11,158,1,281,9,1,4,66,458,0,130,200,281,458
LUNA2,29,37,1,4,8,1,4,90,2,175,3,1,3,28,304,0,66,108,175,304
LUNA3,58,68,5,4,17,0,10,181,1,229,9,0,3,32,439,1,126,217,229,439
LUNA4,62,38,1,2,6,3,3,32,1,342,8,0,1,18,101,1,100,47,342,101
LUNA5,94,78,3,10,17,1,6,114,4,336,7,0,9,57,347,0,172,151,336,347
LUNA6,76,60,5,0,7,3,11,63,1,251,4,0,4,38,216,0,136,89,251,216
LUNA8,111,39,5,3,4,2,2,24,0,328,3,1,1,36,140,1,150,40,328,140
MCKINLEY1,74,37,1,0,5,2,2,10,2,274,6,1,2,48,50,0,111,20,274,50
MCKINLEY10,119,59,5,2,5,1,6,4,0,293,4,1,2,46,49,1,178,23,293,49
MCKINLEY11,28,32,2,1,3,0,0,0,1,110,2,0,0,35,31,0,60,6,110,31
MCKINLEY12,28,12,0,0,0,0,0,2,0,43,0,0,0,8,15,1,40,2,43,15
MCKINLEY13,41,32,1,0,4,0,1,1,1,163,5,1,0,51,34,2,73,7,163,34
MCKINLEY14,93,91,5,3,6,0,0,16,0,337,5,0,2,95,151,2,184,30,337,151
MCKINLEY15,74,91,5,3,3,1,0,7,3,247,4,0,2,58,91,0,165,19,247,91
MCKINLEY16,53,59,0,2,3,0,1,11,0,182,5,1,2,36,61,1,112,17,182,61
MCKINLEY17,82,92,7,5,12,1,5,35,5,263,12,1,6,76,215,2,174,65,263,215
MCKINLEY18,29,20,2,0,0,0,0,4,2,82,3,0,0,8,22,0,49,6,82,22
MCKINLEY19,160,107,1,2,7,4,1,6,1,362,14,0,3,82,105,0,267,21,362,105
MCKINLEY2,39,31,0,0,3,0,1,6,1,113,3,1,1,28,65,0,70,10,113,65
MCKINLEY20,122,63,1,3,7,1,0,24,0,314,5,1,1,63,108,3,185,36,314,108
MCKINLEY21,93,66,4,1,3,0,1,17,1,255,3,0,2,49,99,2,159,26,255,99
MCKINLEY22,107,50,5,1,3,1,2,8,2,229,5,0,1,44,89,0,157,20,229,89
MCKINLEY23,123,67,2,3,0,0,2,13,1,315,1,1,3,48,93,3,190,20,315,93
MCKINLEY24,118,83,4,2,6,1,0,14,3,316,1,0,0,59,125,1,201,27,316,125
MCKINLEY25,218,143,4,3,11,0,0,29,4,532,14,0,12,102,206,7,361,47,532,206
MCKINLEY26,24,25,2,2,17,0,1,42,1,65,7,0,8,8,181,0,49,64,65,181
MCKINLEY27,136,43,6,3,8,0,2,3,1,567,5,3,2,44,22,2,179,22,567,22
MCKINLEY28,48,24,2,3,1,0,0,3,0,227,1,0,3,26,19,1,72,9,227,19
MCKINLEY29,74,22,1,0,8,0,2,0,0,325,3,0,1,32,15,0,96,11,325,15
MCKINLEY3,35,22,2,3,10,0,3,9,0,87,2,0,4,14,62,0,57,27,87,62
MCKINLEY30,123,38,3,1,3,0,0,0,1,486,8,0,2,32,31,0,161,7,486,31
MCKINLEY31,48,33,1,3,9,0,1,20,0,159,2,0,6,34,118,2,81,34,159,118
MCKINLEY32,36,25,2,1,3,0,0,11,0,120,3,0,4,23,66,1,61,17,120,66
MCKINLEY33,112,65,2,0,1,0,0,6,0,286,6,0,0,66,109,2,177,9,286,109
MCKINLEY34,54,42,0,0,1,0,2,2,0,135,4,0,2,28,58,2,96,5,135,58
MCKINLEY35,49,37,0,0,3,1,0,11,1,140,3,1,2,34,49,0,86,15,140,49
MCKINLEY36,15,11,0,1,1,0,0,3,0,43,0,0,1,6,17,1,26,5,43,17
MCKINLEY37,32,20,0,0,0,0,0,7,0,75,1,0,1,13,29,0,52,7,75,29
MCKINLEY38,45,34,1,0,2,0,0,2,0,114,3,1,1,27,47,0,79,5,114,47
MCKINLEY39,49,73,1,0,3,0,0,17,0,181,6,0,5,32,91,1,122,21,181,91
MCKINLEY4,123,66,1,1,4,1,0,2,0,262,7,0,2,42,47,1,189,9,262,47
MCKINLEY40,31,38,0,0,1,0,2,4,0,104,2,0,3,16,59,1,69,7,104,59
MCKINLEY41,92,55,1,0,8,0,0,8,0,228,3,0,0,39,83,0,147,17,228,83
MCKINLEY42,17,31,0,1,3,0,3,21,1,67,3,0,0,6,67,0,48,28,67,67
MCKINLEY43,99,126,2,3,8,0,4,35,3,235,10,0,5,42,237,1,225,52,235,237
MCKINLEY44,48,57,2,3,2,0,2,20,6,97,2,0,2,25,124,2,105,29,97,124
MCKINLEY45,45,70,0,2,7,1,1,31,2,152,10,0,5,25,156,1,115,42,152,156
MCKINLEY46,104,87,2,1,7,0,4,36,0,204,3,0,8,28,206,2,191,50,204,206
MCKINLEY47,36,22,2,0,2,1,0,7,0,111,2,1,1,14,47,0,58,12,111,47
MCKINLEY48,116,81,2,2,11,1,4,17,1,349,13,1,5,82,147,1,197,37,349,147
MCKINLEY49,108,99,4,4,12,1,11,58,3,296,6,1,12,67,238,0,207,90,296,238
MCKINLEY5,185,128,8,1,10,1,3,20,0,501,11,1,4,54,104,1,313,43,501,104
MCKINLEY50,20,15,1,1,1,0,1,8,1,63,0,0,1,9,53,0,35,12,63,53
MCKINLEY51,74,58,2,0,2,0,2,1,1,224,3,0,0,40,33,3,132,7,224,33
MCKINLEY52,27,25,3,0,1,0,3,31,0,71,3,0,4,21,113,0,52,38,71,113
MCKINLEY53,147,68,2,1,6,0,3,1,1,330,7,0,1,37,29,0,215,13,330,29
MCKINLEY54,102,41,6,2,8,0,1,10,1,248,2,1,0,38,80,4,143,27,248,80
MCKINLEY55,57,42,2,1,4,0,3,9,0,163,8,0,9,43,55,1,99,19,163,55
MCKINLEY56,64,62,4,0,6,2,3,29,1,195,4,0,6,34,178,1,126,44,195,178
MCKINLEY57,86,28,3,1,5,0,0,3,0,194,3,0,0,23,33,2,114,12,194,33
MCKINLEY58,68,64,3,1,5,1,2,21,2,216,0,0,0,48,138,0,132,33,216,138
MCKINLEY59,32,29,0,1,1,0,2,21,1,89,6,0,6,20,69,1,61,25,89,69
MCKINLEY6,214,104,3,3,8,1,0,8,2,517,7,0,5,87,79,5,318,23,517,79
MCKINLEY60,47,46,2,1,6,0,0,2,0,147,4,0,3,27,31,0,93,11,147,31
MCKINLEY61,59,27,1,0,0,0,0,1,0,117,2,0,3,25,12,0,86,2,117,12
MCKINLEY62,49,24,2,1,2,0,0,3,0,122,0,0,0,19,30,2,73,8,122,30
MCKINLEY7,136,116,4,2,5,0,1,13,1,360,5,1,4,49,58,4,252,25,360,58
MCKINLEY8,94,42,2,1,10,0,1,4,0,196,7,0,2,30,27,3,136,18,196,27
MCKINLEY9,104,61,2,3,4,1,1,4,0,278,5,1,1,67,48,3,165,15,278,48
MORA1,180,120,0,1,5,0,1,25,0,295,2,0,0,44,110,0,300,32,295,110
MORA10,53,40,1,0,7,0,0,1,0,78,2,0,0,8,47,0,93,9,78,47
MORA11,72,41,1,1,1,0,0,17,0,127,2,0,0,13,61,0,113,20,127,61
MORA2,192,105,1,0,6,0,0,19,1,269,9,0,1,30,93,0,297,26,269,93
MORA3,67,61,0,1,7,1,1,19,0,123,3,0,1,12,64,0,128,29,123,64
MORA4,117,63,4,3,10,1,1,4,0,158,3,1,1,25,56,0,180,23,158,56
MORA5,84,39,1,1,1,0,1,11,1,131,4,0,0,11,72,1,123,15,131,72
MORA6,47,33,2,0,3,0,0,5,1,64,5,0,0,10,43,0,80,10,64,43
MORA7,59,26,0,0,6,0,0,3,0,98,1,0,2,11,22,0,85,9,98,22
MORA8,85,63,0,0,4,2,1,15,1,144,4,0,0,19,66,0,148,22,144,66
MORA9,28,12,1,0,1,0,0,4,0,49,0,0,0,11,31,0,40,6,49,31
OTERO1,27,24,0,0,1,0,0,6,1,409,4,3,1,21,102,0,51,7,409,102
OTERO10,82,64,5,6,50,4,15,249,7,299,14,0,10,85,899,0,146,329,299,899
OTERO11,49,52,2,1,6,0,0,5,0,348,4,1,3,116,59,1,101,14,348,59
OTERO12,60,37,3,2,19,2,10,91,1,171,6,0,3,61,413,1,97,127,171,413
OTERO13,56,51,2,4,16,3,4,61,2,203,3,1,0,45,252,1,107,90,203,252
OTERO14,72,61,7,5,27,2,11,138,2,201,4,0,7,63,556,0,133,190,201,556
OTERO15,30,28,4,4,18,1,11,136,3,140,2,1,3,60,496,0,58,174,140,496
OTERO16,0,9,0,0,3,0,1,9,0,60,2,1,5,19,110,0,9,13,60,110
OTERO17,29,25,3,4,15,2,5,124,4,214,6,1,2,60,407,1,54,153,214,407
OTERO18,119,66,9,16,47,9,20,354,4,416,13,0,15,94,1197,3,185,455,416,1197
OTERO19,32,23,2,3,5,0,2,9,0,136,3,0,1,19,56,0,55,21,136,56
OTERO2,0,3,0,1,1,0,0,8,1,3,0,0,0,2,23,0,3,10,3,23
OTERO20,31,14,0,3,1,1,1,22,0,97,1,0,0,18,75,1,45,28,97,75
OTERO21,34,43,7,11,21,2,10,141,4,236,12,0,4,62,513,0,77,192,236,513
OTERO22,19,19,2,3,6,0,3,34,0,90,2,0,3,14,157,0,38,48,90,157
OTERO23,30,29,2,1,11,1,4,43,2,103,3,1,2,29,170,2,59,62,103,170
OTERO24,53,56,5,6,24,4,15,158,4,197,10,0,9,61,449,1,109,212,197,449
OTERO25,29,30,2,6,22,4,11,88,4,136,3,1,7,35,340,0,59,133,136,340
OTERO26,19,25,4,3,8,3,8,64,1,118,5,1,3,38,180,0,44,90,118,180
OTERO27,26,41,6,1,23,0,3,83,2,111,6,0,4,47,286,2,67,116,111,286
OTERO28,44,52,5,7,28,3,12,145,2,190,4,0,7,74,474,2,96,200,190,474
OTERO29,52,39,11,9,28,1,15,162,0,231,5,1,9,72,549,0,91,226,231,549
OTERO3,0,0,0,0,9,0,0,7,0,0,0,0,0,1,23,0,0,16,0,23
OTERO30,33,21,2,5,8,1,2,34,0,105,0,0,6,37,152,1,54,52,105,152
OTERO31,25,18,3,1,4,0,4,32,2,93,0,0,3,35,117,1,43,44,93,117
OTERO32,24,34,2,2,9,1,1,33,2,137,3,0,3,33,136,0,58,48,137,136
OTERO33,38,33,2,4,11,0,4,45,1,128,7,0,3,37,176,0,71,66,128,176
OTERO34,23,12,5,3,12,1,7,57,2,88,2,0,0,15,170,0,35,85,88,170
OTERO35,34,32,6,4,20,1,7,170,2,125,4,1,6,45,517,2,66,208,125,517
OTERO36,42,22,4,10,12,0,8,84,0,164,2,0,4,42,309,0,64,118,164,309
OTERO37,17,25,3,2,5,1,2,49,1,80,1,0,5,29,181,0,42,62,80,181
OTERO38,9,8,1,0,6,2,0,13,0,28,3,0,0,12,69,0,17,22,28,69
OTERO39,34,13,5,7,15,1,8,96,1,137,4,1,6,36,317,0,47,132,137,317
OTERO4,2,2,1,0,10,0,1,16,3,5,0,0,0,1,62,0,4,28,5,62
OTERO40,22,21,5,3,18,0,12,92,0,104,1,0,6,19,268,0,43,130,104,268
OTERO41,28,29,1,1,0,0,1,13,0,340,7,0,4,24,105,1,57,16,340,105
OTERO5,6,10,0,1,8,0,0,42,0,32,0,0,1,6,137,0,16,51,32,137
OTERO6,2,4,0,2,13,1,4,37,0,3,1,1,1,11,111,0,6,57,3,111
OTERO7,13,9,0,1,6,0,4,40,0,41,2,0,4,17,158,0,22,51,41,158
OTERO8,66,81,5,10,44,3,16,216,5,277,8,0,8,78,761,1,147,294,277,761
OTERO9,30,45,4,7,23,2,8,101,4,128,12,0,4,40,355,2,75,145,128,355
QUAY1,0,4,3,1,6,1,0,32,0,2,0,0,1,6,86,0,4,43,2,86
QUAY10,59,26,1,2,5,0,1,12,0,127,2,0,1,27,57,1,85,21,127,57
QUAY11,69,65,6,4,19,2,11,87,1,165,2,0,3,41,293,1,134,129,165,293
QUAY12,48,49,5,3,23,0,4,74,0,86,0,0,1,32,230,0,97,109,86,230
QUAY2,2,4,0,2,3,1,1,24,0,4,0,0,0,1,60,0,6,31,4,60
QUAY3,22,29,2,2,8,0,1,57,0,38,1,0,0,19,162,0,51,70,38,162
QUAY4,3,9,0,0,6,0,0,17,1,7,1,0,1,0,56,0,12,23,7,56
QUAY5,42,59,5,5,15,1,2,146,2,72,1,0,4,28,509,0,101,174,72,509
QUAY6,28,48,4,2,10,1,4,95,1,54,1,1,3,19,271,0,76,116,54,271
QUAY7,90,57,1,2,6,0,3,35,1,222,4,0,0,48,120,0,147,47,222,120
QUAY8,25,26,3,0,3,0,2,43,0,63,1,0,1,20,118,0,51,51,63,118
QUAY9,86,69,4,1,16,1,3,76,2,177,2,1,2,58,250,0,155,101,177,250
RIO ARRIBA1,108,136,0,0,2,2,3,10,1,289,13,0,0,24,59,0,244,17,289,59
RIO ARRIBA10,172,95,2,0,5,0,0,6,0,326,9,2,2,40,106,0,267,13,326,106
RIO ARRIBA11,258,209,1,2,15,2,4,42,2,575,12,1,5,87,295,4,467,66,575,295
RIO ARRIBA12,95,62,1,1,3,1,0,7,0,194,4,0,0,38,93,0,157,13,194,93
RIO ARRIBA13,253,170,4,1,3,0,0,13,1,414,6,1,1,41,176,1,423,21,414,176
RIO ARRIBA14,146,62,2,0,2,0,1,8,1,247,0,0,0,23,77,0,208,13,247,77
RIO ARRIBA15,78,58,0,0,1,0,0,1,0,117,2,1,0,16,31,0,136,2,117,31
RIO ARRIBA16,88,72,0,0,0,0,0,7,0,172,3,1,1,11,60,0,160,7,172,60
RIO ARRIBA17,31,36,0,0,0,0,0,1,0,76,10,0,0,11,16,0,67,1,76,16
RIO ARRIBA18,89,98,0,0,2,2,0,14,2,148,2,1,0,61,97,1,187,18,148,97
RIO ARRIBA19,80,35,0,0,7,0,1,27,0,126,2,0,0,23,97,0,115,35,126,97
RIO ARRIBA2,383,210,2,0,4,0,3,18,2,651,7,0,1,73,185,1,593,27,651,185
RIO ARRIBA20,189,129,2,2,3,0,3,43,0,331,4,0,1,53,255,0,318,53,331,255
RIO ARRIBA21,18,13,2,0,0,0,0,0,0,33,0,0,1,8,13,0,31,2,33,13
RIO ARRIBA22,43,24,2,0,0,0,0,4,0,65,1,0,0,10,24,0,67,6,65,24
RIO ARRIBA23,87,56,0,0,0,1,1,2,0,103,2,0,0,15,42,0,143,4,103,42
RIO ARRIBA24,185,117,1,5,20,0,1,21,0,484,12,0,2,135,104,1,302,48,484,104
RIO ARRIBA25,5,12,0,0,3,0,1,27,1,25,0,0,0,3,105,0,17,31,25,105
RIO ARRIBA26,63,50,0,0,0,1,0,7,0,110,2,1,0,15,64,0,113,8,110,64
RIO ARRIBA27,22,13,1,0,0,0,1,1,0,36,1,1,0,8,19,0,35,3,36,19
RIO ARRIBA28,4,3,0,0,0,0,0,0,0,21,0,0,0,0,5,1,7,0,21,5
RIO ARRIBA29,0,3,0,0,0,0,1,0,0,3,0,0,0,3,6,0,3,1,3,6
RIO ARRIBA3,164,90,0,2,7,1,0,12,1,276,2,1,2,29,113,1,254,22,276,113
RIO ARRIBA30,20,15,1,0,5,0,1,12,0,40,1,0,3,24,74,0,35,19,40,74
RIO ARRIBA31,177,121,1,0,2,0,2,5,1,347,8,0,2,34,66,0,298,10,347,66
RIO ARRIBA32,68,66,3,1,1,1,0,8,1,168,6,1,4,25,74,0,134,14,168,74
RIO ARRIBA33,22,27,1,0,0,0,0,0,0,53,2,0,0,10,9,0,49,1,53,9
RIO ARRIBA34,2,1,0,0,0,0,0,0,0,4,0,0,0,0,0,0,3,0,4,0
RIO ARRIBA35,144,144,3,0,4,0,3,27,0,332,12,0,0,41,115,0,288,37,332,115
RIO ARRIBA36,309,212,3,0,8,1,3,37,0,571,6,1,1,92,251,2,521,52,571,251
RIO ARRIBA37,44,28,0,0,1,0,0,1,0,89,0,0,0,16,22,0,72,2,89,22
RIO ARRIBA38,205,146,1,1,4,0,0,15,1,394,7,0,0,47,133,1,351,21,394,133
RIO ARRIBA39,193,109,0,1,6,1,3,19,0,391,4,0,1,47,132,0,302,30,391,132
RIO ARRIBA4,203,129,0,0,3,0,3,14,1,407,5,0,0,63,157,0,332,20,407,157
RIO ARRIBA40,173,94,0,1,6,0,0,12,0,330,5,0,0,54,129,0,267,19,330,129
RIO ARRIBA41,399,144,3,1,6,0,0,5,1,539,3,0,0,88,61,1,543,15,539,61
RIO ARRIBA42,36,37,0,0,0,0,1,5,0,91,5,0,0,14,31,0,73,6,91,31
RIO ARRIBA5,147,71,2,0,4,0,2,10,0,214,3,1,0,32,82,0,218,18,214,82
RIO ARRIBA6,46,68,0,0,2,0,1,6,1,146,12,0,0,12,27,0,114,9,146,27
RIO ARRIBA7,123,87,0,2,1,0,5,13,0,333,9,0,0,54,71,1,210,21,333,71
RIO ARRIBA8,84,46,0,0,1,1,0,4,0,144,1,0,0,27,44,1,130,6,144,44
RIO ARRIBA9,87,62,0,1,3,0,5,9,0,177,5,0,1,18,79,0,149,18,177,79
ROOSEVELT1,20,26,3,5,5,3,1,18,1,116,1,1,2,32,131,1,46,35,116,131
ROOSEVELT10,26,45,5,5,7,2,11,91,0,149,5,0,11,63,386,1,71,121,149,386
ROOSEVELT11,3,10,4,3,2,0,1,48,1,40,2,0,5,16,183,0,13,58,40,183
ROOSEVELT12,22,36,4,6,2,1,6,53,1,126,5,0,2,43,240,1,58,72,126,240
ROOSEVELT13,3,17,0,2,3,0,4,10,0,59,2,0,3,25,70,1,20,19,59,70
ROOSEVELT14,17,49,2,4,7,0,2,41,1,116,10,0,1,55,216,0,66,56,116,216
ROOSEVELT15,12,7,1,1,7,0,0,24,1,44,0,0,1,8,133,1,19,33,44,133
ROOSEVELT16,9,13,1,0,11,0,0,23,0,36,1,0,0,9,94,0,22,35,36,94
ROOSEVELT17,4,19,4,5,11,0,3,55,0,54,4,0,8,20,267,1,23,78,54,267
ROOSEVELT18,12,7,5,6,17,0,5,90,0,44,1,0,1,19,335,0,19,123,44,335
ROOSEVELT2,59,37,5,7,28,1,4,194,0,180,4,1,3,50,560,0,96,239,180,560
ROOSEVELT3,3,6,0,4,0,0,0,4,0,11,0,0,1,5,37,0,9,8,11,37
ROOSEVELT4,8,11,1,1,3,1,0,65,0,31,0,1,1,8,209,0,19,71,31,209
ROOSEVELT5,4,6,5,5,2,0,1,71,1,19,0,0,1,7,174,0,10,84,19,174
ROOSEVELT6,4,20,1,3,11,0,4,74,0,25,0,0,1,11,242,0,24,93,25,242
ROOSEVELT7,10,16,1,2,8,0,1,6,0,53,5,0,6,18,74,0,26,18,53,74
ROOSEVELT8,37,24,0,2,2,0,3,12,1,170,1,0,4,37,94,2,61,19,170,94
ROOSEVELT9,29,43,5,4,20,0,9,87,4,181,7,2,7,56,439,0,72,125,181,439
SAN JUAN1,114,73,3,2,14,2,5,23,3,398,18,0,3,85,142,6,187,49,398,142
SAN JUAN10,47,31,7,1,8,0,1,9,1,221,2,0,4,55,49,2,78,26,221,49
SAN JUAN11,60,39,6,2,9,1,6,7,3,214,1,1,2,50,62,1,99,31,214,62
SAN JUAN12,70,27,0,0,3,0,0,5,1,177,2,1,0,42,53,3,97,8,177,53
SAN JUAN13,113,82,5,1,19,1,4,7,0,329,9,1,0,73,57,3,195,37,329,57
SAN JUAN14,50,35,2,2,4,0,0,3,1,135,3,0,1,35,37,1,85,11,135,37
SAN JUAN15,78,37,2,4,4,1,1,4,1,236,1,1,0,44,68,1,115,16,236,68
SAN JUAN16,77,52,9,1,11,1,3,14,1,318,7,0,1,79,189,1,129,39,318,189
SAN JUAN17,21,23,1,0,2,0,1,5,1,78,3,0,0,16,37,1,44,9,78,37
SAN JUAN18,74,64,4,5,19,1,2,35,6,290,4,1,3,80,227,3,138,66,290,227
SAN JUAN19,16,16,1,1,1,1,1,3,1,86,5,0,0,40,49,1,32,8,86,49
SAN JUAN2,79,49,4,3,6,0,3,9,0,328,4,0,8,77,95,5,128,25,328,95
SAN JUAN20,75,68,6,4,16,1,7,23,1,396,7,0,5,109,255,1,143,57,396,255
SAN JUAN21,27,32,3,3,23,1,0,113,4,166,3,0,11,49,421,1,59,143,166,421
SAN JUAN22,68,66,5,7,20,1,3,76,3,300,8,0,9,85,458,3,134,112,300,458
SAN JUAN23,39,29,5,12,18,2,6,89,2,134,5,0,8,56,397,1,68,132,134,397
SAN JUAN24,11,19,3,5,25,0,7,68,5,55,4,0,8,41,290,0,30,108,55,290
SAN JUAN25,23,23,2,11,18,1,6,87,1,85,3,0,17,40,291,0,46,125,85,291
SAN JUAN26,25,17,0,3,10,0,0,28,0,118,2,0,1,36,200,0,42,41,118,200
SAN JUAN27,32,41,1,1,12,0,2,51,1,234,4,2,3,88,358,1,73,67,234,358
SAN JUAN28,13,32,1,3,6,1,3,56,1,96,4,0,4,38,290,2,45,70,96,290
SAN JUAN29,23,23,3,0,16,1,4,46,0,111,0,0,4,27,220,2,46,70,111,220
SAN JUAN3,77,34,3,0,8,0,1,18,1,280,10,0,4,56,105,5,111,30,280,105
SAN JUAN30,30,46,7,8,16,5,11,130,3,165,3,0,5,64,587,0,76,177,165,587
SAN JUAN31,75,60,13,4,35,2,30,197,2,249,6,1,20,92,889,0,135,281,249,889
SAN JUAN32,14,10,4,1,5,0,7,37,0,56,1,0,0,22,150,0,24,54,56,150
SAN JUAN33,26,37,2,5,14,1,7,56,1,155,5,0,8,50,307,1,63,85,155,307
SAN JUAN34,35,43,2,0,10,2,4,56,0,155,3,0,5,54,270,1,78,74,155,270
SAN JUAN35,16,26,3,6,10,2,6,50,4,99,3,0,5,33,223,0,42,77,99,223
SAN JUAN36,14,16,0,3,9,2,4,60,1,76,3,0,6,18,265,0,30,78,76,265
SAN JUAN37,11,39,2,6,19,0,3,64,1,104,7,0,4,47,293,1,50,94,104,293
SAN JUAN38,32,35,1,8,16,4,12,113,3,131,5,0,6,56,460,0,67,154,131,460
SAN JUAN39,44,52,6,3,34,3,8,188,2,188,7,0,22,77,767,1,96,242,188,767
SAN JUAN4,119,104,10,2,18,0,2,33,0,548,21,1,8,138,187,5,223,65,548,187
SAN JUAN40,36,30,1,3,9,2,2,56,0,136,8,0,8,62,328,1,66,73,136,328
SAN JUAN41,32,36,5,7,28,1,18,157,0,153,3,0,25,44,710,0,68,216,153,710
SAN JUAN42,33,42,5,7,35,1,12,151,3,133,4,0,4,44,622,0,75,211,133,622
SAN JUAN43,34,34,4,3,14,2,7,60,1,109,3,0,5,49,316,0,68,90,109,316
SAN JUAN44,32,50,8,11,24,0,7,148,0,171,6,0,15,67,656,3,82,198,171,656
SAN JUAN45,28,30,3,2,15,1,6,77,2,144,5,1,9,67,383,0,58,104,144,383
SAN JUAN46,23,35,1,6,16,1,13,102,1,107,2,0,21,53,453,0,58,139,107,453
SAN JUAN47,7,11,1,0,3,1,2,22,0,39,0,0,1,20,146,0,18,29,39,146
SAN JUAN48,22,19,2,4,7,3,6,125,4,96,1,0,7,37,550,0,41,147,96,550
SAN JUAN49,43,45,7,8,30,2,12,163,5,217,9,1,10,89,769,0,88,222,217,769
SAN JUAN5,140,84,13,1,10,2,0,25,2,605,18,2,0,123,215,11,224,51,605,215
SAN JUAN50,18,32,5,4,5,3,3,48,1,137,6,3,2,54,340,1,50,68,137,340
SAN JUAN51,23,19,1,1,9,1,2,54,3,149,5,1,4,42,307,0,42,68,149,307
SAN JUAN52,13,7,1,3,6,0,3,46,1,48,4,0,4,21,238,0,20,59,48,238
SAN JUAN53,37,46,5,6,30,4,4,115,1,211,3,0,6,70,578,0,83,164,211,578
SAN JUAN54,40,18,4,5,18,0,9,108,1,128,1,1,5,56,505,3,58,144,128,505
SAN JUAN55,25,38,6,6,34,4,6,130,2,121,6,0,14,56,605,1,63,186,121,605
SAN JUAN56,25,38,3,5,21,0,1,88,2,213,7,1,6,81,594,2,63,118,213,594
SAN JUAN57,23,39,1,4,20,1,2,173,1,89,5,0,7,50,677,0,62,201,89,677
SAN JUAN58,15,19,1,3,19,7,4,114,0,63,4,0,4,28,453,0,34,148,63,453
SAN JUAN59,30,40,9,13,52,5,7,178,4,131,3,0,25,72,789,1,70,264,131,789
SAN JUAN6,40,15,6,2,1,1,3,11,1,125,3,0,2,38,52,0,55,24,125,52
SAN JUAN60,16,21,2,4,12,1,8,93,1,48,4,0,4,25,324,0,37,120,48,324
SAN JUAN61,27,29,0,5,20,1,11,144,2,131,1,0,10,55,741,0,56,181,131,741
SAN JUAN62,24,40,7,5,22,0,6,83,1,104,6,0,7,54,374,0,64,123,104,374
SAN JUAN63,25,36,1,6,19,1,5,78,3,105,4,0,3,41,383,1,61,110,105,383
SAN JUAN64,19,24,2,7,9,2,7,86,2,95,3,0,7,24,364,0,43,113,95,364
SAN JUAN65,30,31,2,4,15,0,3,81,0,88,2,1,6,27,437,0,61,105,88,437
SAN JUAN66,24,39,3,2,18,0,7,88,2,88,0,0,2,50,312,0,63,118,88,312
SAN JUAN67,36,40,6,5,25,1,7,150,0,145,8,0,8,71,745,1,76,194,145,745
SAN JUAN68,9,22,0,1,2,0,0,48,0,66,6,0,0,38,243,0,31,51,66,243
SAN JUAN69,32,32,3,2,36,2,11,152,3,118,4,0,15,72,644,0,64,206,118,644
SAN JUAN7,56,20,2,2,2,0,0,1,1,177,1,1,0,23,56,5,76,7,177,56
SAN JUAN70,22,18,2,1,19,0,2,90,2,104,5,0,6,33,405,0,40,114,104,405
SAN JUAN71,15,22,2,5,14,0,3,111,4,116,5,0,5,40,618,2,37,135,116,618
SAN JUAN72,47,39,1,1,29,3,2,78,0,125,5,0,5,36,411,0,86,114,125,411
SAN JUAN73,17,16,1,2,6,0,0,55,2,74,0,0,9,23,311,1,33,64,74,311
SAN JUAN74,62,50,3,4,26,1,6,134,6,219,4,0,14,82,717,1,112,174,219,717
SAN JUAN75,33,20,3,1,7,0,0,57,0,88,0,0,1,29,263,1,53,68,88,263
SAN JUAN76,43,50,6,5,54,1,14,168,4,182,4,0,21,76,727,1,93,248,182,727
SAN JUAN77,36,33,1,5,14,0,9,136,0,117,7,0,6,62,697,0,69,165,117,697
SAN JUAN8,136,103,16,6,12,3,8,20,2,485,1,1,4,144,103,8,239,65,485,103
SAN JUAN9,71,32,1,1,3,0,1,9,0,154,3,0,1,20,37,0,103,15,154,37
SAN MIGUEL1,67,70,0,0,2,0,1,2,0,198,13,0,1,19,34,1,137,5,198,34
SAN MIGUEL10,75,80,3,0,2,1,1,17,1,192,2,0,3,43,79,0,155,24,192,79
SAN MIGUEL11,36,32,0,0,0,0,0,4,0,90,1,1,0,15,24,0,68,4,90,24
SAN MIGUEL12,123,86,0,3,4,0,1,9,1,268,12,0,7,51,93,0,209,17,268,93
SAN MIGUEL13,111,77,0,1,3,0,0,9,0,197,5,0,0,29,50,1,188,13,197,50
SAN MIGUEL14,15,12,0,0,1,1,0,9,0,30,1,0,0,7,37,1,27,11,30,37
SAN MIGUEL15,10,11,0,1,4,0,0,28,0,23,0,0,0,7,81,0,21,33,23,81
SAN MIGUEL16,148,134,0,0,6,1,2,24,0,329,14,0,2,38,154,0,282,33,329,154
SAN MIGUEL17,18,21,0,0,2,0,0,0,0,41,1,0,0,11,7,0,39,2,41,7
SAN MIGUEL18,100,54,1,0,6,0,1,12,2,153,3,0,0,9,53,0,154,20,153,53
SAN MIGUEL19,203,96,0,0,2,0,0,9,1,316,3,1,2,29,62,1,299,11,316,62
SAN MIGUEL2,123,123,2,0,8,0,5,4,1,324,11,0,1,38,79,0,246,19,324,79
SAN MIGUEL20,41,13,0,0,3,0,0,3,0,53,1,0,0,6,22,0,54,6,53,22
SAN MIGUEL21,111,80,1,3,1,0,0,14,0,245,2,1,0,19,68,0,191,19,245,68
SAN MIGUEL22,43,44,2,1,6,0,1,10,0,138,3,1,1,15,66,1,87,20,138,66
SAN MIGUEL23,280,223,4,3,22,0,2,49,1,644,12,0,4,90,285,1,503,80,644,285
SAN MIGUEL24,107,71,2,1,9,1,3,15,0,203,2,0,0,24,79,0,178,31,203,79
SAN MIGUEL25,125,75,0,0,2,1,0,5,2,231,10,0,2,28,51,0,200,8,231,51
SAN MIGUEL26,276,141,0,0,4,1,1,8,1,533,10,0,0,57,91,2,417,14,533,91
SAN MIGUEL27,154,146,2,0,5,0,2,8,1,381,11,2,1,54,117,1,300,17,381,117
SAN MIGUEL28,93,66,0,0,0,0,0,10,0,228,5,0,1,27,85,0,159,10,228,85
SAN MIGUEL3,155,90,0,0,2,0,1,2,0,316,6,0,3,25,45,0,245,5,316,45
SAN MIGUEL4,253,162,1,4,4,1,6,20,6,552,11,0,0,69,168,1,415,36,552,168
SAN MIGUEL5,238,127,1,2,10,4,2,17,3,497,4,1,4,62,135,0,365,36,497,135
SAN MIGUEL6,76,51,1,1,1,0,0,6,0,151,1,0,0,23,64,0,127,9,151,64
SAN MIGUEL7,96,51,0,0,8,1,0,8,1,211,4,0,1,27,71,0,147,17,211,71
SAN MIGUEL8,314,181,3,1,6,1,3,20,4,611,9,1,2,70,112,0,495,34,611,112
SAN MIGUEL9,52,48,1,3,4,0,1,27,0,130,3,0,0,23,101,0,100,36,130,101
SANDOVAL1,228,115,5,3,13,3,4,62,3,544,7,1,1,128,294,0,343,90,544,294
SANDOVAL10,57,61,2,1,0,0,7,6,1,198,8,1,1,27,44,0,118,16,198,44
SANDOVAL11,216,162,4,2,14,5,15,91,2,600,12,0,9,113,385,1,378,131,600,385
SANDOVAL12,189,167,5,5,12,2,16,114,3,592,8,0,5,98,431,1,356,154,592,431
SANDOVAL13,147,168,4,4,11,5,19,72,0,531,8,0,4,71,297,0,315,115,531,297
SANDOVAL14,100,102,0,0,1,0,1,3,0,211,2,0,4,66,19,1,202,5,211,19
SANDOVAL15,162,57,1,0,0,0,0,0,0,324,4,1,1,45,20,0,219,1,324,20
SANDOVAL16,18,30,0,2,7,0,1,26,0,71,1,0,0,12,54,0,48,36,71,54
SANDOVAL17,37,34,1,1,6,2,3,35,0,100,5,0,0,16,92,1,71,48,100,92
SANDOVAL18,43,68,5,0,12,0,4,36,0,138,9,0,0,33,113,1,111,57,138,113
SANDOVAL19,67,32,0,2,0,0,0,5,0,156,2,0,2,29,17,1,99,7,156,17
SANDOVAL2,185,138,3,3,9,0,2,22,3,528,9,0,2,89,188,1,323,39,528,188
SANDOVAL20,101,70,0,2,1,1,1,9,0,458,7,0,0,47,45,0,171,14,458,45
SANDOVAL21,43,66,2,0,8,0,5,31,0,97,3,0,1,32,119,1,109,46,97,119
SANDOVAL22,55,64,1,5,8,2,0,26,0,124,7,0,2,32,120,0,119,42,124,120
SANDOVAL23,26,40,3,0,7,0,1,31,0,81,3,0,0,28,106,2,66,42,81,106
SANDOVAL24,46,42,2,1,4,1,1,5,0,189,0,0,0,52,39,1,88,14,189,39
SANDOVAL25,178,177,0,0,5,0,2,5,3,491,5,1,10,143,49,5,355,12,491,49
SANDOVAL26,75,50,2,0,2,0,0,5,1,184,3,0,0,39,54,1,125,9,184,54
SANDOVAL27,21,16,0,0,5,0,0,20,1,52,1,0,0,7,47,0,37,25,52,47
SANDOVAL28,53,53,3,1,26,2,19,97,0,217,5,0,9,42,299,0,106,148,217,299
SANDOVAL29,75,57,0,3,4,0,1,0,0,155,4,0,2,36,19,0,132,8,155,19
SANDOVAL3,133,100,4,2,9,0,1,26,0,286,5,0,5,78,138,0,233,42,286,138
SANDOVAL30,82,86,3,6,14,1,6,90,1,436,8,2,4,126,467,0,168,120,436,467
SANDOVAL31,65,96,4,6,20,1,12,122,0,350,12,1,11,115,460,0,161,165,350,460
SANDOVAL32,38,41,3,0,7,1,4,43,0,148,5,0,4,46,208,1,79,58,148,208
SANDOVAL33,147,126,8,2,25,4,13,134,5,616,17,0,7,101,626,3,273,186,616,626
SANDOVAL34,70,45,5,3,8,3,6,67,0,203,6,0,4,69,257,0,115,92,203,257
SANDOVAL35,49,87,1,7,12,1,6,57,0,261,15,0,3,95,294,2,136,84,261,294
SANDOVAL36,84,76,2,3,22,1,6,85,1,312,7,0,7,78,367,2,160,119,312,367
SANDOVAL37,106,149,5,10,36,1,16,144,2,667,18,1,35,219,900,1,255,212,667,900
SANDOVAL38,76,96,1,1,14,2,2,101,4,325,7,0,10,109,392,0,172,121,325,392
SANDOVAL39,114,156,7,3,36,6,7,154,5,592,18,4,17,190,738,2,270,213,592,738
SANDOVAL4,78,63,2,1,8,2,3,21,0,193,7,0,0,51,115,1,141,37,193,115
SANDOVAL40,76,64,2,2,16,2,6,66,2,346,11,0,3,81,337,2,140,94,346,337
SANDOVAL41,76,86,1,6,19,2,10,123,5,356,7,1,4,108,450,0,162,161,356,450
SANDOVAL42,40,54,0,1,9,0,3,52,4,214,7,0,7,74,285,1,94,65,214,285
SANDOVAL43,50,52,0,3,18,0,2,58,3,225,7,0,3,68,298,0,102,81,225,298
SANDOVAL44,56,118,2,6,18,0,5,113,2,344,11,1,9,122,472,2,174,144,344,472
SANDOVAL45,63,82,2,6,14,3,12,57,0,344,15,2,6,99,372,2,145,94,344,372
SANDOVAL46,48,67,1,1,9,1,3,52,3,254,10,0,2,89,226,0,115,67,254,226
SANDOVAL47,96,123,4,3,17,2,16,145,7,475,14,0,8,157,672,1,219,187,475,672
SANDOVAL48,57,44,1,8,11,0,7,70,0,219,9,0,3,74,296,1,101,97,219,296
SANDOVAL49,48,69,2,4,13,0,5,61,3,245,7,1,7,78,309,2,117,85,245,309
SANDOVAL5,218,216,6,6,13,7,19,136,2,720,27,0,5,99,407,2,434,187,720,407
SANDOVAL50,115,74,6,5,14,4,18,126,0,402,10,2,17,106,554,1,189,173,402,554
SANDOVAL51,0,0,0,0,0,0,0,0,0,0,0,0,0,0,0,0,0,0,0,0
SANDOVAL52,36,35,0,4,5,1,1,36,0,136,4,0,4,25,147,0,71,47,136,147
SANDOVAL53,165,142,3,3,21,4,11,104,3,568,8,1,7,95,421,2,307,146,568,421
SANDOVAL54,138,101,2,2,15,2,11,87,1,405,7,1,8,86,329,0,239,119,405,329
SANDOVAL55,158,102,5,3,14,2,9,117,0,445,5,0,9,76,351,2,260,150,445,351
SANDOVAL56,86,117,1,2,11,2,4,48,0,265,9,0,6,43,177,1,203,68,265,177
SANDOVAL57,56,71,1,2,8,0,7,56,0,223,7,1,6,59,240,0,127,74,223,240
SANDOVAL58,145,131,6,5,27,3,15,187,5,540,16,1,12,145,781,1,276,243,540,781
SANDOVAL59,25,24,1,1,8,0,8,38,0,133,7,0,1,33,164,0,49,56,133,164
SANDOVAL6,76,50,1,2,4,0,3,31,0,181,0,0,2,51,97,0,126,41,181,97
SANDOVAL60,49,50,0,2,7,0,1,60,2,205,6,1,9,67,246,1,99,70,205,246
SANDOVAL61,59,55,3,6,7,2,4,53,0,242,7,0,5,74,255,1,114,75,242,255
SANDOVAL62,101,58,6,2,18,3,17,114,0,355,6,0,8,66,405,0,159,160,355,405
SANDOVAL63,43,47,1,2,15,0,6,55,0,238,5,0,4,49,289,1,90,79,238,289
SANDOVAL64,102,115,6,9,29,6,14,116,4,396,9,0,16,95,517,2,217,180,396,517
SANDOVAL65,105,93,0,4,10,0,9,83,3,461,10,1,13,96,425,1,198,106,461,425
SANDOVAL66,123,162,8,12,32,2,14,155,0,589,16,2,19,168,727,3,285,223,589,727
SANDOVAL67,87,96,7,1,19,1,4,87,5,458,8,0,12,133,465,1,183,119,458,465
SANDOVAL68,74,142,1,4,11,1,8,104,3,495,7,0,8,145,594,0,216,129,495,594
SANDOVAL69,79,115,1,7,19,0,4,74,3,434,9,0,7,126,513,2,194,105,434,513
SANDOVAL7,70,56,2,0,4,0,1,13,0,182,2,0,0,21,83,0,126,20,182,83
SANDOVAL70,27,54,0,7,9,1,1,52,1,224,3,1,0,80,243,2,81,70,224,243
SANDOVAL71,43,76,0,1,10,0,6,56,1,263,5,0,5,68,273,2,119,73,263,273
SANDOVAL72,107,101,4,5,40,3,8,117,2,598,6,0,27,151,776,2,208,177,598,776
SANDOVAL73,51,43,0,1,13,6,11,63,0,169,0,0,8,47,292,0,94,94,169,292
SANDOVAL74,216,128,5,10,25,8,34,190,4,603,13,0,13,131,725,1,344,272,603,725
SANDOVAL75,47,50,1,3,6,1,6,55,1,207,2,0,9,39,244,0,97,72,207,244
SANDOVAL76,200,121,5,3,12,5,13,78,1,542,12,1,12,69,370,0,321,116,542,370
SANDOVAL77,154,73,0,0,0,0,0,3,0,344,10,1,2,41,17,2,227,3,344,17
SANDOVAL78,17,20,1,1,7,2,8,37,0,66,1,0,3,28,111,0,37,56,66,111
SANDOVAL79,14,29,0,0,2,0,2,15,1,80,6,0,5,16,68,0,43,19,80,68
SANDOVAL8,74,54,0,0,2,0,1,2,0,237,4,0,2,33,21,1,128,5,237,21
SANDOVAL80,71,102,2,5,18,0,9,110,10,421,9,0,13,92,571,1,173,144,421,571
SANDOVAL81,58,50,5,2,25,2,12,86,2,269,4,0,11,82,319,1,108,132,269,319
SANDOVAL82,89,89,4,3,16,2,11,58,1,350,4,1,5,102,375,0,178,94,350,375
SANDOVAL83,58,68,4,3,15,1,11,130,0,282,4,1,7,57,484,0,126,164,282,484
SANDOVAL84,65,73,1,3,10,2,3,64,2,353,9,2,6,113,390,1,138,83,353,390
SANDOVAL85,47,56,0,6,16,3,11,80,7,297,5,2,10,82,489,0,103,116,297,489
SANDOVAL86,76,54,1,5,17,0,8,71,1,378,2,0,25,102,400,2,130,102,378,400
SANDOVAL9,192,66,0,0,2,1,0,1,0,499,7,0,0,54,20,0,258,4,499,20
SANTA FE1,207,181,2,2,18,0,3,28,0,512,15,1,3,61,192,2,388,53,512,192
SANTA FE10,398,213,3,1,8,0,15,67,2,1049,13,1,6,57,247,2,611,94,1049,247
SANTA FE11,301,388,0,3,3,3,5,27,0,1020,42,0,2,61,155,2,689,41,1020,155
SANTA FE12,180,191,0,0,7,0,3,22,1,627,14,0,3,60,154,0,371,32,627,154
SANTA FE13,248,317,3,2,8,0,6,41,0,937,38,0,3,56,198,1,565,60,937,198
SANTA FE14,109,81,0,1,4,1,3,14,0,364,9,1,2,44,113,1,190,23,364,113
SANTA FE15,34,69,4,2,21,0,3,99,1,198,5,0,9,69,349,0,103,129,198,349
SANTA FE16,31,24,2,0,9,1,2,46,2,86,2,0,0,16,118,0,55,60,86,118
SANTA FE17,69,80,2,0,3,0,0,17,0,210,14,0,0,25,62,0,149,22,210,62
SANTA FE18,39,52,1,5,31,0,7,107,1,168,5,0,6,65,406,0,91,151,168,406
SANTA FE19,44,28,0,0,2,1,3,19,2,59,0,0,0,16,83,0,72,25,59,83
SANTA FE2,32,42,1,0,2,0,0,11,1,98,4,0,0,18,47,1,74,14,98,47
SANTA FE20,216,251,0,0,1,3,2,17,1,709,21,0,2,28,84,1,467,23,709,84
SANTA FE21,337,368,3,2,4,0,14,28,0,1085,36,0,5,53,188,0,705,51,1085,188
SANTA FE22,227,183,1,0,4,0,5,18,0,642,13,1,2,42,100,1,410,28,642,100
SANTA FE23,138,119,2,1,7,2,8,22,0,368,11,1,2,50,117,0,257,42,368,117
SANTA FE24,197,222,2,0,4,2,4,11,2,578,28,0,0,42,89,5,419,23,578,89
SANTA FE25,92,175,0,0,1,0,3,4,0,394,22,0,0,32,46,1,267,8,394,46
SANTA FE26,91,122,1,0,2,0,0,9,0,318,9,0,1,18,32,2,213,12,318,32
SANTA FE27,178,259,0,0,5,0,2,11,0,651,24,0,1,32,73,3,437,18,651,73
SANTA FE28,139,85,2,2,3,0,4,9,0,382,6,0,1,11,60,0,224,20,382,60
SANTA FE29,299,259,2,1,11,2,11,48,4,782,13,0,2,66,243,0,558,75,782,243
SANTA FE3,121,63,1,0,0,0,1,4,0,213,4,0,0,17,41,0,184,6,213,41
SANTA FE30,224,171,0,0,5,2,8,25,0,665,18,0,4,37,120,1,395,40,665,120
SANTA FE31,86,125,0,0,1,0,3,20,1,330,11,0,1,32,79,1,211,24,330,79
SANTA FE32,287,329,1,0,5,0,3,15,3,797,35,1,2,51,123,3,616,24,797,123
SANTA FE33,144,271,1,0,2,0,2,11,0,586,27,0,2,47,86,2,415,16,586,86
SANTA FE34,255,299,2,3,8,1,4,17,0,758,29,0,1,62,125,3,554,35,758,125
SANTA FE35,37,69,0,0,0,1,2,11,0,187,9,0,0,15,38,0,106,14,187,38
SANTA FE36,135,97,1,1,3,0,6,11,0,389,5,1,2,20,52,4,232,22,389,52
SANTA FE37,215,174,3,3,4,3,9,21,2,574,7,0,1,43,102,1,389,43,574,102
SANTA FE38,262,200,5,1,6,2,4,39,0,707,16,0,0,68,184,2,462,57,707,184
SANTA FE39,159,145,2,1,8,0,1,17,0,380,14,1,2,44,128,1,304,29,380,128
SANTA FE4,25,19,0,0,0,0,1,4,0,49,1,0,0,6,16,0,44,5,49,16
SANTA FE40,43,41,2,1,3,1,1,11,0,159,3,0,0,30,30,0,84,19,159,30
SANTA FE41,51,79,0,0,1,0,0,5,0,224,12,0,1,25,33,0,130,6,224,33
SANTA FE42,104,163,2,0,0,0,3,5,0,420,21,0,0,21,53,4,267,10,420,53
SANTA FE43,104,153,1,0,2,0,4,12,0,379,20,0,1,13,52,1,257,19,379,52
SANTA FE44,209,238,1,2,1,0,3,13,1,626,28,0,2,32,51,3,447,20,626,51
SANTA FE45,116,109,1,0,1,1,6,15,0,312,11,0,1,27,64,0,225,24,312,64
SANTA FE46,95,64,2,0,2,0,7,11,0,296,8,0,0,16,51,0,159,22,296,51
SANTA FE47,225,176,4,0,0,0,8,8,1,656,12,0,2,22,78,1,401,20,656,78
SANTA FE48,376,324,2,1,2,1,7,36,0,1103,43,1,7,63,178,4,700,49,1103,178
SANTA FE49,170,161,1,1,6,2,4,9,0,418,13,0,0,51,114,2,331,23,418,114
SANTA FE5,185,139,3,1,11,1,5,15,1,430,10,0,7,41,140,1,324,36,430,140
SANTA FE50,178,182,1,3,7,1,1,24,1,535,20,0,4,44,99,0,360,37,535,99
SANTA FE51,160,146,2,3,8,0,5,25,0,470,11,0,3,40,102,0,306,43,470,102
SANTA FE52,204,287,2,3,9,1,6,33,1,776,26,0,4,73,178,0,491,54,776,178
SANTA FE53,212,247,0,1,6,2,10,28,1,717,22,0,0,44,166,2,459,47,717,166
SANTA FE54,271,227,8,0,2,0,8,22,0,811,15,0,5,50,172,0,498,40,811,172
SANTA FE55,382,277,2,0,4,1,14,37,2,1063,16,1,5,55,169,0,659,58,1063,169
SANTA FE56,190,203,5,0,9,2,6,44,0,626,19,0,0,47,231,3,393,66,626,231
SANTA FE57,111,137,2,3,8,1,0,21,1,367,16,0,7,32,121,1,248,35,367,121
SANTA FE58,141,75,1,1,11,0,8,18,1,340,6,1,1,49,127,0,216,39,340,127
SANTA FE59,145,133,2,0,8,1,7,23,1,395,12,2,1,63,150,0,278,41,395,150
SANTA FE6,31,22,0,1,0,0,1,1,0,100,7,0,0,17,3,0,53,3,100,3
SANTA FE60,50,39,2,3,4,1,3,14,0,132,3,0,0,24,76,0,89,27,132,76
SANTA FE61,201,176,1,1,4,0,4,25,0,560,8,0,3,80,151,0,377,35,560,151
SANTA FE62,160,141,1,1,6,0,2,12,2,554,10,0,1,59,135,0,301,22,554,135
SANTA FE63,154,163,1,1,0,0,1,31,0,519,15,0,4,29,134,0,317,34,519,134
SANTA FE64,166,183,3,2,15,1,5,26,3,649,13,1,2,76,162,1,349,52,649,162
SANTA FE65,404,390,2,6,7,2,13,76,1,1291,29,0,6,56,264,1,794,106,1291,264
SANTA FE66,191,212,2,1,10,1,8,39,1,769,25,1,2,84,204,1,403,61,769,204
SANTA FE67,256,271,1,0,6,0,7,34,7,929,25,2,5,91,230,1,527,48,929,230
SANTA FE68,161,185,0,0,1,0,4,27,0,628,13,0,0,27,128,1,346,32,628,128
SANTA FE69,464,395,5,2,12,3,22,61,1,1274,27,0,9,71,250,1,859,105,1274,250
SANTA FE7,77,93,0,2,4,0,4,18,0,286,6,0,2,30,64,1,170,28,286,64
SANTA FE70,480,424,7,2,16,5,21,106,1,1553,40,1,19,134,480,2,904,157,1553,480
SANTA FE71,340,284,3,0,10,2,15,52,2,975,20,0,4,56,245,3,624,82,975,245
SANTA FE72,176,325,2,0,6,1,7,27,0,751,52,2,0,53,140,3,501,43,751,140
SANTA FE73,68,77,2,6,50,3,15,174,3,309,8,0,22,119,618,0,145,250,309,618
SANTA FE74,154,149,2,2,3,0,2,16,0,475,9,2,3,25,79,1,303,25,475,79
SANTA FE75,149,212,4,3,7,1,5,19,2,704,22,1,7,78,166,3,361,39,704,166
SANTA FE76,174,168,3,1,4,1,6,20,0,486,19,0,2,57,125,0,342,35,486,125
SANTA FE77,246,233,1,1,5,0,6,43,1,690,20,0,2,74,165,1,479,56,690,165
SANTA FE78,440,328,3,6,15,4,13,61,2,1262,26,2,7,70,289,1,768,102,1262,289
SANTA FE79,91,75,3,1,4,2,3,12,0,277,3,0,2,33,105,1,166,25,277,105
SANTA FE8,209,168,3,2,3,2,11,9,1,642,20,0,3,27,103,1,377,30,642,103
SANTA FE80,74,64,1,3,5,0,1,15,1,350,8,1,2,47,102,2,138,25,350,102
SANTA FE81,102,144,3,0,4,0,4,30,0,391,10,0,3,35,111,3,246,41,391,111
SANTA FE82,206,87,3,1,6,1,21,59,0,602,7,0,9,41,300,0,293,91,602,300
SANTA FE83,336,171,3,3,7,0,19,47,0,908,17,0,4,54,262,1,507,79,908,262
SANTA FE84,50,91,2,10,30,2,14,166,4,303,12,0,16,116,668,2,141,224,303,668
SANTA FE85,46,82,1,8,26,1,10,112,3,246,9,0,15,105,598,0,128,158,246,598
SANTA FE86,246,299,8,4,17,1,2,47,3,950,18,2,12,97,269,0,545,79,950,269
SANTA FE87,40,37,0,0,7,0,1,10,0,113,1,0,0,29,40,0,77,18,113,40
SANTA FE88,152,179,0,5,14,3,8,49,1,524,17,0,5,58,240,2,331,79,524,240
SANTA FE89,196,234,2,3,12,1,6,43,1,775,19,1,3,81,271,0,430,67,775,271
SANTA FE9,237,167,3,0,2,0,14,33,1,677,19,1,0,34,153,0,404,52,677,153
SANTA FE90,376,277,5,1,7,2,25,69,0,1144,31,0,5,93,393,0,653,109,1144,393
SIERRA1,53,62,1,3,8,2,7,100,1,220,15,0,7,40,327,0,115,121,220,327
SIERRA2,84,87,7,9,25,2,23,350,2,291,12,0,2,96,939,2,171,416,291,939
SIERRA3,6,14,1,1,7,0,2,69,0,39,3,0,0,14,175,1,20,80,39,175
SIERRA4,13,26,0,3,5,0,2,60,2,56,0,0,1,11,150,0,39,70,56,150
SIERRA5,50,72,3,6,13,0,5,143,0,217,16,1,4,72,462,0,122,170,217,462
SIERRA6,14,54,0,1,3,0,0,14,1,121,10,0,1,15,51,1,68,18,121,51
SIERRA7,38,74,3,0,3,1,4,70,2,187,8,0,3,47,241,0,112,81,187,241
SIERRA8,58,57,6,1,8,0,6,62,3,202,6,0,1,60,217,1,115,83,202,217
SIERRA9,85,86,6,8,22,0,8,145,1,279,8,0,1,87,448,1,171,189,279,448
SOCORRO1,73,81,4,4,10,1,1,31,2,241,6,1,0,39,119,0,154,51,241,119
SOCORRO10,16,16,2,0,3,0,1,6,0,48,0,0,0,12,23,0,32,12,48,23
SOCORRO11,51,66,3,9,25,0,9,82,0,159,9,0,2,38,259,1,117,128,159,259
SOCORRO12,1,1,0,1,0,0,0,4,0,2,0,0,0,1,14,0,2,5,2,14
SOCORRO13,31,49,3,4,14,2,8,75,0,146,3,0,3,39,202,1,80,106,146,202
SOCORRO14,24,33,3,4,6,3,9,50,0,90,0,0,2,17,169,0,57,75,90,169
SOCORRO15,169,101,6,6,7,1,1,12,3,467,0,0,2,90,83,6,270,33,467,83
SOCORRO16,0,0,0,0,0,0,0,8,0,3,0,0,0,0,16,0,0,8,3,16
SOCORRO17,16,7,0,0,1,1,0,12,0,35,0,0,1,5,29,0,23,14,35,29
SOCORRO18,73,90,1,0,10,1,5,35,1,239,5,0,5,60,153,2,163,52,239,153
SOCORRO19,48,43,4,7,10,0,4,62,1,125,3,0,1,33,196,0,91,87,125,196
SOCORRO2,74,66,5,2,12,1,11,32,1,262,2,0,1,58,127,3,140,63,262,127
SOCORRO20,29,26,1,0,8,0,1,32,0,111,2,0,0,18,84,1,55,42,111,84
SOCORRO21,1,0,0,0,0,0,0,2,0,4,0,0,0,0,3,0,1,2,4,3
SOCORRO22,1,12,0,0,2,0,2,15,0,14,1,0,0,8,43,0,13,19,14,43
SOCORRO23,18,18,0,1,3,0,1,13,3,53,1,0,0,13,44,0,36,18,53,44
SOCORRO24,25,36,2,3,8,0,3,32,0,82,2,0,0,16,120,0,61,48,82,120
SOCORRO25,19,11,0,0,1,0,0,6,0,49,0,0,0,7,34,0,30,7,49,34
SOCORRO26,0,1,0,0,0,0,0,2,0,2,0,0,0,0,5,0,1,2,2,5
SOCORRO27,30,36,3,1,18,1,1,40,2,139,2,1,2,38,225,1,66,64,139,225
SOCORRO3,87,121,3,5,13,2,12,39,1,330,8,0,4,101,177,0,208,74,330,177
SOCORRO4,28,39,0,1,3,0,4,14,1,88,0,0,0,31,65,1,67,22,88,65
SOCORRO5,46,39,2,1,5,1,1,35,0,120,1,0,0,34,77,1,85,45,120,77
SOCORRO6,61,40,3,2,11,0,7,33,0,140,5,0,9,46,105,1,101,56,140,105
SOCORRO7,19,9,1,0,0,0,0,2,0,53,0,0,0,11,12,0,28,3,53,12
SOCORRO8,112,83,4,2,13,1,9,62,0,298,9,1,6,81,203,2,195,91,298,203
SOCORRO9,3,3,0,0,1,0,2,17,0,13,1,0,1,6,29,0,6,20,13,29
TAOS1,28,134,1,0,6,0,1,12,2,215,46,0,0,15,54,1,162,20,215,54
TAOS10,60,116,0,0,3,0,3,3,0,247,6,1,0,22,49,0,176,9,247,49
TAOS11,166,224,0,0,6,1,1,18,0,582,35,0,1,50,79,3,390,26,582,79
TAOS12,218,318,3,1,6,1,5,29,0,778,32,0,0,65,156,2,536,45,778,156
TAOS13,78,75,2,1,2,0,1,0,0,408,18,0,0,42,16,0,153,6,408,16
TAOS14,79,133,1,1,6,1,2,14,0,292,17,0,0,28,88,3,212,25,292,88
TAOS15,205,350,3,0,5,1,7,25,0,747,47,0,2,71,158,3,555,41,747,158
TAOS16,98,165,0,1,0,0,5,8,0,347,33,0,1,41,63,1,263,14,347,63
TAOS17,240,408,2,1,4,3,5,43,0,960,56,1,3,114,204,0,648,58,960,204
TAOS18,159,272,0,2,6,1,4,28,0,553,49,0,3,61,161,1,431,41,553,161
TAOS19,243,278,3,1,6,1,3,21,0,659,26,0,1,47,182,1,521,35,659,182
TAOS2,44,13,0,0,1,0,0,1,0,91,1,0,0,7,23,0,57,2,91,23
TAOS20,131,127,3,0,3,0,0,13,0,328,17,0,0,29,83,1,258,19,328,83
TAOS21,191,175,1,0,6,0,1,29,1,489,26,0,0,49,137,4,366,37,489,137
TAOS22,31,66,0,0,0,0,0,12,0,118,11,0,0,14,30,1,97,12,118,30
TAOS23,10,35,0,1,0,0,0,2,0,44,8,0,0,7,13,0,45,3,44,13
TAOS24,53,31,1,0,4,0,0,8,0,92,1,2,1,9,33,0,84,13,92,33
TAOS25,21,21,3,0,5,2,3,12,0,83,0,0,1,19,41,0,42,25,83,41
TAOS26,15,12,0,1,6,0,0,3,0,36,2,0,2,8,19,0,27,10,36,19
TAOS27,77,44,1,2,5,0,0,7,0,158,1,0,0,24,47,0,121,15,158,47
TAOS28,82,67,2,0,9,0,1,10,0,155,7,0,4,31,67,0,149,22,155,67
TAOS29,36,27,1,0,1,0,1,8,0,85,2,0,0,10,28,0,63,11,85,28
TAOS3,22,27,0,0,1,0,0,12,0,54,11,0,0,8,27,0,49,13,54,27
TAOS30,17,8,0,0,1,0,0,2,0,34,1,0,0,2,4,0,25,3,34,4
TAOS31,8,8,0,0,1,0,0,0,0,20,0,0,0,1,11,0,16,1,20,11
TAOS32,49,32,2,1,2,0,0,2,0,116,2,0,0,8,20,1,81,7,116,20
TAOS33,10,13,0,0,0,0,1,2,0,48,1,0,0,17,16,0,23,3,48,16
TAOS34,109,108,1,0,1,1,4,27,2,317,10,0,0,44,97,2,217,34,317,97
TAOS35,167,250,1,1,7,0,3,18,0,560,34,0,2,55,145,0,417,30,560,145
TAOS36,16,12,0,0,0,0,0,0,0,42,1,0,0,14,4,0,28,0,42,4
TAOS4,90,95,0,2,7,0,1,12,0,241,14,0,2,26,69,0,185,22,241,69
TAOS5,74,82,1,0,5,2,0,8,0,208,12,0,1,39,68,1,156,16,208,68
TAOS6,123,94,3,0,10,1,0,17,1,286,4,0,1,58,113,0,217,31,286,113
TAOS7,15,30,1,1,3,0,5,25,0,93,0,0,2,42,208,0,45,35,93,208
TAOS8,41,86,0,0,0,0,2,5,0,170,13,1,1,12,25,1,127,7,170,25
TAOS9,297,424,0,1,7,2,11,24,0,1012,73,0,3,90,189,1,721,45,1012,189
TORRANCE1,69,53,5,2,23,1,4,75,0,149,8,0,5,46,283,0,122,110,149,283
TORRANCE10,34,57,0,2,22,0,8,53,2,99,8,0,3,18,183,0,91,85,99,183
TORRANCE11,19,3,1,1,5,1,2,16,0,26,0,0,0,4,43,0,22,26,26,43
TORRANCE12,1,6,0,2,4,1,0,13,0,4,2,0,0,5,53,0,7,20,4,53
TORRANCE13,84,66,5,6,24,1,3,132,3,222,6,0,3,102,465,0,150,171,222,465
TORRANCE14,1,3,1,0,5,0,0,20,1,4,0,0,0,5,53,0,4,26,4,53
TORRANCE15,11,19,0,0,9,0,1,33,3,63,3,0,1,20,149,0,30,43,63,149
TORRANCE16,54,44,0,0,12,1,2,64,2,125,1,2,1,30,171,0,98,79,125,171
TORRANCE2,16,24,2,0,13,2,4,44,0,45,1,0,2,25,159,1,40,65,45,159
TORRANCE3,35,23,4,4,13,1,1,43,0,69,4,1,2,22,107,1,58,66,69,107
TORRANCE4,32,26,2,3,11,1,0,29,0,62,0,0,1,18,73,1,58,46,62,73
TORRANCE5,71,111,6,4,27,5,13,180,2,342,18,1,9,160,750,2,182,235,342,750
TORRANCE6,96,91,2,5,48,3,9,142,2,258,9,1,5,115,603,2,187,209,258,603
TORRANCE7,40,53,3,4,18,1,4,82,1,140,3,0,3,58,303,2,93,112,140,303
TORRANCE8,29,16,1,2,7,0,0,15,0,50,1,0,1,22,78,0,45,25,50,78
TORRANCE9,59,60,3,5,29,2,6,82,0,127,2,1,0,42,241,0,119,127,127,241
UNION1,6,19,0,3,10,1,1,61,1,47,1,1,0,15,201,0,25,76,47,201
UNION4,44,50,6,3,24,1,7,88,4,76,1,0,0,36,373,0,94,129,76,373
UNION6,51,65,4,2,4,3,2,79,0,104,6,0,3,45,290,1,116,94,104,290
UNION7,44,35,5,2,6,1,2,46,1,80,5,1,3,31,196,0,79,62,80,196
UNION8,5,11,2,2,9,0,2,23,1,11,0,0,2,4,92,0,16,38,11,92
UNION9,4,10,0,0,6,0,0,17,0,2,0,0,1,3,64,0,14,23,2,64
VALENCIA1,13,14,0,0,5,1,0,16,2,63,1,0,1,17,79,0,27,22,63,79
VALENCIA10,55,60,1,2,14,1,3,45,2,189,2,0,2,67,211,0,115,66,189,211
VALENCIA11,42,43,4,5,28,1,7,108,2,154,8,0,4,61,371,2,85,153,154,371
VALENCIA12,64,60,3,2,14,1,5,58,1,256,4,0,3,89,309,0,124,83,256,309
VALENCIA13,47,28,0,0,1,1,1,5,0,189,2,0,0,37,63,0,75,8,189,63
VALENCIA14,88,67,3,2,24,2,2,72,1,264,4,0,6,72,302,1,155,105,264,302
VALENCIA15,45,31,0,1,8,0,1,29,0,147,2,0,3,46,182,0,76,39,147,182
VALENCIA16,76,79,0,4,6,3,1,31,5,399,7,2,1,96,223,1,155,45,399,223
VALENCIA17,147,149,3,5,22,6,12,112,7,604,9,0,10,182,682,0,296,160,604,682
VALENCIA18,41,62,2,3,16,5,14,86,1,189,3,0,2,63,337,1,103,126,189,337
VALENCIA19,40,31,4,1,14,2,3,72,1,137,2,0,6,49,262,0,71,96,137,262
VALENCIA2,126,111,3,5,12,1,6,57,5,381,8,1,1,126,370,3,237,84,381,370
VALENCIA20,25,19,2,0,6,0,0,30,0,75,1,1,1,17,131,0,44,38,75,131
VALENCIA21,127,98,5,5,14,0,4,88,0,394,12,0,7,106,423,2,225,116,394,423
VALENCIA22,32,33,2,0,6,0,4,42,1,131,2,0,5,40,191,0,65,54,131,191
VALENCIA23,130,108,2,6,10,0,3,54,0,364,14,1,4,116,413,1,238,75,364,413
VALENCIA24,6,15,0,0,0,0,0,1,1,106,4,0,0,12,24,0,21,1,106,24
VALENCIA25,45,29,4,0,9,0,0,17,1,125,4,1,3,38,110,0,74,30,125,110
VALENCIA26,64,50,4,1,4,1,3,26,0,178,2,1,0,48,127,1,114,39,178,127
VALENCIA27,108,82,6,4,23,0,3,72,1,359,7,1,3,105,401,2,190,108,359,401
VALENCIA28,56,63,0,2,21,1,5,68,4,358,7,2,3,74,311,1,119,97,358,311
VALENCIA29,141,96,9,10,12,4,12,132,1,392,3,0,6,87,526,1,237,179,392,526
VALENCIA3,62,52,1,1,10,0,6,39,1,192,3,1,2,55,218,0,114,57,192,218
VALENCIA30,129,139,1,2,19,1,7,139,2,407,14,2,10,80,528,2,268,169,407,528
VALENCIA31,112,105,1,4,19,1,5,72,1,303,5,1,3,92,428,1,217,102,303,428
VALENCIA32,116,77,4,5,14,1,6,68,0,324,2,0,0,106,395,0,193,98,324,395
VALENCIA33,29,21,0,0,5,0,1,16,0,104,2,0,0,15,127,1,50,22,104,127
VALENCIA34,36,52,2,2,9,1,2,29,0,97,4,0,2,23,136,0,88,45,97,136
VALENCIA35,51,47,5,0,8,0,4,26,0,136,1,0,2,54,205,0,98,43,136,205
VALENCIA36,28,39,2,1,7,0,2,22,3,107,1,0,0,55,143,0,67,34,107,143
VALENCIA37,31,44,1,1,9,1,6,39,1,135,0,0,3,32,187,0,75,57,135,187
VALENCIA38,58,59,4,5,13,2,3,43,1,221,4,0,3,59,306,1,117,70,221,306
VALENCIA39,137,108,0,3,19,1,10,113,3,518,11,0,13,106,652,1,245,146,518,652
VALENCIA4,67,67,3,8,19,2,10,105,3,198,5,1,5,64,395,0,134,147,198,395
VALENCIA40,94,92,5,3,23,2,9,77,0,335,7,0,6,82,387,2,186,119,335,387
VALENCIA41,109,92,1,1,25,0,12,86,4,379,6,0,17,91,495,0,201,125,379,495
VALENCIA5,111,111,6,5,26,1,7,127,2,360,6,1,2,120,502,2,222,172,360,502
VALENCIA6,105,111,3,4,24,4,10,87,1,404,6,1,5,117,472,0,216,132,404,472
VALENCIA7,142,123,5,5,26,3,10,132,2,483,15,0,9,133,591,0,265,181,483,591
VALENCIA8,130,144,5,9,32,3,12,106,3,507,15,2,7,148,716,0,274,167,507,716
VALENCIA9,62,74,3,4,15,1,8,71,0,177,4,0,1,66,284,2,136,102,177,284
