precinct,pri_dem_CLINTON,pri_dem_FUENTE,pri_dem_HEWES,pri_dem_O'MALLEY,pri_dem_SANDERS,pri_dem_STEINBERG,pri_grn_MESPLAY,pri_grn_STEIN,pri_rep_BUSH,pri_rep_CARSON,pri_rep_CHRISTIE,pri_rep_COOK,pri_rep_CRUZ,pri_rep_FIORINA,pri_rep_GRAHAM,pri_rep_HUCKABEE,pri_rep_KASICH,pri_rep_PATAKI,pri_rep_PAUL,pri_rep_RUBIO,pri_rep_SANTORUM,pri_rep_TRUMP,gen_dem_CLINTON,gen_grn_STEIN,gen_lib_JOHNSON,gen_rep_TRUMP,dem_primary_total,rep_primary_total,dem_general_total,rep_general_total
APACHEALPINE,15,0,0,2,20,1,0,0,0,0,0,0,37,0,0,0,13,0,0,2,0,55,60,2,13,216,38,107,60,216
APACHECANYON,351,3,4,4,143,9,0,0,2,3,3,1,22,0,1,0,0,0,3,5,0,13,1387,32,72,143,514,53,1387,143
APACHECHINLE,178,0,0,5,79,1,0,0,4,1,0,0,12,0,0,0,7,0,0,2,1,13,678,17,38,93,263,40,678,93
APACHECONCHO,42,3,1,2,73,1,0,4,0,4,0,0,157,1,0,0,16,0,0,8,0,285,228,11,44,1135,122,471,228,1135
APACHECORNFIELDS,129,0,2,2,53,4,0,0,0,1,0,0,5,0,0,1,2,0,0,1,1,1,349,3,16,33,190,12,349,33
APACHECOTTONWOOD,202,0,1,1,52,8,0,0,2,0,3,0,6,1,0,0,0,0,0,0,1,4,589,11,26,47,264,17,589,47
APACHEDENNEHOTSO,135,1,3,3,29,1,0,0,6,2,3,1,10,1,1,1,2,0,1,0,1,5,430,9,16,40,172,34,430,40
APACHEEAGAR,49,3,10,7,78,4,0,0,5,13,0,0,272,1,0,0,48,0,3,24,0,211,141,7,22,762,151,577,141,762
APACHEGANADO,287,3,2,3,93,7,0,0,1,0,0,0,12,0,0,0,2,0,0,1,0,9,801,19,43,88,395,25,801,88
APACHEGREER,7,1,0,0,9,0,0,0,0,0,0,0,13,0,0,0,5,0,0,0,0,23,34,0,1,87,17,41,34,87
APACHEHOUCK,162,4,5,2,72,3,0,0,1,2,0,0,14,0,1,0,0,0,0,1,0,7,407,9,47,102,248,26,407,102
APACHEKINLICHEE,192,1,2,2,61,5,0,0,1,2,2,1,2,0,1,0,0,0,0,0,0,2,520,8,27,42,263,11,520,42
APACHEKLAGETOH,129,3,1,4,55,3,0,0,1,3,0,0,6,1,0,1,0,0,0,1,0,5,359,12,35,54,195,18,359,54
APACHELUKACHUKAI,175,1,2,5,40,1,0,0,1,0,0,0,5,0,2,0,1,0,0,2,0,2,710,14,44,47,224,13,710,47
APACHELUPTON,107,1,0,1,43,1,0,0,1,1,0,0,4,1,0,0,0,0,0,1,0,2,261,8,12,50,153,10,261,50
APACHEMANY,265,3,7,1,69,4,0,0,2,0,0,0,6,0,0,0,0,0,0,2,0,1,732,7,45,51,349,11,732,51
APACHEMCNARY,19,0,1,0,3,0,0,0,0,0,0,0,0,0,0,0,0,0,0,0,0,0,66,3,4,11,23,0,66,11
APACHEMEXICAN,23,0,0,0,1,0,0,0,1,0,0,0,3,1,0,0,0,0,0,0,0,0,87,1,9,5,24,5,87,5
APACHENAZLINI,139,1,0,10,66,2,0,0,5,2,0,0,2,0,1,0,1,0,1,0,0,2,430,6,28,45,218,14,430,45
APACHENUTRIOSO,13,0,0,2,25,0,1,0,0,0,0,0,24,0,0,0,8,0,0,3,1,51,59,3,4,213,40,87,59,213
APACHEPUERCO,146,1,2,6,99,6,0,0,1,6,0,2,22,0,1,0,6,1,1,6,0,28,478,20,32,223,260,74,478,223
APACHERED,69,6,1,0,42,2,0,0,1,2,1,1,12,0,0,1,3,0,1,6,0,5,357,10,54,91,120,33,357,91
APACHEROCK,167,0,1,2,60,0,4,10,1,2,0,1,5,0,0,1,0,0,1,0,1,1,557,8,28,38,230,13,557,38
APACHEROUGH,93,1,2,0,39,3,0,0,1,1,1,0,4,0,1,0,0,0,0,0,0,1,381,1,12,25,138,9,381,25
APACHEROUND,135,1,1,3,27,2,0,0,2,0,2,0,2,0,0,0,0,0,1,0,1,1,66,5,14,470,169,9,66,470
APACHESAWMILL,114,0,0,1,52,6,0,0,2,2,0,0,3,1,0,0,0,0,0,4,0,3,337,16,28,39,173,15,337,39
APACHESPRINGERVILLE,63,8,5,8,73,5,0,0,3,8,0,0,135,0,0,1,17,0,1,11,2,176,145,5,28,521,162,354,145,521
APACHEST.,348,19,4,11,267,11,1,1,12,11,2,1,239,0,0,1,18,1,6,20,2,188,854,39,62,124,660,501,854,124
APACHESTEAMBOAT,218,0,3,2,69,4,0,0,0,1,0,0,4,0,0,0,0,0,0,1,1,4,630,11,22,38,296,11,630,38
APACHESWEETWATER,70,0,0,2,37,4,0,0,1,2,1,1,10,0,1,0,1,0,0,0,0,3,228,7,36,61,113,20,228,61
APACHETACHEE,71,1,3,1,32,2,0,0,0,0,0,1,1,0,1,0,0,0,0,0,0,4,245,6,5,22,110,7,245,22
APACHETEEC,65,0,1,2,22,1,0,0,0,0,0,0,5,0,1,0,3,0,0,3,1,4,303,7,27,61,91,17,303,61
APACHEVERNON,58,2,0,2,50,0,0,0,2,7,0,0,135,1,0,1,21,1,0,9,0,227,175,16,30,838,112,404,175,838
APACHEWHEATFIELDS,226,3,4,6,62,5,0,0,0,0,0,0,2,0,0,2,2,0,0,1,0,4,693,17,30,42,306,11,693,42
APACHEWIDE,121,1,1,1,34,4,0,0,0,2,0,0,2,0,0,0,1,0,0,1,0,3,335,5,19,37,162,9,335,37
COCHISE01 BE BENSON,105,2,3,1,84,2,0,0,5,20,0,0,92,0,1,3,24,1,1,22,0,172,304,24,48,630,197,341,304,630
COCHISE02 BE J-SIX,102,0,1,2,81,2,0,0,1,13,0,0,192,0,0,0,20,0,0,31,1,240,320,20,59,992,188,498,320,992
COCHISE03 BE SAN PEDRO,114,4,4,7,88,2,0,0,4,11,0,1,93,1,0,1,27,0,1,39,0,218,376,26,65,727,219,396,376,727
COCHISE04 BI BISBEE,190,2,4,4,272,2,1,2,1,6,0,0,16,2,0,0,7,0,0,4,0,34,699,58,26,179,474,70,699,179
COCHISE05 BI DON LUIS,169,4,0,11,142,2,0,1,1,4,1,0,26,0,0,0,13,0,2,11,0,101,499,27,41,397,328,159,499,397
COCHISE06 BI WARREN,168,2,2,8,239,0,0,3,0,3,0,0,45,1,0,0,16,0,0,12,0,81,577,40,50,330,419,158,577,330
COCHISE07 BOWIE,19,1,2,0,26,0,0,0,0,1,0,0,20,0,1,0,0,0,0,1,0,33,81,7,7,126,48,56,81,126
COCHISE08 COCHISE STRONGHOLD,107,1,1,1,98,0,0,1,0,13,0,0,137,1,0,2,32,0,0,18,0,284,292,29,40,883,208,487,292,883
COCHISE09 DO CALVARY,213,4,0,1,52,1,0,0,2,4,0,0,11,0,0,0,3,0,1,4,0,16,605,23,21,117,271,41,605,117
COCHISE10 DO CARLSON,290,4,0,6,91,3,0,0,6,8,1,0,32,0,0,0,6,0,0,29,0,30,795,20,34,272,394,112,795,272
COCHISE11 DO CASTRO PARK,277,5,0,5,71,1,0,0,1,1,0,0,13,0,0,0,2,0,0,5,1,11,815,24,21,104,359,34,815,104
COCHISE12 DO GADSDEN,180,4,2,3,67,1,0,0,0,1,0,0,12,0,0,0,0,0,0,12,1,19,561,17,22,119,257,45,561,119
COCHISE13 DO SUNNYSIDE,164,1,3,4,62,1,0,0,0,3,0,0,23,0,0,0,11,0,0,6,0,47,553,27,22,201,235,90,553,201
COCHISE14 GREATER SAN PEDRO,86,3,0,1,72,3,0,1,2,8,0,0,156,0,1,2,15,1,1,23,1,221,241,28,81,869,165,431,241,869
COCHISE15 HEREFORD,102,1,1,2,112,2,0,0,2,11,0,0,162,0,0,1,40,0,1,45,0,254,359,21,62,948,220,516,359,948
COCHISE16 HUACHUCA,59,2,2,2,46,1,0,2,1,4,1,0,55,0,0,1,6,0,0,13,0,86,203,14,55,373,112,167,203,373
COCHISE17 MCNEAL,46,1,3,3,70,2,0,0,0,13,1,0,102,0,0,0,10,0,0,8,0,102,168,15,31,452,125,236,168,452
COCHISE18 NACO,86,0,0,1,48,0,0,0,0,0,0,0,8,0,0,0,1,0,0,6,0,19,253,11,15,92,135,34,253,92
COCHISE19 PALOMINAS,62,0,0,0,68,2,0,1,1,10,1,0,130,1,0,1,25,0,2,20,0,148,241,18,56,650,132,339,241,650
COCHISE20 PIRTLEVILLE,153,2,0,0,58,2,0,1,0,4,0,0,29,0,0,1,8,0,0,5,0,41,514,23,22,211,215,88,514,211
COCHISE21 POMERENE,55,0,0,4,79,2,0,1,3,4,0,0,85,0,0,0,9,0,2,23,1,134,216,15,31,528,140,261,216,528
COCHISE22 PORTAL,31,0,0,2,25,0,0,0,0,2,1,0,18,0,0,0,7,0,1,3,0,48,96,6,4,119,58,80,96,119
COCHISE23 SAN SIMON,12,0,1,0,12,0,0,0,1,3,0,0,16,0,0,0,1,0,0,4,0,23,27,3,2,134,25,48,27,134
COCHISE24 ST DAVID,87,4,1,0,76,1,0,0,5,25,0,0,235,1,0,1,25,0,0,37,0,270,290,16,72,1044,169,599,290,1044
COCHISE25 SUNIZONA,36,0,0,3,33,1,0,0,2,4,0,0,37,0,0,1,8,0,1,6,0,68,104,8,10,259,73,127,104,259
COCHISE26 SV AVENIDA DEL SOL,161,1,1,3,84,0,0,0,5,14,0,0,129,1,0,3,31,0,3,37,0,200,486,23,69,837,250,423,486,837
COCHISE27 SV BUFFALO SOLDIER,154,0,0,2,111,2,0,0,3,12,0,0,207,1,1,2,87,0,2,49,0,283,646,32,120,1137,269,647,646,1137
COCHISE28 SV BUSBY,108,1,1,4,81,2,0,1,3,9,0,0,83,1,0,2,25,0,0,17,2,162,374,25,62,538,197,304,374,538
COCHISE29 SV CARMELITA,67,0,0,2,58,0,0,1,1,9,0,0,59,1,0,0,19,0,0,17,0,93,240,14,49,402,127,199,240,402
COCHISE30 SV CLOUD,37,0,0,0,42,2,0,0,0,5,0,0,47,0,0,0,7,0,1,7,0,62,189,9,33,295,81,129,189,295
COCHISE31 SV COLLEGE,87,2,0,3,68,1,0,0,3,13,0,1,103,1,0,2,34,0,0,47,1,159,370,23,75,693,161,364,370,693
COCHISE32 SV COUNTRY CLUB,162,0,0,4,68,0,1,1,2,19,0,1,199,4,0,1,104,1,1,103,2,350,490,16,75,1194,234,787,490,1194
COCHISE33 SV ESTATES,95,2,1,3,92,3,0,0,1,9,2,1,100,1,2,1,16,0,2,30,1,208,378,21,54,734,196,374,378,734
COCHISE34 SV HOPI,96,0,2,5,67,1,1,0,5,9,2,0,83,0,1,1,22,0,0,31,0,128,352,21,52,543,171,282,352,543
COCHISE35 SV MOSON,82,4,2,2,73,1,0,2,1,20,1,0,189,0,0,1,22,0,3,26,0,271,327,23,82,953,164,534,327,953
COCHISE36 SV PUEBLO DEL SOL,92,3,0,4,56,1,0,0,3,10,0,0,85,1,0,1,29,0,1,32,2,133,292,20,55,536,156,297,292,536
COCHISE37 SV RAMSEY,77,1,0,1,65,4,0,0,0,8,0,0,150,1,0,3,29,0,3,31,2,193,294,16,42,727,148,420,294,727
COCHISE38 SV SNYDER,84,0,0,1,54,2,0,0,3,10,0,0,75,1,1,2,26,1,2,28,0,122,281,17,55,403,141,271,281,403
COCHISE39 SV SOLDIER CREEK,113,4,0,3,115,3,0,0,2,17,1,0,99,1,1,3,18,1,1,29,0,160,496,35,109,723,238,333,496,723
COCHISE40 SV TOWN & COUNTRY,116,2,0,2,69,0,0,0,1,16,2,0,150,1,0,1,51,0,3,45,0,221,398,13,70,889,189,491,398,889
COCHISE41 SV VILLAGE MEADOWS,148,2,1,4,73,3,0,0,5,22,0,0,205,1,0,2,61,0,0,49,0,252,507,19,88,1028,231,597,507,1028
COCHISE42 SV VISTA VILLAGE,109,2,3,2,61,0,0,0,1,10,2,1,109,0,0,0,19,0,0,29,1,154,366,25,76,617,177,326,366,617
COCHISE43 SV YAQUI,111,0,2,5,116,0,1,0,1,19,1,0,199,0,0,1,82,1,2,61,1,332,449,18,67,1174,234,700,449,1174
COCHISE44 TOMBSTONE,96,4,1,0,86,1,0,0,2,10,0,0,73,1,0,0,17,0,0,11,1,281,278,24,60,828,188,396,278,828
COCHISE45 WEBB,33,1,0,1,28,0,0,1,3,5,0,1,40,0,1,1,5,0,1,7,1,79,116,9,16,306,63,144,116,306
COCHISE46 WHETSTONE,92,1,2,6,75,2,0,1,3,12,1,0,136,3,0,2,29,3,2,33,0,286,330,25,80,1087,178,510,330,1087
COCHISE47 WI KANSAS SETTLEMENT,86,4,2,4,67,2,0,0,0,4,0,0,117,0,0,1,16,0,1,26,0,189,248,13,39,663,165,354,248,663
COCHISE48 WI STEWART,58,4,1,6,46,0,0,0,1,7,0,0,110,1,0,1,10,0,1,16,0,188,177,14,35,623,115,335,177,623
COCHISE49 WI WILLCOX,59,1,7,7,44,1,0,0,0,2,0,0,68,0,0,0,8,0,1,18,0,102,177,18,34,406,119,199,177,406
GREENLEEBLUE,7,0,0,0,4,0,0,0,0,0,0,0,4,0,0,0,0,0,0,0,0,7,1,0,1,25,11,11,1,25
GREENLEECLIFTON 1,177,16,1,0,72,2,0,0,2,1,0,0,27,0,0,0,1,0,1,5,0,24,326,9,38,226,268,61,326,226
GREENLEECLIFTON 2,99,9,2,6,55,1,0,0,0,3,0,0,19,0,0,0,3,0,1,6,0,33,192,7,13,204,172,65,192,204
GREENLEEDUNCAN,62,7,1,13,70,3,0,0,3,9,0,1,73,0,0,0,5,0,0,15,0,75,135,11,47,488,156,181,135,488
GREENLEEEAGLE,6,0,0,1,8,0,0,0,0,0,0,0,11,0,0,0,0,0,0,0,0,8,2,0,1,13,15,19,2,13
GREENLEEEAST PLANTSITE,10,0,0,0,14,0,0,0,0,0,0,0,14,0,0,0,4,0,0,2,0,17,62,2,23,145,24,37,62,145
GREENLEEMORENCI,56,4,1,2,54,0,0,0,1,3,0,0,51,1,0,1,7,0,0,12,1,61,222,18,54,461,117,138,222,461
GREENLEEYORK/SHELDON,80,6,4,6,48,4,0,0,0,11,0,0,38,0,0,0,4,0,0,7,0,57,152,12,23,330,148,117,152,330
LA PAZ051 PARKER,138,5,1,2,146,3,0,2,3,12,0,0,99,1,0,0,31,0,1,20,0,242,702,43,85,951,295,409,702,951
LA PAZ052 POSTON,27,1,0,0,28,0,0,0,0,1,0,0,12,0,0,0,0,0,0,3,0,10,126,3,12,61,56,26,126,61
LA PAZ054 UPRIVER,52,1,3,2,39,1,0,0,1,4,0,0,45,1,0,2,21,0,0,34,0,306,220,6,31,958,98,414,220,958
LA PAZ055 BOUSE,23,0,2,0,11,0,0,0,0,2,0,0,24,1,0,1,5,0,0,4,0,94,53,3,9,280,36,131,53,280
LA PAZ056 WENDEN,10,0,1,0,2,0,0,0,0,2,0,0,13,0,0,0,2,0,0,2,0,10,23,0,4,85,13,29,23,85
LA PAZ057 SALOME,29,0,1,0,21,1,0,0,0,6,0,0,44,0,0,1,12,0,1,8,0,151,121,0,13,461,52,223,121,461
LA PAZ058 QUARTZSITE 2,43,2,0,2,38,1,0,0,3,14,0,0,39,2,0,2,9,0,2,9,0,163,149,10,32,551,86,243,149,551
LA PAZ059 CIBOLA,5,0,0,0,3,0,0,0,0,0,0,0,4,0,0,0,1,0,0,2,0,27,19,1,2,67,8,34,19,67
LA PAZ060 EHRENBERG,17,1,0,0,8,0,0,0,1,1,0,0,20,0,0,0,3,0,0,2,0,47,64,4,6,179,26,74,64,179
LA PAZ062 VICKSBURG,7,0,0,0,13,0,0,0,2,4,0,0,20,0,0,1,0,0,0,1,0,40,32,1,8,137,20,68,32,137
MOHAVE201-WIKIEUP,3,1,0,0,2,0,0,0,2,1,0,0,16,0,0,0,1,0,0,4,0,37,20,2,4,149,6,61,20,149
MOHAVE202-WHITE HILLS,6,0,0,1,7,0,0,0,0,0,0,0,6,0,0,0,4,0,0,2,0,28,32,3,9,137,14,40,32,137
MOHAVE203-YUCCA,16,0,2,0,24,0,0,0,1,1,0,0,28,0,0,0,2,0,0,6,1,112,72,8,10,332,42,151,72,332
MOHAVE204-CHLORIDE,17,2,0,0,26,1,0,1,1,2,0,0,37,0,0,0,3,0,1,10,0,83,74,3,9,332,46,137,74,332
MOHAVE205-NORTH CANYON,1,0,1,0,6,0,0,0,1,6,0,0,40,1,0,0,7,1,7,4,0,68,26,10,96,781,8,135,26,781
MOHAVE206-OATMAN,4,0,0,0,7,0,0,0,0,0,0,0,6,0,0,0,1,0,1,2,0,30,17,1,3,81,11,40,17,81
MOHAVE207-DESERT HILLS,64,0,1,3,43,1,0,0,1,8,0,0,60,2,0,0,22,0,0,21,0,355,265,6,25,1003,112,469,265,1003
MOHAVE208-MEADVIEW,53,1,2,0,45,0,0,1,0,3,0,0,44,0,0,1,5,0,0,5,0,156,153,2,5,479,101,214,153,479
MOHAVE209-DOLAN SPRINGS,52,0,0,2,55,3,0,0,0,3,0,0,36,0,0,1,4,0,1,8,0,115,178,7,32,503,112,168,178,503
MOHAVE210-GOLDEN VALLEY,221,8,3,7,172,5,0,0,7,10,0,0,278,0,0,6,37,0,6,62,0,899,821,39,114,3175,416,1305,821,3175
MOHAVE211-BULLHEAD CITY,1040,12,6,27,563,22,0,0,18,47,6,0,783,5,2,10,190,2,3,243,0,2601,3675,125,384,9393,1670,3910,3675,9393
MOHAVE212-MOHAVE VALLEY,516,2,8,18,343,14,0,0,11,28,3,2,532,2,1,1,102,0,6,124,1,1526,1953,82,234,6002,901,2339,1953,6002
MOHAVE213-HACKBERRY,54,2,0,1,53,2,0,0,2,8,0,0,148,0,0,1,19,0,1,15,0,330,227,8,45,988,112,524,227,988
MOHAVE214-TRUXTON,8,0,0,0,13,0,0,0,1,1,0,0,22,0,0,0,1,0,1,3,0,27,16,1,2,81,21,56,16,81
MOHAVE215-KINGMAN CENTRAL,216,7,6,9,185,5,0,0,4,19,2,1,310,2,2,1,59,0,0,56,0,517,830,54,187,2415,428,973,830,2415
MOHAVE216-KINGMAN NORTH,265,3,8,17,199,14,0,0,7,20,0,1,385,1,0,2,61,0,4,49,0,792,933,45,177,3127,506,1322,933,3127
MOHAVE217-KINGMAN SOUTH,319,4,10,17,229,8,1,2,11,36,8,0,595,2,0,2,149,0,3,122,1,1153,1231,58,244,4022,587,2082,1231,4022
MOHAVE218-KINGMAN EAST,313,4,4,19,255,8,0,3,14,30,2,0,549,1,1,7,86,0,7,83,3,1145,1210,71,292,4545,603,1928,1210,4545
MOHAVE219-LAKE HAVASU N.,387,8,3,11,287,5,0,0,13,30,4,1,425,2,0,9,126,0,6,133,0,1788,1331,49,192,5375,701,2537,1331,5375
MOHAVE221-LITTLEFIELD,30,1,1,0,37,0,0,0,2,0,0,0,40,0,0,2,9,0,0,5,0,129,237,4,27,672,69,187,237,672
MOHAVE222-GOLDEN SHORES,72,1,4,5,36,1,0,1,2,3,0,0,52,0,0,0,12,0,1,7,1,179,197,12,7,618,119,257,197,618
MOHAVE223-MOCCASIN,2,1,0,0,1,1,0,0,0,0,0,0,18,0,0,0,0,0,0,0,0,1,28,1,4,35,5,19,28,35
MOHAVE224-PEACH SPRINGS,18,0,0,0,12,0,0,0,0,0,0,0,4,0,0,0,0,0,0,1,0,2,194,4,5,28,30,7,194,28
NAVAJOANTELOPE,19,1,0,1,24,0,0,0,0,1,0,0,28,0,0,0,2,0,0,3,0,15,70,4,11,150,45,49,70,150
NAVAJOBISON,2,0,0,0,3,0,0,0,0,1,0,0,14,0,0,0,1,0,0,1,0,14,10,0,1,59,5,31,10,59
NAVAJOBLACK BUTTES,87,2,0,1,52,1,0,0,0,2,0,0,22,0,0,0,1,0,0,4,0,18,318,13,17,132,143,47,318,132
NAVAJOCEDAR VALLEY,34,0,0,0,12,0,0,0,0,0,0,0,1,0,0,0,0,0,0,0,0,0,89,2,2,10,46,1,89,10
NAVAJOHUBBELL,1,0,0,0,1,0,0,0,0,0,0,0,1,0,0,0,0,0,0,0,0,2,4,0,0,11,2,3,4,11
NAVAJOJUNIPER,6,0,0,0,5,0,0,0,0,1,0,0,10,0,0,0,0,0,0,1,0,18,19,1,3,85,11,30,19,85
NAVAJOMOGOLLON,13,0,0,0,9,0,0,0,0,1,0,0,34,0,0,0,5,0,0,5,0,40,41,1,7,161,22,85,41,161
NAVAJOPAINTED DESERT,25,0,0,0,9,0,0,0,0,0,0,0,12,0,0,0,0,0,0,0,0,6,62,2,3,15,34,18,62,15
NAVAJOPIONEER,12,0,0,0,17,1,0,0,0,6,0,0,119,0,0,0,9,0,0,12,0,86,51,5,16,460,30,232,51,460
NAVAJORED BUTTE,142,1,2,3,63,2,0,0,3,0,0,0,11,0,0,0,1,0,0,1,0,4,445,18,27,59,213,20,445,59
NAVAJOSITGREAVES,32,0,0,1,29,1,0,0,0,7,0,0,86,0,0,0,12,0,0,17,0,101,123,6,21,480,63,223,123,480
NAVAJOSTONE BUTTE,11,0,0,0,4,0,0,0,0,0,0,0,0,0,0,0,0,0,0,0,0,0,30,2,0,2,15,0,30,2
NAVAJOSUNRISE,93,1,0,1,57,1,0,0,0,4,0,0,56,0,0,0,13,0,0,15,0,77,360,10,23,361,153,165,360,361
NAVAJOWOODLAND,5,0,0,0,4,0,0,0,0,0,0,0,8,0,0,0,1,0,0,1,0,12,17,0,3,66,9,22,17,66
PIMA1,306,2,4,1,228,3,0,0,6,29,2,0,297,1,0,3,60,0,3,83,0,416,467,19,32,462,544,900,467,462
PIMA10,582,3,1,9,263,2,1,0,6,23,5,0,341,6,1,2,225,0,2,238,1,575,749,5,36,825,860,1425,749,825
PIMA100,150,1,0,1,114,0,2,0,0,0,0,0,3,0,0,0,1,0,0,2,0,1,1112,46,88,603,266,7,1112,603
PIMA101,292,4,3,4,281,4,0,5,4,14,0,0,236,0,0,1,29,0,5,40,0,405,618,22,41,637,588,734,618,637
PIMA102,41,0,1,0,24,0,0,0,0,0,0,0,2,0,0,0,0,0,0,0,0,1,1074,32,67,467,66,3,1074,467
PIMA103,190,3,1,1,190,3,0,2,10,13,1,0,245,1,0,2,33,0,4,40,0,426,644,16,12,273,388,775,644,273
PIMA104,713,7,6,13,504,4,0,1,6,20,2,0,364,0,1,1,113,0,0,138,0,446,1252,29,117,1468,1247,1091,1252,1468
PIMA105,95,1,0,0,66,1,0,0,0,1,0,0,12,0,0,0,1,0,0,5,0,20,642,26,55,419,163,39,642,419
PIMA106,114,1,0,5,64,2,0,0,0,1,0,0,18,1,0,0,3,0,0,10,0,46,594,7,45,570,186,79,594,570
PIMA107,588,6,2,11,335,5,0,3,7,13,1,0,135,0,0,1,28,0,0,29,0,150,1358,55,79,782,947,364,1358,782
PIMA108,38,1,1,1,29,1,0,1,0,0,0,0,0,0,0,0,0,0,0,0,0,1,1842,60,100,940,71,1,1842,940
PIMA109,166,2,0,1,100,0,0,0,0,2,0,0,12,0,1,0,2,0,0,2,1,6,1237,28,159,1861,269,26,1237,1861
PIMA11,552,1,0,4,334,4,0,2,6,28,0,0,520,3,1,2,273,1,1,233,1,710,573,21,98,1579,895,1779,573,1579
PIMA110,231,5,5,5,208,1,0,1,4,5,2,0,130,1,1,1,30,1,2,33,0,279,829,24,15,69,455,489,829,69
PIMA111,638,6,5,6,330,3,0,1,2,5,2,0,89,0,0,0,12,0,2,35,1,113,956,33,58,587,988,261,956,587
PIMA112,482,5,3,6,285,3,0,0,2,4,1,1,51,0,1,0,10,0,1,25,0,100,1256,17,79,1011,784,196,1256,1011
PIMA113,600,8,3,11,344,2,1,3,4,12,0,1,243,2,0,1,77,0,5,84,1,434,1074,32,100,719,968,864,1074,719
PIMA114,679,13,0,9,299,3,0,0,2,2,0,1,33,0,0,0,12,1,1,17,0,57,151,10,42,195,1003,126,151,195
PIMA115,0,0,0,0,0,0,0,0,0,0,0,0,0,0,0,0,0,0,0,0,0,0,1226,24,103,1490,0,0,1226,1490
PIMA116,43,1,1,1,27,1,0,0,0,2,0,0,10,0,0,0,4,0,1,10,0,43,1438,54,99,1264,74,70,1438,1264
PIMA117,8,0,0,0,6,0,0,0,0,0,0,0,9,0,0,0,2,0,0,3,0,38,1043,31,76,674,14,52,1043,674
PIMA118,0,0,0,0,0,0,0,0,0,0,0,0,0,0,0,0,0,0,0,0,0,0,1309,31,82,873,0,0,1309,873
PIMA119,19,0,1,0,9,0,0,0,0,0,0,0,14,0,0,0,2,0,0,4,0,14,835,34,89,587,29,34,835,587
PIMA12,592,3,4,5,404,3,0,1,8,37,5,1,659,2,2,3,254,2,2,262,0,860,1688,28,115,1833,1011,2097,1688,1833
PIMA120,0,0,0,0,0,0,0,0,0,0,0,0,0,0,0,0,0,0,0,0,0,0,1123,45,81,851,0,0,1123,851
PIMA121,234,0,1,3,137,7,0,3,8,7,0,0,94,2,1,2,67,0,2,67,1,253,712,22,53,651,382,504,712,651
PIMA122,0,0,0,0,0,0,0,0,0,0,0,0,0,0,0,0,0,0,0,0,0,0,764,22,68,660,0,0,764,660
PIMA123,0,0,0,0,0,0,0,0,0,0,0,0,0,0,0,0,0,0,0,0,0,0,1487,48,160,1200,0,0,1487,1200
PIMA124,0,0,0,0,0,0,0,0,0,0,0,0,0,0,0,0,0,0,0,0,0,0,524,15,46,518,0,0,524,518
PIMA125,507,0,1,5,447,3,0,2,4,13,1,1,158,1,0,2,90,0,3,82,2,278,783,11,47,694,963,635,783,694
PIMA126,0,0,0,0,0,0,0,0,0,0,0,0,0,0,0,0,0,0,0,0,0,0,524,20,42,619,0,0,524,619
PIMA127,1,0,0,0,4,0,0,0,0,0,0,0,3,0,0,0,2,0,0,0,0,0,1804,23,158,2797,5,5,1804,2797
PIMA128,795,3,3,15,311,6,0,0,9,32,2,0,331,9,1,2,278,2,3,310,2,784,850,31,74,753,1133,1765,850,753
PIMA129,0,0,0,0,0,0,0,0,0,0,0,0,0,0,0,0,0,0,0,0,0,0,792,27,55,644,0,0,792,644
PIMA13,247,1,0,1,132,0,0,0,0,17,0,0,183,0,0,0,110,0,0,73,0,252,1038,36,96,1004,381,635,1038,1004
PIMA130,0,0,0,0,0,0,0,0,0,0,0,0,0,0,0,0,0,0,0,0,0,0,1126,26,93,1191,0,0,1126,1191
PIMA131,0,0,0,0,0,0,0,0,0,0,0,0,0,0,0,0,0,0,0,0,0,0,734,14,46,812,0,0,734,812
PIMA132,0,0,0,0,0,0,0,0,0,0,0,0,0,0,0,0,0,0,0,0,0,0,1082,27,96,1024,0,0,1082,1024
PIMA133,0,0,0,0,0,0,0,0,0,0,0,0,0,0,0,0,0,0,0,0,0,0,1124,45,120,1098,0,0,1124,1098
PIMA134,11,0,0,0,30,0,0,1,0,3,0,0,20,0,0,1,6,0,0,11,0,22,694,18,80,757,41,63,694,757
PIMA135,0,0,0,0,0,0,0,0,0,0,0,0,0,0,0,0,0,0,0,0,0,0,152,1,3,13,0,0,152,13
PIMA136,0,0,0,0,0,0,0,0,0,0,0,0,0,0,0,0,0,0,0,0,0,0,87,2,2,8,0,0,87,8
PIMA137,0,0,0,0,0,0,0,0,0,0,0,0,0,0,0,0,0,0,0,0,0,0,94,4,2,3,0,0,94,3
PIMA138,0,0,0,0,0,0,0,0,0,0,0,0,0,0,0,0,0,0,0,0,0,0,318,6,3,11,0,0,318,11
PIMA139,0,0,0,0,0,0,0,0,0,0,0,0,0,0,0,0,0,0,0,0,0,0,222,2,13,121,0,0,222,121
PIMA14,161,0,1,5,142,1,0,0,1,16,2,1,265,2,0,1,37,0,5,58,0,427,1155,19,130,1315,310,815,1155,1315
PIMA140,15,0,0,1,7,0,0,0,0,6,0,0,25,0,0,0,5,0,0,7,0,52,217,4,18,264,23,95,217,264
PIMA141,0,0,0,0,0,0,0,0,0,0,0,0,0,0,0,0,0,0,0,0,0,0,1552,19,101,1651,0,0,1552,1651
PIMA142,48,1,0,0,31,0,0,0,1,2,0,0,20,1,0,0,3,0,0,11,0,30,993,33,121,1169,80,68,993,1169
PIMA143,0,0,0,0,0,0,0,0,0,0,0,0,0,0,0,0,0,0,0,0,0,0,579,30,12,44,0,0,579,44
PIMA144,0,0,0,0,0,0,0,0,0,0,0,0,0,0,0,0,0,0,0,0,0,0,1200,34,62,466,0,0,1200,466
PIMA145,0,0,0,0,0,0,0,0,0,0,0,0,0,0,0,0,0,0,0,0,0,0,1903,23,104,2071,0,0,1903,2071
PIMA146,197,2,0,3,113,0,0,0,0,6,0,0,154,0,0,0,56,0,0,49,0,231,922,25,79,777,315,496,922,777
PIMA147,0,0,0,0,0,0,0,0,0,0,0,0,0,0,0,0,0,0,0,0,0,0,705,25,82,857,0,0,705,857
PIMA148,26,0,0,1,18,1,0,0,0,5,1,1,38,0,0,0,3,0,0,13,0,57,850,24,64,765,46,118,850,765
PIMA149,0,0,0,0,0,0,0,0,0,0,0,0,0,0,0,0,0,0,0,0,0,0,896,15,57,666,0,0,896,666
PIMA15,380,8,4,7,357,3,0,1,4,24,2,0,236,0,0,4,73,0,4,70,1,372,444,13,45,571,759,790,444,571
PIMA150,0,0,0,0,0,0,0,0,0,0,0,0,0,0,0,0,0,0,0,0,0,0,184,9,19,192,0,0,184,192
PIMA151,0,0,0,0,0,0,0,0,0,0,0,0,0,0,0,0,0,0,0,0,0,0,436,4,21,247,0,0,436,247
PIMA152,132,0,0,4,79,0,0,0,1,5,0,0,67,0,0,1,10,0,3,23,0,81,474,10,15,110,215,191,474,110
PIMA153,0,0,0,0,0,0,0,0,0,0,0,0,0,0,0,0,0,0,0,0,0,0,1586,46,84,717,0,0,1586,717
PIMA154,4,0,0,0,8,1,0,0,1,0,1,0,8,0,0,0,9,0,0,6,0,18,690,36,46,229,13,43,690,229
PIMA155,10,1,0,0,14,0,0,0,2,1,0,0,6,0,0,0,2,0,0,1,0,10,623,12,20,204,25,22,623,204
PIMA156,4,0,0,1,11,0,0,0,0,2,0,0,8,0,0,0,5,0,0,1,0,12,654,28,60,613,16,28,654,613
PIMA157,43,1,0,2,69,1,0,0,0,3,0,0,23,0,0,1,5,0,0,6,1,53,1292,24,44,347,116,92,1292,347
PIMA158,35,0,0,0,27,1,0,1,0,2,0,0,22,0,0,0,2,0,0,16,0,53,925,11,45,560,63,95,925,560
PIMA159,0,0,0,0,0,0,0,0,0,0,0,0,0,0,0,0,0,0,0,0,0,0,1805,44,51,364,0,0,1805,364
PIMA16,574,4,6,6,440,4,0,4,14,29,2,1,456,1,1,4,153,0,4,170,1,739,1757,33,94,786,1034,1575,1757,786
PIMA160,53,1,0,2,36,1,0,0,1,1,0,0,11,0,1,0,4,0,1,6,0,26,831,8,28,98,93,51,831,98
PIMA161,0,0,0,0,0,0,0,0,0,0,0,0,0,0,0,0,0,0,0,0,0,0,265,3,25,399,0,0,265,399
PIMA162,0,0,0,0,0,0,0,0,0,0,0,0,0,0,0,0,0,0,0,0,0,0,760,14,50,486,0,0,760,486
PIMA163,0,0,0,0,0,0,0,0,0,0,0,0,0,0,0,0,0,0,0,0,0,0,946,14,60,698,0,0,946,698
PIMA164,0,0,0,0,0,0,0,0,0,0,0,0,0,0,0,0,0,0,0,0,0,0,1287,39,65,357,0,0,1287,357
PIMA165,82,1,0,0,39,0,0,0,1,9,0,0,27,0,0,0,13,0,0,21,0,107,67,5,11,174,122,178,67,174
PIMA166,447,9,1,3,250,1,0,0,3,5,0,0,77,0,0,1,11,0,1,25,1,100,1482,74,106,349,711,224,1482,349
PIMA167,0,0,0,0,0,0,0,0,1,0,0,0,0,0,0,0,0,0,0,0,0,0,928,32,46,229,0,1,928,229
PIMA168,0,0,0,0,0,0,0,0,0,0,0,0,1,0,0,0,0,0,0,0,0,0,250,8,9,348,0,1,250,348
PIMA169,17,2,0,1,15,0,0,0,0,7,0,0,67,1,0,0,10,0,0,4,0,74,1246,29,86,1504,35,163,1246,1504
PIMA17,673,4,1,10,795,3,0,4,7,14,0,0,168,3,2,3,85,0,1,55,3,223,1002,37,42,232,1486,564,1002,232
PIMA170,0,0,0,0,0,0,0,0,0,0,0,0,0,0,0,0,0,0,0,0,0,0,1103,20,51,599,0,0,1103,599
PIMA171,0,0,0,0,0,0,0,0,0,0,0,0,0,0,0,0,0,0,0,0,0,0,1148,18,68,991,0,0,1148,991
PIMA172,0,0,0,0,0,0,0,0,0,0,0,0,0,0,0,0,0,0,0,0,0,0,962,19,81,1297,0,0,962,1297
PIMA173,0,0,0,0,0,0,0,0,0,0,0,0,0,0,0,0,0,0,0,0,0,0,978,19,96,1133,0,0,978,1133
PIMA174,50,1,0,0,39,1,0,0,0,0,0,0,7,0,0,0,1,0,0,2,0,7,1349,32,122,935,91,17,1349,935
PIMA175,0,0,0,0,0,0,0,0,0,0,0,0,0,0,0,0,0,0,0,0,0,0,21,1,4,100,0,0,21,100
PIMA18,579,5,1,9,478,7,0,2,11,32,0,1,359,3,0,2,159,0,3,121,1,531,1283,42,41,199,1079,1223,1283,199
PIMA19,600,11,9,9,499,7,0,4,8,47,2,0,278,0,0,5,71,0,4,94,1,560,136,7,25,181,1135,1070,136,181
PIMA2,718,3,3,9,499,3,0,2,12,41,4,0,441,5,1,2,239,1,6,199,1,753,51,4,6,59,1235,1705,51,59
PIMA20,610,7,3,9,387,3,0,1,4,53,5,0,374,5,0,2,173,0,8,172,0,712,1401,43,48,293,1019,1508,1401,293
PIMA21,621,3,4,5,382,4,0,4,11,35,2,0,362,1,1,0,177,1,2,157,0,564,1199,31,72,1013,1019,1313,1199,1013
PIMA22,598,7,7,9,527,2,0,1,6,42,5,1,556,9,3,2,151,2,5,141,3,691,1591,30,66,596,1150,1617,1591,596
PIMA23,710,10,8,8,532,10,1,2,10,37,2,1,300,3,2,6,86,1,7,121,2,540,1553,33,61,553,1278,1118,1553,553
PIMA24,289,2,0,6,243,1,1,0,3,25,0,0,399,0,1,3,82,1,4,97,2,426,624,17,54,843,541,1043,624,843
PIMA25,937,4,5,24,385,1,0,1,13,39,7,0,358,7,3,4,277,1,3,287,2,761,1348,25,32,178,1356,1762,1348,178
PIMA26,225,2,1,2,182,2,2,0,3,11,2,0,135,2,1,5,41,0,0,56,0,197,1382,29,26,236,414,453,1382,236
PIMA27,401,5,2,6,336,3,0,1,5,20,1,2,188,2,1,2,42,0,5,38,2,235,0,0,0,0,753,543,0,0
PIMA28,336,1,2,5,284,0,1,3,5,11,1,0,69,2,0,0,16,0,1,25,0,100,802,18,18,148,628,230,802,148
PIMA29,553,2,1,8,432,4,1,3,12,21,1,0,293,1,1,3,139,0,1,131,2,388,1220,30,108,1299,1000,993,1220,1299
PIMA3,446,3,0,5,317,1,0,0,3,22,2,0,385,1,1,1,92,1,3,106,2,461,167,5,3,5,772,1080,167,5
PIMA30,686,8,8,14,482,10,1,2,10,24,1,0,294,3,2,7,66,1,6,93,0,484,1387,41,96,943,1208,991,1387,943
PIMA31,606,6,1,3,465,0,1,0,9,49,3,0,448,5,1,4,161,3,7,181,0,543,604,14,48,638,1081,1414,604,638
PIMA32,595,3,0,6,339,0,0,2,5,13,2,0,254,9,0,2,244,0,1,150,1,478,1618,61,133,1393,943,1159,1618,1393
PIMA33,631,6,6,15,630,6,2,4,10,19,7,1,213,2,3,4,56,2,2,66,3,319,1051,14,52,491,1294,707,1051,491
PIMA34,660,6,6,10,508,4,0,1,8,50,0,1,463,1,1,1,145,0,6,151,1,540,506,17,43,370,1194,1368,506,370
PIMA35,441,0,1,2,513,1,1,4,3,7,1,0,56,0,1,0,49,1,0,24,0,73,241,5,19,240,958,215,241,240
PIMA36,985,3,4,5,986,3,1,12,3,12,2,2,116,1,0,0,73,0,2,53,1,147,1432,51,96,796,1986,412,1432,796
PIMA37,586,2,4,2,391,6,0,1,8,36,4,0,327,3,2,1,97,1,8,110,1,509,603,25,23,128,991,1107,603,128
PIMA38,629,2,5,10,421,2,0,1,7,34,2,0,564,3,0,7,249,1,0,186,0,854,884,42,67,464,1069,1907,884,464
PIMA39,807,5,4,4,585,4,0,4,6,17,1,0,184,4,3,0,138,0,3,109,1,233,1095,21,90,1469,1409,699,1095,1469
PIMA4,417,4,2,7,315,5,0,1,11,33,1,0,345,3,1,4,72,0,7,108,0,514,597,23,17,59,750,1099,597,59
PIMA40,247,3,4,3,386,4,0,4,4,3,0,1,85,1,0,1,20,0,2,12,0,136,832,25,102,1107,647,265,832,1107
PIMA41,733,7,8,16,629,13,2,3,13,31,3,2,300,0,1,2,92,0,4,126,0,493,2007,53,127,1075,1406,1067,2007,1075
PIMA42,497,4,1,4,291,0,2,5,9,9,4,0,172,1,0,0,146,0,2,88,0,278,1775,79,105,385,797,709,1775,385
PIMA43,410,6,3,0,372,2,1,2,4,10,0,1,121,1,0,0,57,0,1,38,1,154,619,27,29,143,793,388,619,143
PIMA44,957,6,0,12,942,1,2,6,4,18,4,0,220,2,1,0,149,1,7,114,1,360,1092,63,50,204,1918,881,1092,204
PIMA45,690,5,2,8,467,5,0,1,7,30,6,0,302,2,1,1,131,0,4,166,0,380,1049,40,26,116,1177,1030,1049,116
PIMA46,298,6,1,2,495,2,3,10,1,5,0,0,57,3,1,2,18,0,1,18,0,66,311,7,29,461,804,172,311,461
PIMA47,298,3,4,10,223,2,0,1,3,22,1,0,197,2,1,1,61,0,6,54,1,285,1409,32,33,221,540,634,1409,221
PIMA48,494,6,4,17,376,4,0,1,9,32,2,0,698,2,0,2,154,1,8,222,2,883,954,23,44,375,901,2015,954,375
PIMA49,1092,4,2,10,621,3,0,1,5,20,5,0,381,2,1,3,306,0,4,226,1,552,429,16,61,612,1732,1506,429,612
PIMA5,212,1,3,4,199,1,0,0,3,15,2,0,204,0,0,0,65,0,3,35,1,215,722,52,130,1789,420,543,722,1789
PIMA50,372,6,3,8,353,2,0,0,4,27,2,1,257,0,0,2,63,1,4,87,1,297,1140,15,29,197,744,746,1140,197
PIMA51,754,6,9,17,559,7,0,0,11,43,7,1,290,5,2,2,134,1,3,164,1,481,863,7,28,146,1352,1145,863,146
PIMA52,566,2,8,2,434,5,1,2,4,7,0,0,74,1,0,2,14,0,1,20,0,127,1006,18,26,179,1017,250,1006,179
PIMA53,422,2,0,4,163,2,1,1,7,22,1,0,266,3,0,0,172,0,2,172,1,540,2196,44,77,529,593,1186,2196,529
PIMA54,864,2,3,5,443,2,0,0,8,30,3,0,412,6,2,1,342,2,3,260,0,621,1958,48,131,974,1319,1690,1958,974
PIMA55,360,2,2,4,281,1,0,0,8,23,1,0,182,3,0,1,63,0,1,71,0,312,600,24,42,326,650,665,600,326
PIMA56,300,3,1,1,253,1,0,0,5,19,0,0,314,2,0,2,70,0,0,95,4,322,1319,26,59,627,559,833,1319,627
PIMA57,365,4,1,5,216,5,0,1,1,17,1,0,251,1,1,0,57,0,3,75,4,319,1661,65,90,592,596,730,1661,592
PIMA58,712,7,4,10,470,7,0,5,10,33,2,0,466,4,0,2,181,0,1,167,1,660,1403,60,92,416,1210,1527,1403,416
PIMA59,662,4,1,8,960,5,1,6,7,17,0,0,147,1,0,0,43,0,3,44,1,203,913,10,27,263,1640,466,913,263
PIMA6,603,0,2,8,426,1,0,1,9,31,0,0,537,4,1,4,257,0,6,210,0,651,1217,44,192,1982,1040,1710,1217,1982
PIMA60,369,6,0,6,579,2,3,9,3,7,1,1,74,1,2,3,21,1,4,26,0,102,473,17,44,530,962,246,473,530
PIMA61,762,1,5,8,1064,2,0,9,8,17,3,2,169,2,2,1,100,0,5,52,0,237,958,9,55,641,1842,598,958,641
PIMA62,517,6,4,10,528,5,0,3,5,17,1,0,172,3,2,3,76,0,4,75,1,289,896,43,47,193,1070,648,896,193
PIMA63,545,2,2,8,677,1,1,10,2,8,1,1,105,1,0,1,56,0,2,30,1,171,888,14,42,203,1235,379,888,203
PIMA64,591,4,2,5,398,2,0,0,12,26,4,0,352,2,2,1,177,1,5,158,2,476,1064,28,50,139,1002,1218,1064,139
PIMA65,441,0,3,5,303,3,0,0,14,21,1,1,219,5,0,6,76,0,5,86,1,283,9,0,0,11,755,718,9,11
PIMA66,1051,3,1,10,576,7,1,2,12,23,4,1,390,7,1,0,293,2,6,238,1,593,1218,29,50,222,1648,1571,1218,222
PIMA67,776,5,2,4,723,6,1,6,7,25,2,1,315,1,1,4,193,1,6,131,0,469,1117,50,78,450,1516,1156,1117,450
PIMA68,329,3,0,9,309,8,0,0,4,28,5,1,436,3,0,4,98,0,4,126,0,674,1320,43,74,416,658,1383,1320,416
PIMA69,522,6,0,8,338,1,0,2,12,34,2,1,497,5,0,0,256,1,9,206,0,701,1785,51,132,1372,875,1724,1785,1372
PIMA7,318,5,2,2,253,1,0,1,9,20,2,1,277,0,0,1,83,1,1,98,0,337,35,2,7,43,581,830,35,43
PIMA70,602,4,0,10,489,3,1,3,12,43,7,1,376,2,0,4,150,0,4,154,2,530,630,34,70,925,1108,1285,630,925
PIMA71,342,1,2,4,223,3,0,0,3,10,1,0,227,2,0,0,123,0,1,83,0,377,114,1,4,9,575,827,114,9
PIMA72,612,4,6,3,432,3,0,2,7,27,1,0,286,5,1,2,135,0,4,120,0,364,1637,69,100,610,1060,952,1637,610
PIMA73,876,5,5,5,833,6,0,5,12,26,2,0,236,5,0,2,101,0,5,110,1,350,1691,50,71,353,1730,850,1691,353
PIMA74,918,4,4,7,558,5,0,3,7,27,2,0,324,3,3,1,284,0,5,236,2,655,787,15,41,804,1496,1549,787,804
PIMA75,372,2,4,10,250,4,0,2,7,35,1,0,312,1,0,3,81,0,1,112,0,480,1513,81,69,445,642,1033,1513,445
PIMA76,615,8,1,5,423,0,0,1,5,15,1,0,190,0,2,1,40,0,2,66,0,305,222,6,2,15,1052,627,222,15
PIMA77,197,5,3,8,90,8,0,2,3,11,0,0,58,0,0,1,13,0,0,8,1,93,865,17,87,1076,311,188,865,1076
PIMA78,610,5,0,1,227,2,0,0,3,2,0,0,25,0,0,0,2,0,0,11,0,31,1141,15,27,207,845,74,1141,207
PIMA79,506,8,0,0,790,0,2,5,1,1,0,0,28,0,0,0,21,0,1,16,0,31,943,23,129,1292,1304,99,943,1292
PIMA8,569,1,2,11,378,4,0,0,7,28,3,1,424,4,1,2,146,2,0,154,1,572,195,15,14,175,965,1345,195,175
PIMA80,54,2,1,1,36,2,0,0,0,0,0,0,0,0,0,0,0,0,0,0,0,1,1195,45,47,320,96,1,1195,320
PIMA81,27,0,0,0,13,0,0,0,0,0,0,0,4,0,0,0,0,0,0,1,0,0,350,11,34,460,40,5,350,460
PIMA82,717,4,4,4,542,1,0,5,10,14,0,1,195,3,2,1,87,0,3,83,0,243,1255,39,53,306,1272,642,1255,306
PIMA83,600,16,3,2,234,3,1,0,2,3,1,0,29,0,1,0,5,0,1,12,2,47,435,12,49,795,858,103,435,795
PIMA84,552,6,1,5,397,1,1,7,1,3,0,0,29,1,0,0,10,0,1,17,0,42,1332,29,118,1961,962,104,1332,1961
PIMA85,386,1,2,4,959,4,2,6,3,7,0,0,48,0,1,0,25,0,3,14,0,95,670,19,56,403,1356,196,670,403
PIMA86,1068,9,4,1,753,2,0,4,7,15,0,2,127,3,0,1,37,0,3,44,0,175,1852,61,73,585,1837,414,1852,585
PIMA87,621,9,0,1,302,2,0,4,0,1,1,0,46,2,0,0,13,0,1,23,1,61,318,9,14,116,935,149,318,116
PIMA88,85,0,0,1,34,0,0,0,1,0,0,0,1,0,0,2,0,0,0,0,1,0,1238,18,65,928,120,5,1238,928
PIMA89,27,0,1,0,15,0,0,0,0,0,0,0,1,0,0,0,1,0,0,0,0,0,1438,44,87,628,43,2,1438,628
PIMA9,505,1,1,6,265,2,0,0,12,23,1,0,409,6,0,2,231,0,1,219,0,727,1099,29,68,827,780,1631,1099,827
PIMA90,23,0,0,0,9,0,0,0,0,0,0,0,2,0,0,0,0,0,0,2,0,0,434,12,75,656,32,4,434,656
PIMA91,620,7,2,4,337,4,0,2,6,10,0,0,98,0,0,2,11,0,2,26,1,122,1298,78,81,560,974,278,1298,560
PIMA92,451,1,0,4,202,0,0,0,1,1,0,0,18,1,1,0,5,0,0,15,0,33,1444,25,117,943,658,75,1444,943
PIMA93,465,11,1,1,291,3,0,1,8,18,0,1,102,0,1,0,20,0,1,49,0,180,1103,29,45,368,772,380,1103,368
PIMA94,112,2,0,1,116,2,0,0,1,9,1,0,97,2,1,0,9,0,1,16,0,212,1268,33,59,403,233,349,1268,403
PIMA95,860,8,2,8,715,8,2,6,1,15,2,0,162,1,1,1,66,0,3,70,1,233,400,19,60,569,1601,556,400,569
PIMA96,749,9,2,2,407,3,0,1,9,13,3,0,98,0,0,3,25,0,0,49,1,183,1277,42,74,481,1172,384,1277,481
PIMA97,681,12,5,11,472,2,0,3,5,14,1,0,205,1,0,0,44,0,1,81,2,323,984,28,52,329,1183,677,984,329
PIMA98,677,10,1,4,274,5,0,0,5,2,0,0,53,0,1,0,3,0,0,23,2,61,1285,54,88,508,971,150,1285,508
PIMA99,491,5,0,4,787,0,1,7,4,4,1,0,56,2,3,1,39,0,2,22,0,91,1243,14,59,473,1287,225,1243,473
PINAL0 DESERT CEDARS,103,2,1,1,87,0,0,0,0,8,1,0,78,1,0,1,16,0,0,18,0,100,57,2,4,62,194,223,57,62
PINAL1 ALTERRA NORTH,109,1,0,1,103,0,0,1,0,4,0,0,88,0,0,0,11,0,0,31,1,135,70,2,7,67,214,270,70,67
PINAL2 MARICOPA WELLS,151,3,3,2,103,1,0,0,1,10,0,0,113,1,0,2,17,1,2,24,0,163,70,2,8,95,263,334,70,95
PINAL3 SAN CARLOS COMMUNITY,0,0,0,0,0,0,0,0,0,0,0,0,0,0,0,0,0,0,0,0,0,0,0,0,0,0,0,0,0,0
PINAL4 PICACHO SOUTH,18,0,0,0,8,0,0,0,0,0,0,0,7,0,0,0,4,0,0,5,0,13,5,0,0,8,26,29,5,8
PINAL5 TOLTEC SOUTHWEST,5,0,0,0,6,0,0,0,1,0,0,0,5,0,0,0,0,0,0,0,0,4,3,0,0,2,11,10,3,2
PINALAK CHIN COMMUNITY,44,0,0,0,23,0,0,0,1,0,0,0,2,0,1,0,0,0,0,1,0,3,18,0,0,2,67,8,18,2
PINALAPACHE JCT CENTRAL,128,4,2,2,68,2,0,0,1,7,1,0,65,0,0,1,17,0,2,13,0,162,43,2,6,75,206,269,43,75
PINALAPACHE JCT EAST,108,0,1,3,78,3,0,0,4,9,0,0,116,1,0,0,44,0,1,35,0,224,40,0,5,89,193,434,40,89
PINALAPACHE JCT NE,106,2,1,3,80,3,0,0,2,5,0,0,122,1,0,2,23,0,2,19,0,266,37,1,6,106,195,442,37,106
PINALAPACHE JCT NW,87,4,1,2,49,2,0,1,2,13,0,0,56,0,0,0,9,0,3,7,0,146,32,1,4,59,145,236,32,59
PINALAPACHE JCT SE,128,2,3,4,117,3,1,1,3,8,2,1,119,0,0,4,35,0,0,22,0,237,52,3,7,110,257,431,52,110
PINALAPACHE JCT SUPERSTITION,200,1,0,4,70,3,0,0,9,15,0,0,66,1,2,2,21,0,1,36,0,202,62,1,6,96,278,355,62,96
PINALAPACHE JCT SW,171,5,3,5,79,1,0,0,4,11,0,0,82,0,1,2,32,0,4,30,1,225,53,2,6,101,264,392,53,101
PINALAPACHE JUNCTION,145,3,3,2,115,1,0,0,2,8,0,0,118,0,1,1,20,0,0,32,0,320,32,0,4,74,269,502,32,74
PINALAPACHE JUNCTION N. CENTRA,151,4,1,3,121,0,0,0,0,7,1,0,168,0,2,0,38,1,2,34,0,347,56,1,5,120,280,600,56,120
PINALAPACHE JUNCTION NORTH,126,1,1,2,77,1,1,0,2,6,1,0,62,0,0,2,15,0,0,15,1,182,37,1,4,85,208,286,37,85
PINALAPACHE JUNCTION SOUTH,170,3,0,3,78,1,0,0,1,13,1,1,98,0,2,1,39,0,1,36,1,257,54,3,7,108,255,451,54,108
PINALARIZONA CITY,189,2,1,2,126,1,0,0,4,19,1,0,132,2,0,3,21,0,2,46,1,332,46,1,4,83,321,563,46,83
PINALBELLA VISTA,52,0,0,0,44,0,0,0,0,4,2,0,72,0,0,0,14,0,2,12,0,98,36,1,5,63,96,204,36,63
PINALBLACKWATER,54,0,0,0,32,0,0,0,1,0,0,0,4,1,0,0,1,0,0,0,0,3,28,0,0,3,86,10,28,3
PINALCACTUS FOREST,72,1,0,0,58,3,0,0,1,2,0,0,73,0,1,2,11,0,4,8,0,184,20,1,2,67,134,286,20,67
PINALCASA BLANCA,51,0,0,0,27,0,0,0,1,1,0,0,2,1,0,0,0,0,0,1,0,4,30,0,1,3,78,10,30,3
PINALCASA GRANDE INTERCHANGE,167,5,1,0,82,1,0,0,3,9,0,1,101,0,0,1,42,0,0,37,0,213,57,0,4,93,256,407,57,93
PINALCASA GRANDE NE,127,0,0,3,73,0,0,0,0,6,0,0,100,0,0,0,15,0,0,26,1,153,52,1,4,69,203,301,52,69
PINALCASA GRANDE NORTH,294,7,3,5,187,4,0,0,3,18,3,0,105,1,1,4,55,0,2,47,0,239,51,3,4,55,500,478,51,55
PINALCASA GRANDE NW,221,3,2,3,116,5,0,0,4,8,1,1,120,2,0,5,44,0,3,63,0,227,76,1,8,107,350,478,76,107
PINALCASA GRANDE RANCHO GRANDE,128,1,0,3,84,1,0,0,3,11,0,1,105,2,0,0,34,0,1,39,0,176,57,1,7,98,217,372,57,98
PINALCASA GRANDE S CEN,319,5,7,13,157,3,0,0,5,7,0,0,113,0,0,1,23,0,1,23,0,180,55,1,5,61,504,353,55,61
PINALCASA GRANDE SW,159,5,0,4,77,0,0,0,3,6,0,0,67,1,1,0,16,0,2,8,0,143,34,0,2,40,245,247,34,40
PINALCASA GRANDE WEST,138,2,0,5,84,2,0,0,6,6,0,0,82,0,0,2,15,0,1,24,1,182,57,1,7,79,231,319,57,79
PINALCENTRAL ARIZONA COLLEGE,59,3,2,1,39,1,0,0,4,0,0,0,54,1,0,1,12,0,0,16,0,111,19,0,2,43,105,199,19,43
PINALCHUI CHU,34,0,0,0,14,0,0,0,0,0,0,0,1,0,0,0,0,0,0,1,0,1,11,0,0,0,48,3,11,0
PINALCIRCLE CROSS RANCH,137,1,0,1,111,1,0,1,11,9,2,0,161,1,1,3,28,1,2,32,0,217,74,3,10,119,251,468,74,119
PINALCOOLIDGE NE,101,3,1,3,56,6,0,0,3,3,1,0,34,0,0,1,5,0,0,6,0,56,31,1,3,30,170,109,31,30
PINALCOOLIDGE NW,170,6,2,12,136,3,0,0,4,19,0,1,102,1,0,1,21,0,0,26,0,204,69,1,8,91,329,379,69,91
PINALCOOLIDGE SOUTH,173,4,3,0,118,6,0,1,1,12,0,0,72,0,0,0,12,0,0,23,0,137,40,1,3,40,304,257,40,40
PINALCOPPER BASIN,174,2,1,5,110,0,0,0,4,9,2,0,167,2,0,4,23,0,1,46,0,294,45,3,7,83,292,552,45,83
PINALCOYOTE RANCH,167,1,3,3,159,2,0,0,8,8,2,0,153,0,0,2,49,1,1,50,1,291,73,2,8,110,335,566,73,110
PINALDUDLEYVILLE,141,3,3,3,46,3,0,0,1,3,0,0,19,0,0,0,2,0,0,2,0,35,24,0,0,15,199,62,24,15
PINALEL DORADO,122,1,0,0,81,0,0,0,0,6,1,0,88,0,0,0,19,0,0,30,1,172,68,3,7,74,204,317,68,74
PINALELEVEN MILE CORNER,34,2,4,0,32,1,0,0,1,2,0,0,36,1,0,0,8,0,3,5,0,83,13,0,2,36,73,139,13,36
PINALELOY,295,7,4,1,61,1,0,0,0,4,0,0,20,0,0,0,4,0,0,11,0,28,40,0,1,10,369,67,40,10
PINALFLORENCE NORTH,299,11,6,12,165,8,0,0,5,18,2,0,127,0,0,2,28,1,3,29,0,257,38,0,3,63,501,472,38,63
PINALGOLD CANYON,232,0,3,5,137,3,0,2,5,18,0,0,194,0,1,0,82,1,0,76,0,405,53,1,4,98,380,782,53,98
PINALHIDDEN VALLEY,72,4,0,1,45,0,0,0,3,2,1,0,60,0,0,0,7,0,1,12,0,121,27,0,2,47,122,207,27,47
PINALIRONWOOD COMMON,208,2,1,1,95,2,0,0,3,5,1,0,106,0,0,0,52,0,1,51,0,211,69,1,6,91,309,430,69,91
PINALIRONWOOD CROSSING,200,4,2,3,114,1,0,0,5,24,1,0,341,0,1,1,48,0,1,85,1,440,96,2,15,237,324,948,96,237
PINALJOHNSON RANCH,160,2,0,2,109,1,0,0,1,7,0,0,161,2,1,1,55,0,2,38,0,306,71,2,5,127,274,574,71,127
PINALJOHNSON RANCH EAST,89,2,1,0,85,1,0,1,2,8,0,0,97,1,0,1,9,0,3,9,2,132,50,1,7,77,178,264,50,77
PINALKEARNY,201,7,8,4,145,11,0,1,3,5,0,0,44,0,0,4,19,0,1,7,0,99,39,0,4,52,376,182,39,52
PINALLINKS ESTATES,71,3,4,0,60,0,0,1,0,5,0,0,116,0,0,1,25,0,2,18,0,145,37,2,6,73,138,312,37,73
PINALMAMMOTH,209,7,3,3,85,1,0,0,1,1,0,0,19,0,0,0,4,0,0,2,0,27,40,0,1,15,308,54,40,15
PINALMARICOPA,132,0,2,2,91,0,0,0,2,13,0,0,88,0,0,0,26,0,1,23,1,157,69,2,7,80,227,311,69,80
PINALMARICOPA FIESTA,142,1,0,0,96,0,0,0,3,9,0,0,142,0,0,0,24,0,1,37,0,185,72,1,7,99,239,401,72,99
PINALMARICOPA MEADOWS,170,2,0,0,104,1,0,0,1,8,1,0,119,0,0,1,25,0,1,27,0,188,70,3,8,85,277,371,70,85
PINALMISSION VALLEY,127,3,2,4,66,0,0,1,3,7,0,0,100,1,1,1,23,0,2,35,0,187,52,1,5,81,202,360,52,81
PINALMOUNTAINBROOK VILLAGE,148,0,0,2,31,0,0,0,2,6,1,1,108,1,1,1,107,0,0,52,2,280,46,0,2,82,181,562,46,82
PINALORACLE,374,4,4,5,241,2,1,1,0,8,2,0,183,1,0,0,64,0,0,51,2,299,65,1,3,79,630,610,65,79
PINALPECAN CREEK NORTH,92,2,2,2,83,0,0,1,7,16,1,0,166,1,0,1,17,0,10,36,0,191,51,2,10,112,181,446,51,112
PINALPERALTA,68,0,0,0,41,0,1,1,0,5,0,0,45,1,0,0,37,0,0,12,0,149,24,1,2,46,109,249,24,46
PINALPICACHO,21,0,1,0,3,1,0,0,0,2,0,0,14,0,0,0,3,0,0,3,0,24,6,0,0,12,26,46,6,12
PINALPOSTON BUTTE,286,2,2,4,183,1,0,0,6,12,1,0,220,2,0,2,69,1,4,83,0,491,123,4,12,237,478,891,123,237
PINALPROVINCE,345,3,0,3,155,1,0,1,2,8,0,0,178,2,0,2,52,2,4,92,0,369,125,2,9,158,507,711,125,158
PINALQUAIL HOLLOW,93,3,1,5,79,0,0,0,3,17,2,0,172,1,0,4,21,0,1,37,0,266,54,1,9,133,181,524,54,133
PINALQUEEN CREEK,134,0,1,1,85,2,0,0,1,14,2,0,154,1,0,2,48,0,1,76,0,284,79,1,12,149,223,583,79,149
PINALQUEEN VALLEY,39,0,1,2,28,0,0,0,2,4,0,0,31,0,0,1,14,0,0,10,0,77,10,0,0,26,70,139,10,26
PINALRED ROCK,78,0,0,1,75,2,0,1,2,7,0,0,112,0,0,0,15,0,3,11,1,209,30,1,5,85,156,360,30,85
PINALSACATON,71,2,0,0,26,1,0,0,1,0,0,0,4,0,0,0,0,0,0,1,0,4,36,1,0,4,100,10,36,4
PINALSAN MANUEL,250,7,3,12,141,7,0,0,0,8,0,0,73,0,0,1,10,0,0,12,0,122,56,1,3,62,420,226,56,62
PINALSAN TAN,59,0,0,0,27,0,0,0,0,0,0,0,4,0,0,0,2,0,0,0,0,5,29,0,0,4,86,11,29,4
PINALSAN TAN HEIGHTS,80,2,1,0,103,0,0,0,0,6,0,0,120,0,0,0,26,0,2,22,2,197,55,2,8,100,186,375,55,100
PINALSAN TAN PARK,166,4,2,0,129,0,1,0,5,17,0,0,228,2,0,1,28,0,0,56,0,333,60,2,6,97,301,670,60,97
PINALSAN TAN RANCHES,50,2,0,0,40,1,0,0,2,4,0,0,74,0,0,1,17,0,0,11,0,144,28,0,3,69,93,253,28,69
PINALSANTA ROSA,96,2,0,0,70,1,0,1,1,7,0,0,55,1,1,0,17,0,0,30,0,125,44,1,4,54,169,237,44,54
PINALSCHNEPF,80,0,0,0,71,0,0,0,2,22,0,2,185,0,1,3,17,0,2,40,1,155,37,2,8,102,151,430,37,102
PINALSENITA,103,0,0,2,80,1,0,0,1,2,1,0,95,1,0,0,14,0,6,20,0,120,62,1,5,64,186,260,62,64
PINALSKYLINE RANCH,93,0,0,2,73,1,1,1,0,13,0,1,145,2,0,1,15,0,2,28,0,168,53,1,8,96,169,375,53,96
PINALSTANFIELD,34,2,0,0,15,0,0,0,2,0,0,0,25,0,0,0,4,0,0,2,0,29,11,0,0,15,51,62,11,15
PINALSUPERIOR,275,9,3,7,139,4,0,0,0,0,0,0,26,0,0,1,9,0,1,15,0,51,66,1,3,29,437,103,66,29
PINALSUPERIOR WEST,1,0,0,0,0,0,0,0,0,0,0,0,1,0,0,0,0,0,0,0,0,9,0,0,0,2,1,10,0,2
PINALSUPERSTITION MOUNTAIN,174,1,2,1,83,4,0,0,0,7,2,1,163,2,1,0,87,0,1,85,1,350,63,1,5,122,265,700,63,122
PINALSUTTON SUMMIT,6,0,0,2,4,0,0,0,0,0,0,0,10,0,0,0,2,0,0,2,0,14,2,0,0,7,12,28,2,7
PINALTHUNDERBIRD FARMS,75,3,3,3,45,1,0,1,6,6,0,0,113,2,0,2,6,0,0,9,0,176,29,0,4,69,130,320,29,69
PINALTOLTEC,136,3,0,1,79,2,0,0,1,1,1,0,90,1,0,1,59,0,3,52,0,222,58,2,4,83,221,431,58,83
PINALTOLTEC SOUTH,115,4,1,3,87,2,0,0,2,11,0,0,114,0,0,1,16,1,0,32,0,209,41,1,4,95,212,386,41,95
PINALWALKER BUTTE,108,0,0,1,101,2,0,0,0,10,1,0,138,1,0,0,19,0,0,27,0,206,63,2,7,106,212,402,63,106
YAVAPAI201,7187,69,52,140,6265,78,6,25,202,930,42,10,10809,58,31,89,3109,13,115,2995,26,16557,2321,76,270,4006,13791,34986,2321,4006
YAVAPAI217,1667,7,11,32,1579,10,3,9,29,114,3,0,1159,15,6,9,484,4,12,391,1,1961,33,3,4,57,3306,4188,33,57
YUMA1,3773,92,48,58,1908,29,1,0,54,130,8,4,1555,7,5,14,334,1,14,505,6,1966,415,9,20,174,5908,4603,415,174
YUMA2,1620,34,21,56,971,40,0,0,32,155,7,1,1972,9,2,13,458,2,18,540,2,3531,374,7,30,283,2742,6742,374,283
